{"type":"FeatureCollection", "features": [
{"type":"Feature","geometry":{"type":"Polygon","coordinates":[[[44.15094266500006,10.320891021000023],[44.23667671700019,10.473052256000074],[44.201683045000095,10.507679939000184],[44.148620606,10.547588348000033],[44.11751174900013,10.558027268000103],[44.09608841000005,10.571867943000143],[44.07240345900016,10.59786267800007],[43.75971720000018,10.487092811000139],[43.46094131500013,10.380910872000186],[43.390939076,10.41088485900002],[43.35107421900017,10.05108642600004],[43.3308715820001,9.840881348000039],[43.370876309000096,9.80102348400004],[43.53094101000005,9.990944862000163],[43.72088623000019,10.260925293000128],[43.76092529300007,10.300903320000089],[43.82092285200014,10.290893555000139],[44.040974461000076,10.170954141000095],[44.15094266500006,10.320891021000023]]]},"properties":{"adm2_name":"Baki","adm2_name1":null,"adm2_name2":null,"adm2_name3":null,"adm2_pcode":"SO1102","adm1_name":"Awdal","adm1_name1":null,"adm1_name2":null,"adm1_name3":null,"adm1_pcode":"SO11","adm0_name":"Somalia","adm0_name1":null,"adm0_name2":null,"adm0_name3":null,"adm0_pcode":"SO","valid_on":"2025-01-08","valid_to":null,"area_sqkm":3421.07454509,"version":"v03","lang":"en","lang1":null,"lang2":null,"lang3":null,"adm2_ref_name":"Baki","center_lat":10.19423239,"center_lon":43.52042795}},
{"type":"Feature","geometry":{"type":"Polygon","coordinates":[[[43.370876309000096,9.80102348400004],[43.3308715820001,9.840881348000039],[43.35107421900017,10.05108642600004],[43.390939076,10.41088485900002],[43.370910645000095,10.530883788999972],[43.22092841600005,10.500923954000086],[42.860900879000155,10.350891113000102],[42.81750488300008,10.318298340000183],[42.83270263700007,10.277893066000104],[42.85833000000014,10.23407],[42.881286621000186,10.207092285000044],[42.963242535,10.132129634000023],[43.01068115200019,10.09149169900013],[43.01751709000018,10.080688476999967],[43.08587646500007,9.908874512000125],[43.11547851600005,9.888916016000053],[43.13813000000016,9.88630000000012],[43.149902344000054,9.899475098000096],[43.256896973000096,9.842712402000018],[43.28967285200008,9.657287598000153],[43.31091308600003,9.69110107400013],[43.370876309000096,9.80102348400004]]]},"properties":{"adm2_name":"Borama","adm2_name1":null,"adm2_name2":null,"adm2_name3":null,"adm2_pcode":"SO1101","adm1_name":"Awdal","adm1_name1":null,"adm1_name2":null,"adm1_name3":null,"adm1_pcode":"SO11","adm0_name":"Somalia","adm0_name1":null,"adm0_name2":null,"adm0_name3":null,"adm0_pcode":"SO","valid_on":"2025-01-08","valid_to":null,"area_sqkm":3086.99505324,"version":"v03","lang":"en","lang1":null,"lang2":null,"lang3":null,"adm2_ref_name":"Borama","center_lat":10.09640503,"center_lon":43.18074793}},
{"type":"Feature","geometry":{"type":"Polygon","coordinates":[[[43.390939076,10.41088485900002],[43.46094131500013,10.380910872000186],[43.75971720000018,10.487092811000139],[44.07240345900016,10.59786267800007],[43.995029449000185,10.662080765000155],[43.95672607400002,10.681274414000086],[43.857078553000065,10.767384528999969],[43.78913497899998,10.835435868000161],[43.7302474980001,10.902509689000055],[43.69778501500008,10.935185355000044],[43.35861870600013,10.789173446000063],[43.13092041000016,10.690917969000111],[43.22092841600005,10.500923954000086],[43.370910645000095,10.530883788999972],[43.390939076,10.41088485900002]]]},"properties":{"adm2_name":"Lughaye","adm2_name1":null,"adm2_name2":null,"adm2_name3":null,"adm2_pcode":"SO1103","adm1_name":"Awdal","adm1_name1":null,"adm1_name2":null,"adm1_name3":null,"adm1_pcode":"SO11","adm0_name":"Somalia","adm0_name1":null,"adm0_name2":null,"adm0_name3":null,"adm0_pcode":"SO","valid_on":"2025-01-08","valid_to":null,"area_sqkm":3337.33787467,"version":"v03","lang":"en","lang1":null,"lang2":null,"lang3":null,"adm2_ref_name":"Lughaye","center_lat":10.65553331,"center_lon":43.57543663}},
{"type":"Feature","geometry":{"type":"Polygon","coordinates":[[[43.69778501500008,10.935185355000044],[43.67446899400011,10.964579582000056],[43.625671387000125,11.044921875],[43.598594666000054,11.08231353800005],[43.565044403000115,11.147130012000162],[43.55596160900018,11.17889499600011],[43.51611328100017,11.199707031000173],[43.49606704700017,11.243608475000144],[43.493400573000145,11.290221214000155],[43.479492188000165,11.329101562000119],[43.48369598400018,11.349330902000077],[43.459716797000056,11.351318359000118],[43.43178176900011,11.367529869000123],[43.427566529000046,11.37893390700009],[43.39095306400009,11.379751205000048],[43.35428619400011,11.413670539000066],[43.33115386900005,11.426269532000049],[43.31511306800007,11.465003967000143],[43.287467957,11.47083282400007],[43.261291504000155,11.46209716800007],[43.06097935500014,11.144800867000072],[42.9680786130001,10.997497559000067],[42.910095215000126,10.913879395000038],[42.7665300000001,10.72197000000017],[42.72290039100017,10.65148925799997],[42.69296,10.62520000000012],[42.68328857400013,10.592529297000112],[42.70405,10.53896],[42.731689453000115,10.526489258000083],[42.74670410200014,10.512329101999967],[42.76312255900018,10.45672607400013],[42.79187011700003,10.404113770000095],[42.804870605000076,10.351928711000028],[42.81750488300008,10.318298340000183],[42.860900879000155,10.350891113000102],[43.22092841600005,10.500923954000086],[43.13092041000016,10.690917969000111],[43.35861870600013,10.789173446000063],[43.69778501500008,10.935185355000044]]]},"properties":{"adm2_name":"Zeylac","adm2_name1":null,"adm2_name2":null,"adm2_name3":null,"adm2_pcode":"SO1104","adm1_name":"Awdal","adm1_name1":null,"adm1_name2":null,"adm1_name3":null,"adm1_pcode":"SO11","adm0_name":"Somalia","adm0_name1":null,"adm0_name2":null,"adm0_name3":null,"adm0_pcode":"SO","valid_on":"2025-01-08","valid_to":null,"area_sqkm":6039.34819175,"version":"v03","lang":"en","lang1":null,"lang2":null,"lang3":null,"adm2_ref_name":"Zeylac","center_lat":10.90276527,"center_lon":43.26187596}},
{"type":"Feature","geometry":{"type":"Polygon","coordinates":[[[44.5921196430001,4.934772617000135],[44.09203154200014,4.956994394000162],[44.015140000000144,4.960440000000119],[43.81386,4.909970000000101],[43.65906,4.868029999000157],[43.54351806600005,4.831298828000115],[43.43492000000015,4.79468],[43.324320000000114,4.74144],[43.235290527000075,4.696289062000119],[43.12792968700006,4.634521484000061],[43.280937437000034,4.481440446000022],[43.55942986600013,4.467722937000019],[43.79293574700006,4.456168268000113],[44.015996769000026,4.445130447000167],[44.291076660000044,4.431444168000098],[44.678451778000124,4.430817410000088],[44.66439064000019,4.509718419000023],[44.5921196430001,4.934772617000135]]]},"properties":{"adm2_name":"Ceel Barde","adm2_name1":null,"adm2_name2":null,"adm2_name3":null,"adm2_pcode":"SO2502","adm1_name":"Bakool","adm1_name1":null,"adm1_name2":null,"adm1_name3":null,"adm1_pcode":"SO25","adm0_name":"Somalia","adm0_name1":null,"adm0_name2":null,"adm0_name3":null,"adm0_pcode":"SO","valid_on":"2025-01-08","valid_to":null,"area_sqkm":7665.58736124,"version":"v03","lang":"en","lang1":null,"lang2":null,"lang3":null,"adm2_ref_name":"Ceel Barde","center_lat":4.69021601,"center_lon":43.92904626}},
{"type":"Feature","geometry":{"type":"Polygon","coordinates":[[[43.09144210800008,3.947742701000038],[43.63090978900016,4.051511631000096],[43.369858681000096,4.372272019999969],[43.280937437000034,4.481440446000022],[43.12792968700006,4.634521484000061],[43.08014,4.60268],[43.044311522999976,4.572082519999981],[43.02612304700017,4.542297363000159],[43.00732421900017,4.467712402000132],[42.96929931600016,4.403320312000119],[42.925720215000126,4.348083496000015],[42.885418803000164,4.307618680000019],[43.05142481900003,4.016523735000078],[43.09144210800008,3.947742701000038]]]},"properties":{"adm2_name":"Rab Dhuure","adm2_name1":null,"adm2_name2":null,"adm2_name3":null,"adm2_pcode":"SO2505","adm1_name":"Bakool","adm1_name1":null,"adm1_name2":null,"adm1_name3":null,"adm1_pcode":"SO25","adm0_name":"Somalia","adm0_name1":null,"adm0_name2":null,"adm0_name3":null,"adm0_pcode":"SO","valid_on":"2025-01-08","valid_to":null,"area_sqkm":3301.81581327,"version":"v03","lang":"en","lang1":null,"lang2":null,"lang3":null,"adm2_ref_name":"Rab Dhuure","center_lat":4.22350194,"center_lon":43.21217369}},
{"type":"Feature","geometry":{"type":"Polygon","coordinates":[[[44.780883789000086,3.271484375000171],[44.77087402300003,3.701477051000154],[44.80095672600015,3.861495495000042],[44.749656677000075,4.077771664000068],[44.681091309000124,4.411499023000147],[44.678451778000124,4.430817410000088],[44.291076660000044,4.431444168000098],[44.291076660000044,4.10243306100017],[44.291076660000044,3.901291494000077],[44.291076660000044,3.611511230000076],[44.311096191000104,3.571472168000128],[44.311096191000104,3.391479492000087],[44.28094482400019,3.341543198000181],[44.410888672000056,3.261474609000118],[44.610954285000105,3.271549463000042],[44.66095564400018,3.251537018000022],[44.780883789000086,3.271484375000171]]]},"properties":{"adm2_name":"Tayeeglow","adm2_name1":null,"adm2_name2":null,"adm2_name3":null,"adm2_pcode":"SO2503","adm1_name":"Bakool","adm1_name1":null,"adm1_name2":null,"adm1_name3":null,"adm1_pcode":"SO25","adm0_name":"Somalia","adm0_name1":null,"adm0_name2":null,"adm0_name3":null,"adm0_pcode":"SO","valid_on":"2025-01-08","valid_to":null,"area_sqkm":6595.137437,"version":"v03","lang":"en","lang1":null,"lang2":null,"lang3":null,"adm2_ref_name":"Tayeeglow","center_lat":3.81189881,"center_lon":44.54136677}},
{"type":"Feature","geometry":{"type":"Polygon","coordinates":[[[43.12092208900003,3.671514749000153],[43.410888672000056,3.571472168000128],[43.58087158200004,3.611511230000076],[43.68090820300006,3.721496582000043],[43.75091552700013,3.851501465000069],[43.797726178,3.884704554000052],[43.63090978900016,4.051511631000096],[43.09144210800008,3.947742701000038],[43.14093017600004,3.851501465000069],[43.12092208900003,3.671514749000153]]]},"properties":{"adm2_name":"Waajid","adm2_name1":null,"adm2_name2":null,"adm2_name3":null,"adm2_pcode":"SO2504","adm1_name":"Bakool","adm1_name1":null,"adm1_name2":null,"adm1_name3":null,"adm1_pcode":"SO25","adm0_name":"Somalia","adm0_name1":null,"adm0_name2":null,"adm0_name3":null,"adm0_pcode":"SO","valid_on":"2025-01-08","valid_to":null,"area_sqkm":2803.4187071,"version":"v03","lang":"en","lang1":null,"lang2":null,"lang3":null,"adm2_ref_name":"Waajid","center_lat":3.804685,"center_lon":43.43071401}},
{"type":"Feature","geometry":{"type":"Polygon","coordinates":[[[44.291076660000044,3.611511230000076],[44.291076660000044,3.901291494000077],[44.291076660000044,4.10243306100017],[44.291076660000044,4.431444168000098],[44.015996769000026,4.445130447000167],[43.79293574700006,4.456168268000113],[43.55942986600013,4.467722937000019],[43.280937437000034,4.481440446000022],[43.369858681000096,4.372272019999969],[43.63090978900016,4.051511631000096],[43.797726178,3.884704554000052],[43.88092041000016,3.921508789000143],[43.95092773400006,3.921508789000143],[44.18094635,3.851496935000057],[44.291076660000044,3.611511230000076]]]},"properties":{"adm2_name":"Xudur","adm2_name1":null,"adm2_name2":null,"adm2_name3":null,"adm2_pcode":"SO2501","adm1_name":"Bakool","adm1_name1":null,"adm1_name2":null,"adm1_name3":null,"adm1_pcode":"SO25","adm0_name":"Somalia","adm0_name1":null,"adm0_name2":null,"adm0_name3":null,"adm0_pcode":"SO","valid_on":"2025-01-08","valid_to":null,"area_sqkm":5431.65371707,"version":"v03","lang":"en","lang1":null,"lang2":null,"lang3":null,"adm2_ref_name":"Xudur","center_lat":4.0366221,"center_lon":43.96843838}},
{"type":"Feature","geometry":{"type":"Polygon","coordinates":[[[45.34596,2.03988],[45.34506000000016,2.052610000000129],[45.33960000000013,2.05173],[45.33809,2.03749],[45.34218,2.03874],[45.34596,2.03988]]]},"properties":{"adm2_name":"Bondhere","adm2_name1":null,"adm2_name2":null,"adm2_name3":null,"adm2_pcode":"SO2201","adm1_name":"Banadir","adm1_name1":null,"adm1_name2":null,"adm1_name3":null,"adm1_pcode":"SO22","adm0_name":"Somalia","adm0_name1":null,"adm0_name2":null,"adm0_name3":null,"adm0_pcode":"SO","valid_on":"2025-01-08","valid_to":null,"area_sqkm":1.40069913,"version":"v03","lang":"en","lang1":null,"lang2":null,"lang3":null,"adm2_ref_name":"Bondhere","center_lat":2.045235,"center_lon":45.34052929}},
{"type":"Feature","geometry":{"type":"Polygon","coordinates":[[[45.35210000000018,2.036130000000128],[45.3637,2.04043],[45.361530001000176,2.04587],[45.35198,2.03973],[45.35210000000018,2.036130000000128]]]},"properties":{"adm2_name":"Cabdulasis","adm2_name1":null,"adm2_name2":null,"adm2_name3":null,"adm2_pcode":"SO2202","adm1_name":"Banadir","adm1_name1":null,"adm1_name2":null,"adm1_name3":null,"adm1_pcode":"SO22","adm0_name":"Somalia","adm0_name1":null,"adm0_name2":null,"adm0_name3":null,"adm0_pcode":"SO","valid_on":"2025-01-08","valid_to":null,"area_sqkm":0.9701497,"version":"v03","lang":"en","lang1":null,"lang2":null,"lang3":null,"adm2_ref_name":"Cabdulasis","center_lat":2.03955,"center_lon":45.35749592}},
{"type":"Feature","geometry":{"type":"Polygon","coordinates":[[[45.343688965000126,2.089904785000101],[45.284484863000046,2.104675293000128],[45.264099121000186,2.093078612999989],[45.25141495000008,2.103344840999966],[45.225511239000014,2.07170325200002],[45.251540200000136,2.0688156],[45.28271113300019,2.044981064000069],[45.31102,2.05955],[45.32013554800011,2.06408305400015],[45.3265173530001,2.067386805000183],[45.343688965000126,2.089904785000101]]]},"properties":{"adm2_name":"Daynile","adm2_name1":null,"adm2_name2":null,"adm2_name3":null,"adm2_pcode":"SO2203","adm1_name":"Banadir","adm1_name1":null,"adm1_name2":null,"adm1_name3":null,"adm1_pcode":"SO22","adm0_name":"Somalia","adm0_name1":null,"adm0_name2":null,"adm0_name3":null,"adm0_pcode":"SO","valid_on":"2025-01-08","valid_to":null,"area_sqkm":46.93348812,"version":"v03","lang":"en","lang1":null,"lang2":null,"lang3":null,"adm2_ref_name":"Daynile","center_lat":2.07344249,"center_lon":45.2784482}},
{"type":"Feature","geometry":{"type":"Polygon","coordinates":[[[45.22999901500009,1.96843519600003],[45.258754608000174,1.986533096000187],[45.25793000000016,1.99533],[45.28296000000012,2.03468],[45.28349,2.0445],[45.28277,2.0449],[45.22952000000015,2.01908],[45.22999901500009,1.96843519600003]]]},"properties":{"adm2_name":"Dharkenley","adm2_name1":null,"adm2_name2":null,"adm2_name3":null,"adm2_pcode":"SO2204","adm1_name":"Banadir","adm1_name1":null,"adm1_name2":null,"adm1_name3":null,"adm1_pcode":"SO22","adm0_name":"Somalia","adm0_name1":null,"adm0_name2":null,"adm0_name3":null,"adm0_pcode":"SO","valid_on":"2025-01-08","valid_to":null,"area_sqkm":23.48165838,"version":"v03","lang":"en","lang1":null,"lang2":null,"lang3":null,"adm2_ref_name":"Dharkenley","center_lat":2.00327062,"center_lon":45.2462726}},
{"type":"Feature","geometry":{"type":"Polygon","coordinates":[[[45.32959008500012,2.03687999300007],[45.3309047840001,2.021641671000111],[45.337080000000185,2.02819],[45.33422000000013,2.03649],[45.32959008500012,2.03687999300007]]]},"properties":{"adm2_name":"Hamar Jabjab","adm2_name1":null,"adm2_name2":null,"adm2_name3":null,"adm2_pcode":"SO2205","adm1_name":"Banadir","adm1_name1":null,"adm1_name2":null,"adm1_name3":null,"adm1_pcode":"SO22","adm0_name":"Somalia","adm0_name1":null,"adm0_name2":null,"adm0_name3":null,"adm0_pcode":"SO","valid_on":"2025-01-08","valid_to":null,"area_sqkm":1.85170669,"version":"v03","lang":"en","lang1":null,"lang2":null,"lang3":null,"adm2_ref_name":"Hamar Jabjab","center_lat":2.02926633,"center_lon":45.33019551}},
{"type":"Feature","geometry":{"type":"Polygon","coordinates":[[[45.34218,2.03874],[45.33809,2.03749],[45.33422000000013,2.03649],[45.337080000000185,2.02819],[45.34369000000015,2.032479998999975],[45.34218,2.03874]]]},"properties":{"adm2_name":"Hamar Weyne","adm2_name1":null,"adm2_name2":null,"adm2_name3":null,"adm2_pcode":"SO2206","adm1_name":"Banadir","adm1_name1":null,"adm1_name2":null,"adm1_name3":null,"adm1_pcode":"SO22","adm0_name":"Somalia","adm0_name1":null,"adm0_name2":null,"adm0_name3":null,"adm0_pcode":"SO","valid_on":"2025-01-08","valid_to":null,"area_sqkm":0.8524205,"version":"v03","lang":"en","lang1":null,"lang2":null,"lang3":null,"adm2_ref_name":"Hamar Weyne","center_lat":2.03388362,"center_lon":45.33880845}},
{"type":"Feature","geometry":{"type":"Polygon","coordinates":[[[45.32013554800011,2.06408305400015],[45.31102,2.05955],[45.31872,2.032929999000089],[45.32938,2.03705],[45.32013554800011,2.06408305400015]]]},"properties":{"adm2_name":"Hawl Wadaag","adm2_name1":null,"adm2_name2":null,"adm2_name3":null,"adm2_pcode":"SO2207","adm1_name":"Banadir","adm1_name1":null,"adm1_name2":null,"adm1_name3":null,"adm1_pcode":"SO22","adm0_name":"Somalia","adm0_name1":null,"adm0_name2":null,"adm0_name3":null,"adm0_pcode":"SO","valid_on":"2025-01-08","valid_to":null,"area_sqkm":3.88540001,"version":"v03","lang":"en","lang1":null,"lang2":null,"lang3":null,"adm2_ref_name":"Hawl Wadaag","center_lat":2.04832338,"center_lon":45.3193717}},
{"type":"Feature","geometry":{"type":"Polygon","coordinates":[[[45.43291,2.09375],[45.43281000000013,2.099760000000117],[45.369820000000175,2.099879999000166],[45.36339000000015,2.086770000000172],[45.35385,2.06473],[45.37727000000018,2.05936000000014],[45.43291,2.09375]]]},"properties":{"adm2_name":"Heliwa","adm2_name1":null,"adm2_name2":null,"adm2_name3":null,"adm2_pcode":"SO2208","adm1_name":"Banadir","adm1_name1":null,"adm1_name2":null,"adm1_name3":null,"adm1_pcode":"SO22","adm0_name":"Somalia","adm0_name1":null,"adm0_name2":null,"adm0_name3":null,"adm0_pcode":"SO","valid_on":"2025-01-08","valid_to":null,"area_sqkm":21.87921987,"version":"v03","lang":"en","lang1":null,"lang2":null,"lang3":null,"adm2_ref_name":"Heliwa","center_lat":2.07962306,"center_lon":45.38357004}},
{"type":"Feature","geometry":{"type":"Polygon","coordinates":[[[45.31872,2.032929999000089],[45.31102,2.05955],[45.28271113300019,2.044981064000069],[45.28277,2.0449],[45.28349,2.0445],[45.31073,2.0316],[45.31872,2.032929999000089]]]},"properties":{"adm2_name":"Hodan","adm2_name1":null,"adm2_name2":null,"adm2_name3":null,"adm2_pcode":"SO2209","adm1_name":"Banadir","adm1_name1":null,"adm1_name2":null,"adm1_name3":null,"adm1_pcode":"SO22","adm0_name":"Somalia","adm0_name1":null,"adm0_name2":null,"adm0_name3":null,"adm0_pcode":"SO","valid_on":"2025-01-08","valid_to":null,"area_sqkm":6.38753668,"version":"v03","lang":"en","lang1":null,"lang2":null,"lang3":null,"adm2_ref_name":"Hodan","center_lat":2.04556953,"center_lon":45.29894789}},
{"type":"Feature","geometry":{"type":"Polygon","coordinates":[[[45.28271113300019,2.044981064000069],[45.251540200000136,2.0688156],[45.225511239000014,2.07170325200002],[45.20830255900012,2.071156372000075],[45.22952000000015,2.01908],[45.28277,2.0449],[45.28271113300019,2.044981064000069]]]},"properties":{"adm2_name":"Kahda","adm2_name1":null,"adm2_name2":null,"adm2_name3":null,"adm2_pcode":"SO2210","adm1_name":"Banadir","adm1_name1":null,"adm1_name2":null,"adm1_name3":null,"adm1_pcode":"SO22","adm0_name":"Somalia","adm0_name1":null,"adm0_name2":null,"adm0_name3":null,"adm0_pcode":"SO","valid_on":"2025-01-08","valid_to":null,"area_sqkm":27.60654308,"version":"v03","lang":"en","lang1":null,"lang2":null,"lang3":null,"adm2_ref_name":"Kahda","center_lat":2.04710787,"center_lon":45.24958836}},
{"type":"Feature","geometry":{"type":"Polygon","coordinates":[[[45.3637,2.04043],[45.39159000000018,2.053540000000169],[45.43292737900015,2.081911109000032],[45.43291,2.09375],[45.37727000000018,2.05936000000014],[45.35385,2.06473],[45.35239,2.053870000000131],[45.361530001000176,2.04587],[45.3637,2.04043]]]},"properties":{"adm2_name":"Karaan","adm2_name1":null,"adm2_name2":null,"adm2_name3":null,"adm2_pcode":"SO2211","adm1_name":"Banadir","adm1_name1":null,"adm1_name2":null,"adm1_name3":null,"adm1_pcode":"SO22","adm0_name":"Somalia","adm0_name1":null,"adm0_name2":null,"adm0_name3":null,"adm0_pcode":"SO","valid_on":"2025-01-08","valid_to":null,"area_sqkm":15.31045463,"version":"v03","lang":"en","lang1":null,"lang2":null,"lang3":null,"adm2_ref_name":"Karaan","center_lat":2.06708727,"center_lon":45.39958623}},
{"type":"Feature","geometry":{"type":"Polygon","coordinates":[[[45.35210000000018,2.036130000000128],[45.35198,2.03973],[45.34596,2.03988],[45.34218,2.03874],[45.34369000000015,2.032479998999975],[45.35210000000018,2.036130000000128]]]},"properties":{"adm2_name":"Shangaani","adm2_name1":null,"adm2_name2":null,"adm2_name3":null,"adm2_pcode":"SO2212","adm1_name":"Banadir","adm1_name1":null,"adm1_name2":null,"adm1_name3":null,"adm1_pcode":"SO22","adm0_name":"Somalia","adm0_name1":null,"adm0_name2":null,"adm0_name3":null,"adm0_pcode":"SO","valid_on":"2025-01-08","valid_to":null,"area_sqkm":0.54814446,"version":"v03","lang":"en","lang1":null,"lang2":null,"lang3":null,"adm2_ref_name":"Shangaani","center_lat":2.03744,"center_lon":45.34728668}},
{"type":"Feature","geometry":{"type":"Polygon","coordinates":[[[45.35198,2.03973],[45.361530001000176,2.04587],[45.35239,2.053870000000131],[45.34506000000016,2.052610000000129],[45.34596,2.03988],[45.35198,2.03973]]]},"properties":{"adm2_name":"Shibis","adm2_name1":null,"adm2_name2":null,"adm2_name3":null,"adm2_pcode":"SO2213","adm1_name":"Banadir","adm1_name1":null,"adm1_name2":null,"adm1_name3":null,"adm1_pcode":"SO22","adm0_name":"Somalia","adm0_name1":null,"adm0_name2":null,"adm0_name3":null,"adm0_pcode":"SO","valid_on":"2025-01-08","valid_to":null,"area_sqkm":2.08561831,"version":"v03","lang":"en","lang1":null,"lang2":null,"lang3":null,"adm2_ref_name":"Shibis","center_lat":2.04697608,"center_lon":45.35337195}},
{"type":"Feature","geometry":{"type":"Polygon","coordinates":[[[45.43292737900015,2.081911109000032],[45.50628662100013,2.123474121000129],[45.60685550600016,2.184909530000027],[45.46097096000011,2.171649008000088],[45.39096832300015,2.151650667000183],[45.343688965000126,2.089904785000101],[45.3265173530001,2.067386805000183],[45.33650000000017,2.072610000000111],[45.36339000000015,2.086770000000172],[45.369820000000175,2.099879999000166],[45.43281000000013,2.099760000000117],[45.43291,2.09375],[45.43292737900015,2.081911109000032]]]},"properties":{"adm2_name":"Unspecified","adm2_name1":null,"adm2_name2":null,"adm2_name3":null,"adm2_pcode":"Unspecified","adm1_name":"Banadir","adm1_name1":null,"adm1_name2":null,"adm1_name3":null,"adm1_pcode":"SO22","adm0_name":"Somalia","adm0_name1":null,"adm0_name2":null,"adm0_name3":null,"adm0_pcode":"SO","valid_on":"2025-01-08","valid_to":null,"area_sqkm":142.63147523,"version":"v03","lang":"en","lang1":null,"lang2":null,"lang3":null,"adm2_ref_name":"Unspecified","center_lat":2.12719727,"center_lon":45.44227136}},
{"type":"Feature","geometry":{"type":"Polygon","coordinates":[[[45.32959008500012,2.03687999300007],[45.32938,2.03705],[45.31872,2.032929999000089],[45.31073,2.0316],[45.29887,2.01164],[45.28123941700011,2.000610000000165],[45.3309047840001,2.021641671000111],[45.32959008500012,2.03687999300007]]]},"properties":{"adm2_name":"Waaberi","adm2_name1":null,"adm2_name2":null,"adm2_name3":null,"adm2_pcode":"SO2214","adm1_name":"Banadir","adm1_name1":null,"adm1_name2":null,"adm1_name3":null,"adm1_pcode":"SO22","adm0_name":"Somalia","adm0_name1":null,"adm0_name2":null,"adm0_name3":null,"adm0_pcode":"SO","valid_on":"2025-01-08","valid_to":null,"area_sqkm":5.91073474,"version":"v03","lang":"en","lang1":null,"lang2":null,"lang3":null,"adm2_ref_name":"Waaberi","center_lat":2.01881545,"center_lon":45.3129911}},
{"type":"Feature","geometry":{"type":"Polygon","coordinates":[[[45.31073,2.0316],[45.28349,2.0445],[45.28296000000012,2.03468],[45.25793000000016,1.99533],[45.258754608000174,1.986533096000187],[45.28123941700011,2.000610000000165],[45.29887,2.01164],[45.31073,2.0316]]]},"properties":{"adm2_name":"Wadajir (Medina)","adm2_name1":null,"adm2_name2":null,"adm2_name3":null,"adm2_pcode":"SO2215","adm1_name":"Banadir","adm1_name1":null,"adm1_name2":null,"adm1_name3":null,"adm1_pcode":"SO22","adm0_name":"Somalia","adm0_name1":null,"adm0_name2":null,"adm0_name3":null,"adm0_pcode":"SO","valid_on":"2025-01-08","valid_to":null,"area_sqkm":14.56504306,"version":"v03","lang":"en","lang1":null,"lang2":null,"lang3":null,"adm2_ref_name":"Wadajir (Medina)","center_lat":2.01532,"center_lon":45.28572268}},
{"type":"Feature","geometry":{"type":"Polygon","coordinates":[[[45.33960000000013,2.05173],[45.33650000000017,2.072610000000111],[45.3265173530001,2.067386805000183],[45.32013554800011,2.06408305400015],[45.32938,2.03705],[45.32959008500012,2.03687999300007],[45.33422000000013,2.03649],[45.33809,2.03749],[45.33960000000013,2.05173]]]},"properties":{"adm2_name":"Wardhigley","adm2_name1":null,"adm2_name2":null,"adm2_name3":null,"adm2_pcode":"SO2216","adm1_name":"Banadir","adm1_name1":null,"adm1_name2":null,"adm1_name3":null,"adm1_pcode":"SO22","adm0_name":"Somalia","adm0_name1":null,"adm0_name2":null,"adm0_name3":null,"adm0_pcode":"SO","valid_on":"2025-01-08","valid_to":null,"area_sqkm":5.25333427,"version":"v03","lang":"en","lang1":null,"lang2":null,"lang3":null,"adm2_ref_name":"Wardhigley","center_lat":2.05319494,"center_lon":45.33162016}},
{"type":"Feature","geometry":{"type":"Polygon","coordinates":[[[45.35385,2.06473],[45.36339000000015,2.086770000000172],[45.33650000000017,2.072610000000111],[45.33960000000013,2.05173],[45.34506000000016,2.052610000000129],[45.35239,2.053870000000131],[45.35385,2.06473]]]},"properties":{"adm2_name":"Yaaqshid","adm2_name1":null,"adm2_name2":null,"adm2_name3":null,"adm2_pcode":"SO2217","adm1_name":"Banadir","adm1_name1":null,"adm1_name2":null,"adm1_name3":null,"adm1_pcode":"SO22","adm0_name":"Somalia","adm0_name1":null,"adm0_name2":null,"adm0_name3":null,"adm0_pcode":"SO","valid_on":"2025-01-08","valid_to":null,"area_sqkm":5.79790601,"version":"v03","lang":"en","lang1":null,"lang2":null,"lang3":null,"adm2_ref_name":"Yaaqshid","center_lat":2.06896444,"center_lon":45.34626698}},
{"type":"Feature","geometry":{"type":"Polygon","coordinates":[[[50.17608486900008,8.329104157000131],[50.19128418000008,8.365722656000116],[50.22387695300006,8.405090332000157],[50.244567871000186,8.446249008000166],[50.275997162000124,8.473694802000125],[50.306091309000124,8.506530762000068],[50.33201980600006,8.55086040499998],[50.333919228000184,8.570850098000108],[50.325683594,8.599914551000154],[50.33853912400019,8.650218010000174],[50.37951660200014,8.696289062000062],[50.38775634700005,8.748296738000136],[50.404710271000056,8.780854459000068],[50.407852173000094,8.826045990000068],[50.417407990000186,8.85310077600019],[50.44339752200011,8.893183708000038],[50.502502441000104,8.949523926000154],[50.57476425200008,9.007244109999988],[50.58639526400003,9.027631759000144],[50.621471788000065,9.05149068600008],[50.64091267900005,9.077064466000081],[50.65122604300018,9.11897277800017],[50.64566421500007,9.172498702999974],[50.65504074000006,9.203458786000056],[50.687797547000116,9.24166393300004],[50.70532226600017,9.268127441000104],[50.738281250000114,9.28771972700008],[50.76348876999998,9.318298340000183],[50.8101196290001,9.384704590000013],[50.846561432000044,9.465747832000034],[50.83806228600008,9.47865295400004],[50.806003571000076,9.501549721000117],[50.798641205000195,9.560616493000055],[50.80700683600003,9.617081643000176],[50.81750488300008,9.636108398000147],[50.828372955000134,9.680146217000072],[50.834888458000194,9.734786987000064],[50.8321685790001,9.747663498000122],[50.85144805900012,9.854622840000161],[50.868250499,9.876218218000133],[50.87784945800013,9.920928955000022],[50.51107788100012,9.910930634000067],[50.091072083000086,9.810941696000157],[50.08111572300004,9.700927734000118],[50.06109619100005,9.281127930000082],[49.92106628400012,9.121004104000178],[49.89111328100006,9.031127930000139],[49.89106372600014,8.898636846000045],[49.89111328100006,8.401123047000056],[49.93106460600012,8.461065292],[50.051067352000075,8.441065788000117],[50.17608486900008,8.329104157000131]]]},"properties":{"adm2_name":"Bandarbeyla","adm2_name1":null,"adm2_name2":null,"adm2_name3":null,"adm2_pcode":"SO1602","adm1_name":"Bari","adm1_name1":null,"adm1_name2":null,"adm1_name3":null,"adm1_pcode":"SO16","adm0_name":"Somalia","adm0_name1":null,"adm0_name2":null,"adm0_name3":null,"adm0_pcode":"SO","valid_on":"2025-01-08","valid_to":null,"area_sqkm":11290.15031631,"version":"v03","lang":"en","lang1":null,"lang2":null,"lang3":null,"adm2_ref_name":"Bandarbeyla","center_lat":9.1271081,"center_lon":50.28856949}},
{"type":"Feature","geometry":{"type":"Polygon","coordinates":[[[49.62111489500012,10.510929068000166],[49.90112304700017,10.800903319999975],[49.91106870200014,10.900883828000133],[49.76110839800009,11.140930175999983],[49.72113037100013,11.180908203000115],[49.58073477100004,11.451387862000047],[49.546916962000125,11.439490319000186],[49.528503418000184,11.402709961000028],[49.50952148400006,11.380920410000044],[49.47430419900002,11.37329101600011],[49.42202758800016,11.333540917],[49.386150361000034,11.32778835300013],[49.29604589400009,11.33283551],[49.272933960000046,11.312799454000071],[49.239685059000124,11.298522949000017],[49.21611023000008,11.296207428],[49.14391708400012,11.278668404000143],[49.051231384000175,11.263841629000183],[48.955318451000096,11.238403320000145],[48.919128418000184,11.238708496000186],[48.95616063800003,11.087000292000027],[49.031127930000025,10.780883789000143],[49.04107662400003,10.350916048000158],[49.11108398400012,10.420898438000108],[49.19105529800004,10.520880698000042],[49.351074219000054,10.560913086000141],[49.461120605000076,10.500915527000188],[49.56106567400019,10.500880241000118],[49.62111489500012,10.510929068000166]]]},"properties":{"adm2_name":"Bossaso","adm2_name1":null,"adm2_name2":null,"adm2_name3":null,"adm2_pcode":"SO1601","adm1_name":"Bari","adm1_name1":null,"adm1_name2":null,"adm1_name3":null,"adm1_pcode":"SO16","adm0_name":"Somalia","adm0_name1":null,"adm0_name2":null,"adm0_name3":null,"adm0_pcode":"SO","valid_on":"2025-01-08","valid_to":null,"area_sqkm":7878.93755388,"version":"v03","lang":"en","lang1":null,"lang2":null,"lang3":null,"adm2_ref_name":"Bossaso","center_lat":10.96716698,"center_lon":49.42761938}},
{"type":"Feature","geometry":{"type":"Polygon","coordinates":[[[51.124395234000076,11.501474617000099],[51.173889160000044,11.576293945000032],[51.187072754000155,11.587524414000143],[51.22543334900001,11.641888618000166],[51.24065017700019,11.650526047000085],[51.25422668400006,11.694573402000117],[51.24454116800018,11.712335587000098],[51.255626678000056,11.731113434000122],[51.25671386700003,11.756713867000087],[51.28461074800015,11.811609268000097],[51.284729004000155,11.833679199000187],[51.27313613900009,11.841797829000086],[51.23224639900013,11.83539485900019],[51.18215179500004,11.850651741000092],[51.14027070300011,11.87389454100014],[51.100093842000035,11.869997978000072],[51.0543518070001,11.872562409000068],[51.00081253100012,11.901368141000091],[50.955860138,11.921843528000068],[50.90411377000004,11.939816475000043],[50.858600617000036,11.943726539000124],[50.83134460500014,11.957425118000117],[50.79877090500008,11.983558655000138],[50.787746429000094,11.973269462000133],[50.726474762000066,11.954015731000027],[50.67337799000012,11.933105468000178],[50.63838195800014,11.940841674000069],[50.62329101600011,11.927124023000033],[50.58152771000016,11.912115097000083],[50.55247116100003,11.884417534000136],[50.53930664100005,11.860102653000126],[50.521911621000186,11.799682617000144],[50.52130127000004,11.784301758000026],[50.49286270100009,11.731554985000173],[50.47192382800017,11.706481934000124],[50.431526184,11.670402527000135],[50.38769531200006,11.656311035000044],[50.35569845800012,11.636226698000144],[50.32110595700004,11.480895996000129],[50.30108261100014,11.450792312000146],[50.41105176300016,11.400810235000051],[50.69110107400013,11.410888672000056],[51.124395234000076,11.501474617000099]]]},"properties":{"adm2_name":"Caluula","adm2_name1":null,"adm2_name2":null,"adm2_name3":null,"adm2_pcode":"SO1603","adm1_name":"Bari","adm1_name1":null,"adm1_name2":null,"adm1_name3":null,"adm1_pcode":"SO16","adm0_name":"Somalia","adm0_name1":null,"adm0_name2":null,"adm0_name3":null,"adm0_pcode":"SO","valid_on":"2025-01-08","valid_to":null,"area_sqkm":4529.36481391,"version":"v03","lang":"en","lang1":null,"lang2":null,"lang3":null,"adm2_ref_name":"Caluula","center_lat":11.69170141,"center_lon":50.85502539}},
{"type":"Feature","geometry":{"type":"Polygon","coordinates":[[[50.87784945800013,9.920928955000022],[50.886291504000155,9.964721680000082],[50.89825052900011,9.992020920000016],[50.89586639400011,10.024868965000167],[50.88765716600017,10.052713393999966],[50.88207244900002,10.095707894000043],[50.89386749200014,10.1349382410001],[50.902267457000164,10.19095993100018],[50.89401245100015,10.256491661000098],[50.90008544900007,10.310729980000133],[51.015930176000154,10.382324219000168],[51.04711914100017,10.395874023000033],[51.1097717290001,10.40534305600005],[51.161682129000155,10.417724609000174],[51.212097168000184,10.423706054999968],[51.24487304700017,10.421875000000114],[51.26849365200013,10.402893066],[51.26847157500015,10.376306970000087],[51.28925704900007,10.368365288000064],[51.34069824200009,10.374328613000102],[51.36029052700019,10.368896484000174],[51.39274978600008,10.39454841600002],[51.41303253200016,10.43967819200003],[51.398017883000136,10.451733589000128],[51.38795852600015,10.474784851000152],[51.351298401000065,10.480094136000048],[51.31848525999999,10.47066307100016],[51.29136657700019,10.479347229000155],[51.23669433599997,10.506586075000087],[51.21847534200015,10.523485184000037],[51.20050048900015,10.509120942000095],[51.192321777000075,10.485717773000033],[51.212097168000184,10.462707520000151],[51.22835159300007,10.430808066999987],[51.18331909200009,10.433390617000157],[51.120132446000184,10.430100441000093],[51.063720703000115,10.418701172000056],[51.04265976000005,10.404356957000061],[51.026638031000175,10.446272850000128],[51.03991699200009,10.456909180000025],[51.08454895000011,10.461565018000101],[51.108196259000124,10.49428844400012],[51.10526657200012,10.549921036000114],[51.123901366999974,10.559692383000083],[51.165767669000104,10.566330909000158],[51.16770935000011,10.579648018000057],[51.15087890600006,10.614318848000096],[51.14540863100012,10.659303665000039],[51.13131332400013,10.672948836999979],[51.127422332000094,10.722845076999988],[51.12988281200012,10.75408935500002],[51.12268066400014,10.877075195000089],[51.11660003600008,10.939878464000117],[51.12419509800003,11.005338669000139],[51.132305146000135,11.038846969000076],[51.15801239000018,11.09569454200016],[51.17849895200004,11.13149090700017],[51.15789794900019,11.146484375000114],[51.11108398400006,11.155883789000143],[51.08636856000004,11.18691730400002],[51.075843811000084,11.219847679000054],[51.07398986800007,11.262383461000184],[51.083976745000086,11.338868141000091],[51.120616913,11.428527832000043],[51.12545394900019,11.458151817000044],[51.124395234000076,11.501474617000099],[50.69110107400013,11.410888672000056],[50.41105176300016,11.400810235000051],[50.34108352700014,11.160818100000085],[50.551086426000154,10.830871582000157],[50.461120605000076,10.66088867200017],[50.32368888500008,10.636354069000106],[49.62111489500012,10.510929068000166],[49.56106567400019,10.500880241000118],[49.609744756000055,10.333999434000077],[49.701068878000115,10.020923615000015],[50.01107025100015,9.810941696000157],[50.091072083000086,9.810941696000157],[50.51107788100012,9.910930634000067],[50.87784945800013,9.920928955000022]]]},"properties":{"adm2_name":"Iskushuban","adm2_name1":null,"adm2_name2":null,"adm2_name3":null,"adm2_pcode":"SO1604","adm1_name":"Bari","adm1_name1":null,"adm1_name2":null,"adm1_name3":null,"adm1_pcode":"SO16","adm0_name":"Somalia","adm0_name1":null,"adm0_name2":null,"adm0_name3":null,"adm0_pcode":"SO","valid_on":"2025-01-08","valid_to":null,"area_sqkm":18349.70356827,"version":"v03","lang":"en","lang1":null,"lang2":null,"lang3":null,"adm2_ref_name":"Iskushuban","center_lat":10.65594407,"center_lon":50.7896225}},
{"type":"Feature","geometry":{"type":"Polygon","coordinates":[[[50.41105176300016,11.400810235000051],[50.30108261100014,11.450792312000146],[50.32110595700004,11.480895996000129],[50.35569845800012,11.636226698000144],[50.28519621600009,11.602591793000101],[50.26052475000017,11.580614089999983],[50.234680176000154,11.574707031],[50.21569824200009,11.561661720000075],[50.16717910800014,11.55397605900015],[50.137527465000176,11.537040711000088],[50.122089340000116,11.537475586000141],[50.08929443400018,11.51092529300007],[50.064014435000104,11.503651619000095],[49.97985076900005,11.501755715000058],[49.95491790700015,11.509157181000148],[49.92730389000019,11.504692923999983],[49.86151123000013,11.468078612999989],[49.82406997700008,11.457414627000162],[49.762065887000176,11.456341744000099],[49.72430801400003,11.46281719200016],[49.69215011600011,11.47732925400004],[49.655773163,11.458969117000152],[49.58073477100004,11.451387862000047],[49.72113037100013,11.180908203000115],[49.76110839800009,11.140930175999983],[49.91106870200014,10.900883828000133],[49.90112304700017,10.800903319999975],[49.62111489500012,10.510929068000166],[50.32368888500008,10.636354069000106],[50.461120605000076,10.66088867200017],[50.551086426000154,10.830871582000157],[50.34108352700014,11.160818100000085],[50.41105176300016,11.400810235000051]]]},"properties":{"adm2_name":"Qandala","adm2_name1":null,"adm2_name2":null,"adm2_name3":null,"adm2_pcode":"SO1605","adm1_name":"Bari","adm1_name1":null,"adm1_name2":null,"adm1_name3":null,"adm1_pcode":"SO16","adm0_name":"Somalia","adm0_name1":null,"adm0_name2":null,"adm0_name3":null,"adm0_pcode":"SO","valid_on":"2025-01-08","valid_to":null,"area_sqkm":7397.29063739,"version":"v03","lang":"en","lang1":null,"lang2":null,"lang3":null,"adm2_ref_name":"Qandala","center_lat":11.08708111,"center_lon":50.09138682}},
{"type":"Feature","geometry":{"type":"Polygon","coordinates":[[[50.091072083000086,9.810941696000157],[50.01107025100015,9.810941696000157],[49.701068878000115,10.020923615000015],[49.609744756000055,10.333999434000077],[49.56106567400019,10.500880241000118],[49.461120605000076,10.500915527000188],[49.351074219000054,10.560913086000141],[49.19105529800004,10.520880698000042],[49.11108398400012,10.420898438000108],[49.04107662400003,10.350916048000158],[49.04637436600012,10.143688631000089],[49.05532744700008,9.795805589000054],[49.06105066500004,9.57110321600004],[49.08111190799997,9.140529632000153],[49.11105346700015,8.901026726000055],[49.18105316200007,8.771039009000049],[49.300071716000105,8.685411453000029],[49.45105743500005,8.591054916000132],[49.68106079100011,8.581054687],[49.781063080000195,8.531058311000095],[49.84104294400015,8.33114830300002],[49.89111328100006,8.401123047000056],[49.89106372600014,8.898636846000045],[49.89111328100006,9.031127930000139],[49.92106628400012,9.121004104000178],[50.06109619100005,9.281127930000082],[50.08111572300004,9.700927734000118],[50.091072083000086,9.810941696000157]]]},"properties":{"adm2_name":"Qardho","adm2_name1":null,"adm2_name2":null,"adm2_name3":null,"adm2_pcode":"SO1606","adm1_name":"Bari","adm1_name1":null,"adm1_name2":null,"adm1_name3":null,"adm1_pcode":"SO16","adm0_name":"Somalia","adm0_name1":null,"adm0_name2":null,"adm0_name3":null,"adm0_pcode":"SO","valid_on":"2025-01-08","valid_to":null,"area_sqkm":18631.58181673,"version":"v03","lang":"en","lang1":null,"lang2":null,"lang3":null,"adm2_ref_name":"Qardho","center_lat":9.41529953,"center_lon":49.56791222}},
{"type":"Feature","geometry":{"type":"Polygon","coordinates":[[[44.28094482400019,3.341543198000181],[44.311096191000104,3.391479492000087],[44.311096191000104,3.571472168000128],[44.291076660000044,3.611511230000076],[44.18094635,3.851496935000057],[43.95092773400006,3.921508789000143],[43.88092041000016,3.921508789000143],[43.797726178,3.884704554000052],[43.75091552700013,3.851501465000069],[43.68090820300006,3.721496582000043],[43.58087158200004,3.611511230000076],[43.410888672000056,3.571472168000128],[43.12092208900003,3.671514749000153],[43.102090105000116,3.256967105000172],[43.102092779000145,3.081481934000124],[43.12091064500015,3.081481934000124],[43.12091064500015,2.789297874000056],[43.12091064500015,2.57171630900001],[43.440925598000035,2.521618365000052],[43.533446464,2.654249430000107],[43.73107910200014,2.861694336000085],[43.95763771700007,3.059480410000162],[44.28094482400019,3.341543198000181]]]},"properties":{"adm2_name":"Baydhaba","adm2_name1":null,"adm2_name2":null,"adm2_name3":null,"adm2_pcode":"SO2401","adm1_name":"Bay","adm1_name1":null,"adm1_name2":null,"adm1_name3":null,"adm1_pcode":"SO24","adm0_name":"Somalia","adm0_name1":null,"adm0_name2":null,"adm0_name3":null,"adm0_pcode":"SO","valid_on":"2025-01-08","valid_to":null,"area_sqkm":12909.94278877,"version":"v03","lang":"en","lang1":null,"lang2":null,"lang3":null,"adm2_ref_name":"Baydhaba","center_lat":3.21673307,"center_lon":43.61984982}},
{"type":"Feature","geometry":{"type":"Polygon","coordinates":[[[44.66095564400018,3.251537018000022],[44.610954285000105,3.271549463000042],[44.410888672000056,3.261474609000118],[44.28094482400019,3.341543198000181],[43.95763771700007,3.059480410000162],[43.73107910200014,2.861694336000085],[43.533446464,2.654249430000107],[43.440925598000035,2.521618365000052],[43.35092544600002,2.391630171999964],[43.200930128000095,2.041676221999978],[43.22092437700019,1.951669930000037],[43.31092834500009,1.811682461999965],[43.31091308600003,1.626708984000118],[43.58538055400004,1.763465643000131],[43.90166435500015,1.890623144000074],[44.09725439099998,1.977193902000181],[44.33601147200005,2.082612869000059],[44.650878906000116,2.221679688000052],[44.64947767700005,2.235082751000107],[44.62109375000017,2.481689453000172],[44.660953522,2.751596451000182],[44.64095903400016,2.811619793000034],[44.69110107400007,3.051696777000132],[44.66095564400018,3.251537018000022]]]},"properties":{"adm2_name":"Buur Hakaba","adm2_name1":null,"adm2_name2":null,"adm2_name3":null,"adm2_pcode":"SO2402","adm1_name":"Bay","adm1_name1":null,"adm1_name2":null,"adm1_name3":null,"adm1_pcode":"SO24","adm0_name":"Somalia","adm0_name1":null,"adm0_name2":null,"adm0_name3":null,"adm0_pcode":"SO","valid_on":"2025-01-08","valid_to":null,"area_sqkm":18026.02429413,"version":"v03","lang":"en","lang1":null,"lang2":null,"lang3":null,"adm2_ref_name":"Buur Hakaba","center_lat":2.50165391,"center_lon":44.02556238}},
{"type":"Feature","geometry":{"type":"Polygon","coordinates":[[[42.980918884000175,1.461714149000102],[43.31091308600003,1.626708984000118],[43.31092834500009,1.811682461999965],[43.22092437700019,1.951669930000037],[43.200930128000095,2.041676221999978],[43.35092544600002,2.391630171999964],[43.440925598000035,2.521618365000052],[43.12091064500015,2.57171630900001],[42.90958810900008,2.581782333000149],[42.51612911800004,2.600615122000079],[42.45846074100007,2.275884713000096],[42.40091474000013,1.951700354000081],[42.520908356,1.881676554000023],[42.70760028800015,1.704832899000053],[42.86122684000003,1.559306788000129],[42.953228819000174,1.482486118999987],[42.980918884000175,1.461714149000102]]]},"properties":{"adm2_name":"Diinsoor","adm2_name1":null,"adm2_name2":null,"adm2_name3":null,"adm2_pcode":"SO2403","adm1_name":"Bay","adm1_name1":null,"adm1_name2":null,"adm1_name3":null,"adm1_pcode":"SO24","adm0_name":"Somalia","adm0_name1":null,"adm0_name2":null,"adm0_name3":null,"adm0_pcode":"SO","valid_on":"2025-01-08","valid_to":null,"area_sqkm":9729.956161,"version":"v03","lang":"en","lang1":null,"lang2":null,"lang3":null,"adm2_ref_name":"Diinsoor","center_lat":2.03464817,"center_lon":42.80906404}},
{"type":"Feature","geometry":{"type":"Polygon","coordinates":[[[43.12091064500015,2.57171630900001],[43.12091064500015,2.789297874000056],[43.12091064500015,3.081481934000124],[43.102092779000145,3.081481934000124],[43.10092163100006,3.061569690000169],[42.93091964700011,3.041571617000102],[42.60091018700007,3.071569204000127],[42.54174608700009,2.746075554000186],[42.51612911800004,2.600615122000079],[42.90958810900008,2.581782333000149],[43.12091064500015,2.57171630900001]]]},"properties":{"adm2_name":"Qansax Dheere","adm2_name1":null,"adm2_name2":null,"adm2_name3":null,"adm2_pcode":"SO2404","adm1_name":"Bay","adm1_name1":null,"adm1_name2":null,"adm1_name3":null,"adm1_pcode":"SO24","adm0_name":"Somalia","adm0_name1":null,"adm0_name2":null,"adm0_name3":null,"adm0_pcode":"SO","valid_on":"2025-01-08","valid_to":null,"area_sqkm":3265.60250107,"version":"v03","lang":"en","lang1":null,"lang2":null,"lang3":null,"adm2_ref_name":"Qansax Dheere","center_lat":2.81169213,"center_lon":42.83731407}},
{"type":"Feature","geometry":{"type":"Polygon","coordinates":[[[45.65551757800017,5.178527832000043],[45.683931780000194,5.197039914000186],[45.75565188600007,5.257406499000069],[46.19835106600016,5.630024990000152],[46.27111816400014,5.691284180000082],[46.450949754000135,5.901292828000123],[46.6711131350001,5.931101918000081],[46.650090547000104,6.007663233000017],[46.5150601200001,6.497198251000043],[46.31010994100018,6.286657151000156],[45.86558273200012,5.829248234000033],[45.481148064000195,5.432947894000165],[45.65551757800017,5.178527832000043]]]},"properties":{"adm2_name":"Cabudwaaq","adm2_name1":null,"adm2_name2":null,"adm2_name3":null,"adm2_pcode":"SO1902","adm1_name":"Galgaduud","adm1_name1":null,"adm1_name2":null,"adm1_name3":null,"adm1_pcode":"SO19","adm0_name":"Somalia","adm0_name1":null,"adm0_name2":null,"adm0_name3":null,"adm0_pcode":"SO","valid_on":"2025-01-08","valid_to":null,"area_sqkm":6408.18759592,"version":"v03","lang":"en","lang1":null,"lang2":null,"lang3":null,"adm2_ref_name":"Cabudwaaq","center_lat":5.84708358,"center_lon":46.14369133}},
{"type":"Feature","geometry":{"type":"Polygon","coordinates":[[[47.601027096000166,6.281321558],[47.29590566200005,6.349458372000072],[46.99745687200016,6.416105115],[46.73734156800009,6.474191588000053],[46.541549438000175,6.517734722000057],[46.53827408500018,6.520982803000095],[46.5150601200001,6.497198251000043],[46.650090547000104,6.007663233000017],[46.6711131350001,5.931101918000081],[46.7109985350001,5.861310482000079],[47.06972238300011,5.800698800000077],[47.35168457000009,5.752929687000119],[47.518773586000066,6.106940849000068],[47.601027096000166,6.281321558]]]},"properties":{"adm2_name":"Cadaado","adm2_name1":null,"adm2_name2":null,"adm2_name3":null,"adm2_pcode":"SO1903","adm1_name":"Galgaduud","adm1_name1":null,"adm1_name2":null,"adm1_name3":null,"adm1_pcode":"SO19","adm0_name":"Somalia","adm0_name1":null,"adm0_name2":null,"adm0_name3":null,"adm0_pcode":"SO","valid_on":"2025-01-08","valid_to":null,"area_sqkm":6449.58123091,"version":"v03","lang":"en","lang1":null,"lang2":null,"lang3":null,"adm2_ref_name":"Cadaado","center_lat":6.15692726,"center_lon":47.0756365}},
{"type":"Feature","geometry":{"type":"Polygon","coordinates":[[[47.501682420000066,4.495310730000142],[47.60332190200012,5.141904866000118],[47.60802459700011,5.19950151300003],[47.47674281000013,5.192120038000041],[47.11108398400012,5.171508789000086],[46.971174754000174,5.164623741000071],[46.490993500000116,5.141376495000031],[46.2299156950001,5.073277013000052],[46.21098709100016,4.94139528200003],[46.111083984000174,4.741516113000102],[46.15097627300014,4.431514972000059],[46.396827698000095,4.234792709000033],[46.71106245100009,4.33146406200018],[46.97070221400014,4.385331437000048],[47.21241888300011,4.435472397000069],[47.501682420000066,4.495310730000142]]]},"properties":{"adm2_name":"Ceel Buur","adm2_name1":null,"adm2_name2":null,"adm2_name3":null,"adm2_pcode":"SO1904","adm1_name":"Galgaduud","adm1_name1":null,"adm1_name2":null,"adm1_name3":null,"adm1_pcode":"SO19","adm0_name":"Somalia","adm0_name1":null,"adm0_name2":null,"adm0_name3":null,"adm0_pcode":"SO","valid_on":"2025-01-08","valid_to":null,"area_sqkm":13354.51580305,"version":"v03","lang":"en","lang1":null,"lang2":null,"lang3":null,"adm2_ref_name":"Ceel Buur","center_lat":4.68205844,"center_lon":46.82490038}},
{"type":"Feature","geometry":{"type":"Polygon","coordinates":[[[47.03804830500002,3.47233394400007],[47.07488502900003,3.505823023000119],[47.129146478000166,3.564786389],[47.20568847700014,3.658081055000082],[47.28747558600014,3.741516113000102],[47.377929688000165,3.826904297000056],[47.42851257400014,3.869499921000113],[47.60706421300006,4.075452766000069],[47.69065856999998,4.168087006],[47.75100708100018,4.226005078000128],[47.83482460700003,4.332891012000118],[47.60546796400007,4.441878966000161],[47.501682420000066,4.495310730000142],[47.21241888300011,4.435472397000069],[46.97070221400014,4.385331437000048],[46.71106245100009,4.33146406200018],[46.396827698000095,4.234792709000033],[46.39111324500004,3.891409704000068],[46.7303654590001,3.671681954000064],[47.03804830500002,3.47233394400007]]]},"properties":{"adm2_name":"Ceel Dheer","adm2_name1":null,"adm2_name2":null,"adm2_name3":null,"adm2_pcode":"SO1905","adm1_name":"Galgaduud","adm1_name1":null,"adm1_name2":null,"adm1_name3":null,"adm1_pcode":"SO19","adm0_name":"Somalia","adm0_name1":null,"adm0_name2":null,"adm0_name3":null,"adm0_pcode":"SO","valid_on":"2025-01-08","valid_to":null,"area_sqkm":10366.5226541,"version":"v03","lang":"en","lang1":null,"lang2":null,"lang3":null,"adm2_ref_name":"Ceel Dheer","center_lat":3.98375809,"center_lon":46.9596925}},
{"type":"Feature","geometry":{"type":"Polygon","coordinates":[[[47.35168457000009,5.752929687000119],[47.06972238300011,5.800698800000077],[46.7109985350001,5.861310482000079],[46.6711131350001,5.931101918000081],[46.450949754000135,5.901292828000123],[46.27111816400014,5.691284180000082],[46.19835106600016,5.630024990000152],[45.75565188600007,5.257406499000069],[45.683931780000194,5.197039914000186],[45.65551757800017,5.178527832000043],[45.710975647000055,5.111380577000091],[46.04098510700004,5.031387329000097],[46.23098754900013,5.081382275000124],[46.2299156950001,5.073277013000052],[46.490993500000116,5.141376495000031],[46.971174754000174,5.164623741000071],[47.11108398400012,5.171508789000086],[47.47674281000013,5.192120038000041],[47.60802459700011,5.19950151300003],[47.47101211500018,5.571335793000117],[47.35168457000009,5.752929687000119]]]},"properties":{"adm2_name":"Dhuusamarreeb","adm2_name1":null,"adm2_name2":null,"adm2_name3":null,"adm2_pcode":"SO1901","adm1_name":"Galgaduud","adm1_name1":null,"adm1_name2":null,"adm1_name3":null,"adm1_pcode":"SO19","adm0_name":"Somalia","adm0_name1":null,"adm0_name2":null,"adm0_name3":null,"adm0_pcode":"SO","valid_on":"2025-01-08","valid_to":null,"area_sqkm":12700.55163707,"version":"v03","lang":"en","lang1":null,"lang2":null,"lang3":null,"adm2_ref_name":"Dhuusamarreeb","center_lat":5.49551781,"center_lon":46.7687496}},
{"type":"Feature","geometry":{"type":"Polygon","coordinates":[[[42.40091474000013,1.951700354000081],[42.45846074100007,2.275884713000096],[42.51612911800004,2.600615122000079],[42.54174608700009,2.746075554000186],[42.54262161300005,2.751026391999972],[42.38132027700004,2.804833270000074],[41.970897675000174,2.941581487000064],[41.89783390200006,2.695416757000032],[41.78089141900011,2.30163931800007],[41.37206618200008,2.306903027000089],[40.994875075000095,2.311706517000175],[40.99548882400012,1.747618198999987],[40.995727539000086,1.574130936000074],[40.995727539000086,1.232748162000178],[41.420903370000076,1.261733990000039],[41.55833433500004,1.686454765000178],[41.64091745500008,1.941672114000085],[41.779120209999974,1.943502508000165],[42.231871758000125,1.949475899000106],[42.40091474000013,1.951700354000081]]]},"properties":{"adm2_name":"Baardheere","adm2_name1":null,"adm2_name2":null,"adm2_name3":null,"adm2_pcode":"SO2602","adm1_name":"Gedo","adm1_name1":null,"adm1_name2":null,"adm1_name3":null,"adm1_pcode":"SO26","adm0_name":"Somalia","adm0_name1":null,"adm0_name2":null,"adm0_name3":null,"adm0_pcode":"SO","valid_on":"2025-01-08","valid_to":null,"area_sqkm":15272.07429166,"version":"v03","lang":"en","lang1":null,"lang2":null,"lang3":null,"adm2_ref_name":"Baardheere","center_lat":2.15175241,"center_lon":41.71573756}},
{"type":"Feature","geometry":{"type":"Polygon","coordinates":[[[42.04090148100016,3.68151462000003],[42.100884462000124,3.811509026000124],[41.99654528600013,3.856025610000188],[41.86076458100007,3.911662949000117],[41.67094590200014,3.639948838000066],[41.33331298800016,3.156494141000167],[41.316342061000114,3.139689731000146],[41.720886230000076,3.001708984000118],[41.88304761799998,3.341125172000034],[41.942535863000046,3.465638617000081],[42.04090148100016,3.68151462000003]]]},"properties":{"adm2_name":"Belet Xaawo","adm2_name1":null,"adm2_name2":null,"adm2_name3":null,"adm2_pcode":"SO2603","adm1_name":"Gedo","adm1_name1":null,"adm1_name2":null,"adm1_name3":null,"adm1_pcode":"SO26","adm0_name":"Somalia","adm0_name1":null,"adm0_name2":null,"adm0_name3":null,"adm0_pcode":"SO","valid_on":"2025-01-08","valid_to":null,"area_sqkm":3804.76990172,"version":"v03","lang":"en","lang1":null,"lang2":null,"lang3":null,"adm2_ref_name":"Belet Xaawo","center_lat":3.40276694,"center_lon":41.7089009}},
{"type":"Feature","geometry":{"type":"Polygon","coordinates":[[[40.994875075000095,2.311706517000175],[41.37206618200008,2.306903027000089],[41.78089141900011,2.30163931800007],[41.89783390200006,2.695416757000032],[41.970897675000174,2.941581487000064],[41.720886230000076,3.001708984000118],[41.316342061000114,3.139689731000146],[41.134977495000044,2.959852689000172],[40.995727539000086,2.82171630900018],[40.99543031500019,2.64431574800011],[40.994875075000095,2.311706517000175]]]},"properties":{"adm2_name":"Ceel Waaq","adm2_name1":null,"adm2_name2":null,"adm2_name3":null,"adm2_pcode":"SO2604","adm1_name":"Gedo","adm1_name1":null,"adm1_name2":null,"adm1_name3":null,"adm1_pcode":"SO26","adm0_name":"Somalia","adm0_name1":null,"adm0_name2":null,"adm0_name3":null,"adm0_pcode":"SO","valid_on":"2025-01-08","valid_to":null,"area_sqkm":7768.52566084,"version":"v03","lang":"en","lang1":null,"lang2":null,"lang3":null,"adm2_ref_name":"Ceel Waaq","center_lat":2.75904929,"center_lon":41.45616451}},
{"type":"Feature","geometry":{"type":"Polygon","coordinates":[[[42.40166453400019,4.193096822000086],[42.34577593100005,4.187626052000041],[42.19674000000015,4.17894],[42.08767,4.179370000000119],[42.05114,4.15152],[42.00000000000017,4.093370000000164],[41.979095613000084,4.095186037000076],[41.946289062000176,4.055725098000096],[41.94346,4.01666],[41.91011899900019,3.982319000000132],[41.86076458100007,3.911662949000117],[41.99654528600013,3.856025610000188],[42.100884462000124,3.811509026000124],[42.23090405900007,3.791505643],[42.40166453400019,4.193096822000086]]]},"properties":{"adm2_name":"Doolow","adm2_name1":null,"adm2_name2":null,"adm2_name3":null,"adm2_pcode":"SO2605","adm1_name":"Gedo","adm1_name1":null,"adm1_name2":null,"adm1_name3":null,"adm1_pcode":"SO26","adm0_name":"Somalia","adm0_name1":null,"adm0_name2":null,"adm0_name3":null,"adm0_pcode":"SO","valid_on":"2025-01-08","valid_to":null,"area_sqkm":1619.50100646,"version":"v03","lang":"en","lang1":null,"lang2":null,"lang3":null,"adm2_ref_name":"Doolow","center_lat":3.9931821,"center_lon":42.11791997}},
{"type":"Feature","geometry":{"type":"Polygon","coordinates":[[[43.102090105000116,3.256967105000172],[42.84956889200015,3.352120329],[42.682915846000185,3.423541984000167],[42.48336383600008,3.504548445000012],[42.303609167000104,3.576523261000034],[42.04090148100016,3.68151462000003],[41.942535863000046,3.465638617000081],[41.88304761799998,3.341125172000034],[41.720886230000076,3.001708984000118],[41.970897675000174,2.941581487000064],[42.38132027700004,2.804833270000074],[42.54262161300005,2.751026391999972],[42.54174608700009,2.746075554000186],[42.60091018700007,3.071569204000127],[42.93091964700011,3.041571617000102],[43.10092163100006,3.061569690000169],[43.102092779000145,3.081481934000124],[43.102090105000116,3.256967105000172]]]},"properties":{"adm2_name":"Garbahaarey","adm2_name1":null,"adm2_name2":null,"adm2_name3":null,"adm2_pcode":"SO2601","adm1_name":"Gedo","adm1_name1":null,"adm1_name2":null,"adm1_name3":null,"adm1_pcode":"SO26","adm0_name":"Somalia","adm0_name1":null,"adm0_name2":null,"adm0_name3":null,"adm0_pcode":"SO","valid_on":"2025-01-08","valid_to":null,"area_sqkm":8323.89227584,"version":"v03","lang":"en","lang1":null,"lang2":null,"lang3":null,"adm2_ref_name":"Garbahaarey","center_lat":3.17131679,"center_lon":42.45171926}},
{"type":"Feature","geometry":{"type":"Polygon","coordinates":[[[42.885418803000164,4.307618680000019],[42.849121094000054,4.279479980000076],[42.81732177700019,4.264892578000172],[42.70991,4.261760000000152],[42.671691895000095,4.250488281],[42.58788,4.215410000000134],[42.5266723630001,4.202880859000061],[42.475530000000106,4.20273],[42.40166453400019,4.193096822000086],[42.23090405900007,3.791505643],[42.100884462000124,3.811509026000124],[42.04090148100016,3.68151462000003],[42.303609167000104,3.576523261000034],[42.48336383600008,3.504548445000012],[42.682915846000185,3.423541984000167],[42.84956889200015,3.352120329],[43.102090105000116,3.256967105000172],[43.12092208900003,3.671514749000153],[43.14093017600004,3.851501465000069],[43.09144210800008,3.947742701000038],[43.05142481900003,4.016523735000078],[42.885418803000164,4.307618680000019]]]},"properties":{"adm2_name":"Luuq","adm2_name1":null,"adm2_name2":null,"adm2_name3":null,"adm2_pcode":"SO2606","adm1_name":"Gedo","adm1_name1":null,"adm1_name2":null,"adm1_name3":null,"adm1_pcode":"SO26","adm0_name":"Somalia","adm0_name1":null,"adm0_name2":null,"adm0_name3":null,"adm0_pcode":"SO","valid_on":"2025-01-08","valid_to":null,"area_sqkm":8267.627574,"version":"v03","lang":"en","lang1":null,"lang2":null,"lang3":null,"adm2_ref_name":"Luuq","center_lat":3.78529535,"center_lon":42.61117757}},
{"type":"Feature","geometry":{"type":"Polygon","coordinates":[[[46.2299156950001,5.073277013000052],[46.23098754900013,5.081382275000124],[46.04098510700004,5.031387329000097],[45.710975647000055,5.111380577000091],[45.65551757800017,5.178527832000043],[45.481148064000195,5.432947894000165],[45.18771337200019,5.129640441000106],[44.98168945300006,4.917297362999989],[44.5921196430001,4.934772617000135],[44.66439064000019,4.509718419000023],[44.678451778000124,4.430817410000088],[44.681091309000124,4.411499023000147],[44.749656677000075,4.077771664000068],[45.00109863300014,4.121520996000072],[45.07110595700004,4.261474609000061],[45.12109375000006,4.281494141000053],[45.42096710200008,4.371448040000189],[45.56097412100007,4.31145334200005],[45.74098211300014,4.421443556000042],[46.15097627300014,4.431514972000059],[46.111083984000174,4.741516113000102],[46.21098709100016,4.94139528200003],[46.2299156950001,5.073277013000052]]]},"properties":{"adm2_name":"Belet Weyne","adm2_name1":null,"adm2_name2":null,"adm2_name3":null,"adm2_pcode":"SO2001","adm1_name":"Hiraan","adm1_name1":null,"adm1_name2":null,"adm1_name3":null,"adm1_pcode":"SO20","adm0_name":"Somalia","adm0_name1":null,"adm0_name2":null,"adm0_name3":null,"adm0_pcode":"SO","valid_on":"2025-01-08","valid_to":null,"area_sqkm":14683.96516976,"version":"v03","lang":"en","lang1":null,"lang2":null,"lang3":null,"adm2_ref_name":"Belet Weyne","center_lat":4.82990908,"center_lon":45.38260684}},
{"type":"Feature","geometry":{"type":"Polygon","coordinates":[[[46.396827698000095,4.234792709000033],[46.15097627300014,4.431514972000059],[45.74098211300014,4.421443556000042],[45.56097412100007,4.31145334200005],[45.42096710200008,4.371448040000189],[45.12109375000006,4.281494141000053],[45.07110595700004,4.261474609000061],[45.00109863300014,4.121520996000072],[44.749656677000075,4.077771664000068],[44.80095672600015,3.861495495000042],[44.77087402300003,3.701477051000154],[44.780883789000086,3.271484375000171],[45.07096458000018,3.251535626000077],[45.15087890600017,3.211486816000047],[45.27087402300009,3.201477051000097],[45.29711402200007,3.203506551000146],[45.180965424000135,3.551523209000038],[45.411735265000175,3.556628318000151],[45.66222615200013,3.562183080000182],[45.882163514000126,3.567179375000137],[46.0911254880001,3.571472168000128],[46.225205931000175,3.798762308000107],[46.39111324500004,3.891409704000068],[46.396827698000095,4.234792709000033]]]},"properties":{"adm2_name":"Bulo Burto","adm2_name1":null,"adm2_name2":null,"adm2_name3":null,"adm2_pcode":"SO2002","adm1_name":"Hiraan","adm1_name1":null,"adm1_name2":null,"adm1_name3":null,"adm1_pcode":"SO20","adm0_name":"Somalia","adm0_name1":null,"adm0_name2":null,"adm0_name3":null,"adm0_pcode":"SO","valid_on":"2025-01-08","valid_to":null,"area_sqkm":16046.86212041,"version":"v03","lang":"en","lang1":null,"lang2":null,"lang3":null,"adm2_ref_name":"Bulo Burto","center_lat":3.81713237,"center_lon":45.52533991}},
{"type":"Feature","geometry":{"type":"Polygon","coordinates":[[[46.061096191000104,3.531494141],[46.0911254880001,3.571472168000128],[45.882163514000126,3.567179375000137],[45.66222615200013,3.562183080000182],[45.411735265000175,3.556628318000151],[45.180965424000135,3.551523209000038],[45.29711402200007,3.203506551000146],[45.643352740000125,3.229383866000092],[45.94098027700005,3.251516869000056],[46.01251220700016,3.465881347999982],[46.03088378900003,3.49969482400013],[46.061096191000104,3.531494141]]]},"properties":{"adm2_name":"Jalalaqsi","adm2_name1":null,"adm2_name2":null,"adm2_name3":null,"adm2_pcode":"SO2003","adm1_name":"Hiraan","adm1_name1":null,"adm1_name2":null,"adm1_name3":null,"adm1_pcode":"SO20","adm0_name":"Somalia","adm0_name1":null,"adm0_name2":null,"adm0_name3":null,"adm0_pcode":"SO","valid_on":"2025-01-08","valid_to":null,"area_sqkm":3122.68764253,"version":"v03","lang":"en","lang1":null,"lang2":null,"lang3":null,"adm2_ref_name":"Jalalaqsi","center_lat":3.38720703,"center_lon":45.61100554}},
{"type":"Feature","geometry":{"type":"Polygon","coordinates":[[[40.995690614000125,-0.197265286999937],[41.31100448400014,-0.148117730999957],[41.841471027000125,-0.040070849999836],[41.86754668400016,-0.037599113999931],[42.21610917100003,-0.027411015999974],[42.53090724200007,-0.018145946999937],[42.5409088130001,0.111835115000133],[42.72680282600004,0.328681052000036],[42.631786541000054,0.718376159000115],[42.620910645000095,0.751892090000069],[42.51458601700017,1.070846809000159],[42.430908203000115,1.321726918000024],[42.20092773400006,1.311706543000014],[42.138955407000026,1.307757081000091],[41.77129193300004,1.284147031000032],[41.420903370000076,1.261733990000039],[40.995727539000086,1.232748162000178],[40.995727539000086,1.001959452999984],[40.99587525900006,0.562294829000166],[40.99573283700016,0.132714202999978],[40.995690614000125,-0.197265286999937]]]},"properties":{"adm2_name":"Afmadow","adm2_name1":null,"adm2_name2":null,"adm2_name3":null,"adm2_pcode":"SO2802","adm1_name":"Lower Juba","adm1_name1":null,"adm1_name2":null,"adm1_name3":null,"adm1_pcode":"SO28","adm0_name":"Somalia","adm0_name1":null,"adm0_name2":null,"adm0_name3":null,"adm0_pcode":"SO","valid_on":"2025-01-08","valid_to":null,"area_sqkm":26757.44937773,"version":"v03","lang":"en","lang1":null,"lang2":null,"lang3":null,"adm2_ref_name":"Afmadow","center_lat":0.5467818,"center_lon":41.83477493}},
{"type":"Feature","geometry":{"type":"Polygon","coordinates":[[[40.995690614000125,-0.197265286999937],[40.995727539000086,-0.8331909179999],[41.28073529100004,-1.218023254999878],[41.396710810000116,-1.374619450999944],[41.564514160000044,-1.601196288999972],[41.5645329350001,-1.664897400999905],[41.58673095700004,-1.638610839999899],[41.619182587000125,-1.585037946999819],[41.63145065300017,-1.578010082999924],[41.697296142000084,-1.47452986299993],[41.750209808000136,-1.380848049999884],[41.77528381400003,-1.354139923999924],[41.83471679700011,-1.253723144999981],[41.843620300000055,-1.23109900999998],[41.83944320600011,-1.204708098999959],[41.875302791000195,-1.21946470599994],[41.90831375100004,-1.192695975999925],[41.893274639000026,-1.175142648999952],[41.90325927700013,-1.149304985999947],[41.926780701000155,-1.12790095899993],[41.94148635800019,-1.094640969999887],[41.959941864000086,-1.069844006999972],[41.96222686800013,-1.049821018999978],[41.977722168000014,-1.027587890999939],[41.96508789100017,-1.002685546999885],[41.961181188000126,-0.969915046999972],[41.79770300300004,-0.781605417999913],[41.64072131000012,-0.600515945999916],[41.491675855000096,-0.428931843999976],[41.2910766600001,-0.197998046999885],[41.31100448400014,-0.148117730999957],[40.995690614000125,-0.197265286999937]]]},"properties":{"adm2_name":"Badhaadhe","adm2_name1":null,"adm2_name2":null,"adm2_name3":null,"adm2_pcode":"SO2803","adm1_name":"Lower Juba","adm1_name1":null,"adm1_name2":null,"adm1_name3":null,"adm1_pcode":"SO28","adm0_name":"Somalia","adm0_name1":null,"adm0_name2":null,"adm0_name3":null,"adm0_pcode":"SO","valid_on":"2025-01-08","valid_to":null,"area_sqkm":9761.49384733,"version":"v03","lang":"en","lang1":null,"lang2":null,"lang3":null,"adm2_ref_name":"Badhaadhe","center_lat":-0.88988267,"center_lon":41.46470793}},
{"type":"Feature","geometry":{"type":"Polygon","coordinates":[[[43.19128418000008,0.328674316000047],[42.928401620000045,0.319099796999978],[42.730911255000024,0.311817259000122],[42.72680282600004,0.328681052000036],[42.5409088130001,0.111835115000133],[42.53090724200007,-0.018145946999937],[42.72142199100006,-0.168473049999932],[42.78544576900015,-0.106630901999949],[42.80504303000009,-0.091853354999955],[42.89611816399997,1.71e-13],[42.971679687000176,0.085693359000061],[42.99323602800001,0.10606698700002],[43.122314453000115,0.252685547],[43.19128418000008,0.328674316000047]]]},"properties":{"adm2_name":"Jamaame","adm2_name1":null,"adm2_name2":null,"adm2_name3":null,"adm2_pcode":"SO2804","adm1_name":"Lower Juba","adm1_name1":null,"adm1_name2":null,"adm1_name3":null,"adm1_pcode":"SO28","adm0_name":"Somalia","adm0_name1":null,"adm0_name2":null,"adm0_name3":null,"adm0_pcode":"SO","valid_on":"2025-01-08","valid_to":null,"area_sqkm":2148.95436955,"version":"v03","lang":"en","lang1":null,"lang2":null,"lang3":null,"adm2_ref_name":"Jamaame","center_lat":0.05088829,"center_lon":42.73860446}},
{"type":"Feature","geometry":{"type":"Polygon","coordinates":[[[41.961181188000126,-0.969915046999972],[41.97930908200004,-0.980285644999981],[41.98290063200005,-1.005984978999948],[42.025054932000046,-0.96937507399997],[42.037193298000034,-0.931780039999978],[42.06231689500015,-0.902099608999947],[42.07159157800004,-0.900413302999937],[42.08929061900017,-0.853294074999951],[42.07264302400017,-0.842975608999836],[42.05476760800019,-0.849999964999881],[42.04058456400014,-0.827866076999953],[42.038242340000124,-0.802614032999941],[42.007743836000145,-0.811682938999979],[41.98219680700015,-0.794270038999912],[41.988586425,-0.732845961999942],[42.00231933600003,-0.737792968999884],[41.992309570000145,-0.780883788999915],[42.0046997070001,-0.797607421999942],[42.029296875000114,-0.799499511999898],[42.04885864300019,-0.792155980999894],[42.04852294900013,-0.826904296999942],[42.06732177700019,-0.835388183999896],[42.11352539100017,-0.834411620999902],[42.137329102000194,-0.818298339999956],[42.1479964720001,-0.822887614999956],[42.213783264000085,-0.755845069999964],[42.23733139000012,-0.718583941999896],[42.31384625900017,-0.631113430999903],[42.3242797850001,-0.608886718999827],[42.368028571000025,-0.556062222999913],[42.39130922600009,-0.537562080999976],[42.41358947700019,-0.502672016999952],[42.45892334000007,-0.455505370999902],[42.47232818600003,-0.450765043999979],[42.47888183600014,-0.426086425999927],[42.52252197300004,-0.375183104999905],[42.55151367200011,-0.369812011999954],[42.571472168000184,-0.342712401999904],[42.57952880900007,-0.312011718999941],[42.61547851600011,-0.266296386999898],[42.66070556600016,-0.22882080099987],[42.72142199100006,-0.168473049999932],[42.53090724200007,-0.018145946999937],[42.21610917100003,-0.027411015999974],[41.86754668400016,-0.037599113999931],[41.841471027000125,-0.040070849999836],[41.31100448400014,-0.148117730999957],[41.2910766600001,-0.197998046999885],[41.491675855000096,-0.428931843999976],[41.64072131000012,-0.600515945999916],[41.79770300300004,-0.781605417999913],[41.961181188000126,-0.969915046999972]]]},"properties":{"adm2_name":"Kismaayo","adm2_name1":null,"adm2_name2":null,"adm2_name3":null,"adm2_pcode":"SO2801","adm1_name":"Lower Juba","adm1_name1":null,"adm1_name2":null,"adm1_name3":null,"adm1_pcode":"SO28","adm0_name":"Somalia","adm0_name1":null,"adm0_name2":null,"adm0_name3":null,"adm0_pcode":"SO","valid_on":"2025-01-08","valid_to":null,"area_sqkm":9215.28324894,"version":"v03","lang":"en","lang1":null,"lang2":null,"lang3":null,"adm2_ref_name":"Kismaayo","center_lat":-0.51418511,"center_lon":41.98644967}},
{"type":"Feature","geometry":{"type":"Polygon","coordinates":[[[45.39096832300015,2.151650667000183],[45.331115723000096,2.181701660000158],[45.33708599200014,2.509807865000028],[45.34096908600009,2.721598863999986],[45.331115723000096,2.731689453000115],[45.18193017400006,2.599161524000067],[44.97088623000013,2.411682129000042],[44.881103516,2.341674805000139],[44.73107910200014,2.281677246000072],[44.66093242800008,2.241630655000108],[44.73107910200014,2.131713867000144],[44.78896920900013,2.025339840000129],[44.84088134800004,1.921691895000038],[45.1140747070001,1.921691895000038],[45.12829589800003,1.930908203],[45.180908203000115,1.948303223000096],[45.19049072300004,1.95727539100011],[45.22999901500009,1.96843519600003],[45.22952000000015,2.01908],[45.20830255900012,2.071156372000075],[45.225511239000014,2.07170325200002],[45.25141495000008,2.103344840999966],[45.264099121000186,2.093078612999989],[45.284484863000046,2.104675293000128],[45.343688965000126,2.089904785000101],[45.39096832300015,2.151650667000183]]]},"properties":{"adm2_name":"Afgooye","adm2_name1":null,"adm2_name2":null,"adm2_name3":null,"adm2_pcode":"SO2302","adm1_name":"Lower Shabelle","adm1_name1":null,"adm1_name2":null,"adm1_name3":null,"adm1_pcode":"SO23","adm0_name":"Somalia","adm0_name1":null,"adm0_name2":null,"adm0_name3":null,"adm0_pcode":"SO","valid_on":"2025-01-08","valid_to":null,"area_sqkm":3831.79031436,"version":"v03","lang":"en","lang1":null,"lang2":null,"lang3":null,"adm2_ref_name":"Afgooye","center_lat":2.31167603,"center_lon":45.069732}},
{"type":"Feature","geometry":{"type":"Polygon","coordinates":[[[44.49530029300007,1.512512207000157],[44.43095016500018,1.501709938000147],[44.38095450000003,1.53170273600017],[44.15092156400016,1.44172810900011],[43.94645773000008,1.314598063000176],[43.64048968700018,1.124340733000111],[43.33972168000014,0.937316895000038],[43.520795364000094,0.675563474000114],[43.588317871000186,0.733886719000054],[43.655258178000054,0.798888922000174],[43.68988037100007,0.826721191000047],[43.746025085000156,0.865875959],[43.78192138700018,0.908691406000059],[43.81090241600009,0.926874925000106],[43.846538544000055,0.960081995],[43.87109375000017,0.973693848000153],[43.92468261700003,1.013122559000124],[43.960613250000165,1.048689961999969],[44.00488281300011,1.080322266000167],[44.02191162100007,1.084899902000188],[44.051074981000056,1.126915097000108],[44.10968017600004,1.172485352000024],[44.13272476200018,1.1776889570001],[44.13568115200019,1.201721191000047],[44.16795730500007,1.233924985000101],[44.20611572300004,1.263122559000067],[44.228088379000155,1.293518066000104],[44.29211425800014,1.34790039100011],[44.31848144500009,1.373718262000182],[44.48571777300003,1.502075195000089],[44.49530029300007,1.512512207000157]]]},"properties":{"adm2_name":"Baraawe","adm2_name1":null,"adm2_name2":null,"adm2_name3":null,"adm2_pcode":"SO2303","adm1_name":"Lower Shabelle","adm1_name1":null,"adm1_name2":null,"adm1_name3":null,"adm1_pcode":"SO23","adm0_name":"Somalia","adm0_name1":null,"adm0_name2":null,"adm0_name3":null,"adm0_pcode":"SO","valid_on":"2025-01-08","valid_to":null,"area_sqkm":3283.60493643,"version":"v03","lang":"en","lang1":null,"lang2":null,"lang3":null,"adm2_ref_name":"Baraawe","center_lat":1.09829712,"center_lon":43.81408974}},
{"type":"Feature","geometry":{"type":"Polygon","coordinates":[[[44.15092156400016,1.44172810900011],[44.38095450000003,1.53170273600017],[44.42108154300007,1.561706543000128],[44.47095108000008,1.63169813200011],[44.51093500600007,1.671699252999986],[44.18549539700007,1.78863155],[43.90166435500015,1.890623144000074],[43.58538055400004,1.763465643000131],[43.899770549000095,1.584628759000111],[44.15092156400016,1.44172810900011]]]},"properties":{"adm2_name":"Kurtunwaarey","adm2_name1":null,"adm2_name2":null,"adm2_name3":null,"adm2_pcode":"SO2304","adm1_name":"Lower Shabelle","adm1_name1":null,"adm1_name2":null,"adm1_name3":null,"adm1_pcode":"SO23","adm0_name":"Somalia","adm0_name1":null,"adm0_name2":null,"adm0_name3":null,"adm0_pcode":"SO","valid_on":"2025-01-08","valid_to":null,"area_sqkm":2545.94189252,"version":"v03","lang":"en","lang1":null,"lang2":null,"lang3":null,"adm2_ref_name":"Kurtunwaarey","center_lat":1.65169869,"center_lon":44.13640331}},
{"type":"Feature","geometry":{"type":"Polygon","coordinates":[[[45.1140747070001,1.921691895000038],[44.84088134800004,1.921691895000038],[44.51093500600007,1.671699252999986],[44.47095108000008,1.63169813200011],[44.42108154300007,1.561706543000128],[44.38095450000003,1.53170273600017],[44.43095016500018,1.501709938000147],[44.49530029300007,1.512512207000157],[44.61071777300009,1.598327637000068],[44.6331176760001,1.611328125000171],[44.66308593800005,1.640319824000073],[44.69549560500013,1.655517578000058],[44.72711181600016,1.677307129000042],[44.76470947300015,1.711486816],[44.77331543000014,1.713073730000019],[44.89172363300008,1.789489746000129],[45.01831054700017,1.861511230000076],[45.044494628999985,1.883911133000083],[45.1140747070001,1.921691895000038]]]},"properties":{"adm2_name":"Marka","adm2_name1":null,"adm2_name2":null,"adm2_name3":null,"adm2_pcode":"SO2301","adm1_name":"Lower Shabelle","adm1_name1":null,"adm1_name2":null,"adm1_name3":null,"adm1_pcode":"SO23","adm0_name":"Somalia","adm0_name1":null,"adm0_name2":null,"adm0_name3":null,"adm0_pcode":"SO","valid_on":"2025-01-08","valid_to":null,"area_sqkm":1033.14003298,"version":"v03","lang":"en","lang1":null,"lang2":null,"lang3":null,"adm2_ref_name":"Marka","center_lat":1.71160889,"center_lon":44.66436438}},
{"type":"Feature","geometry":{"type":"Polygon","coordinates":[[[44.51093500600007,1.671699252999986],[44.84088134800004,1.921691895000038],[44.78896920900013,2.025339840000129],[44.73107910200014,2.131713867000144],[44.66093242800008,2.241630655000108],[44.64947767700005,2.235082751000107],[44.650878906000116,2.221679688000052],[44.33601147200005,2.082612869000059],[44.09725439099998,1.977193902000181],[43.90166435500015,1.890623144000074],[44.18549539700007,1.78863155],[44.51093500600007,1.671699252999986]]]},"properties":{"adm2_name":"Qoryooley","adm2_name1":null,"adm2_name2":null,"adm2_name3":null,"adm2_pcode":"SO2305","adm1_name":"Lower Shabelle","adm1_name1":null,"adm1_name2":null,"adm1_name3":null,"adm1_pcode":"SO23","adm0_name":"Somalia","adm0_name1":null,"adm0_name2":null,"adm0_name3":null,"adm0_pcode":"SO","valid_on":"2025-01-08","valid_to":null,"area_sqkm":3213.58686892,"version":"v03","lang":"en","lang1":null,"lang2":null,"lang3":null,"adm2_ref_name":"Qoryooley","center_lat":1.95761532,"center_lon":44.43791949}},
{"type":"Feature","geometry":{"type":"Polygon","coordinates":[[[43.33972168000014,0.937316895000038],[43.64048968700018,1.124340733000111],[43.94645773000008,1.314598063000176],[44.15092156400016,1.44172810900011],[43.899770549000095,1.584628759000111],[43.58538055400004,1.763465643000131],[43.31091308600003,1.626708984000118],[42.980918884000175,1.461714149000102],[43.261006692000024,1.046461984000018],[43.33972168000014,0.937316895000038]]]},"properties":{"adm2_name":"Sablaale","adm2_name1":null,"adm2_name2":null,"adm2_name3":null,"adm2_pcode":"SO2306","adm1_name":"Lower Shabelle","adm1_name1":null,"adm1_name2":null,"adm1_name3":null,"adm1_pcode":"SO23","adm0_name":"Somalia","adm0_name1":null,"adm0_name2":null,"adm0_name3":null,"adm0_pcode":"SO","valid_on":"2025-01-08","valid_to":null,"area_sqkm":5991.82392702,"version":"v03","lang":"en","lang1":null,"lang2":null,"lang3":null,"adm2_ref_name":"Sablaale","center_lat":1.33837081,"center_lon":43.52441251}},
{"type":"Feature","geometry":{"type":"Polygon","coordinates":[[[44.64947767700005,2.235082751000107],[44.66093242800008,2.241630655000108],[44.73107910200014,2.281677246000072],[44.881103516,2.341674805000139],[44.97088623000013,2.411682129000042],[45.18193017400006,2.599161524000067],[45.331115723000096,2.731689453000115],[45.33361762300012,2.732285144000116],[45.12109375000006,3.041687012000125],[45.07096458000018,3.251535626000077],[44.780883789000086,3.271484375000171],[44.66095564400018,3.251537018000022],[44.69110107400007,3.051696777000132],[44.64095903400016,2.811619793000034],[44.660953522,2.751596451000182],[44.62109375000017,2.481689453000172],[44.64947767700005,2.235082751000107]]]},"properties":{"adm2_name":"Wanla Weyn","adm2_name1":null,"adm2_name2":null,"adm2_name3":null,"adm2_pcode":"SO2307","adm1_name":"Lower Shabelle","adm1_name1":null,"adm1_name2":null,"adm1_name3":null,"adm1_pcode":"SO23","adm0_name":"Somalia","adm0_name1":null,"adm0_name2":null,"adm0_name3":null,"adm0_pcode":"SO","valid_on":"2025-01-08","valid_to":null,"area_sqkm":5711.91564724,"version":"v03","lang":"en","lang1":null,"lang2":null,"lang3":null,"adm2_ref_name":"Wanla Weyn","center_lat":2.76123524,"center_lon":44.98574277}},
{"type":"Feature","geometry":{"type":"Polygon","coordinates":[[[43.261006692000024,1.046461984000018],[42.980918884000175,1.461714149000102],[42.953228819000174,1.482486118999987],[42.70238595100011,1.49262655400014],[42.50341323100014,1.500690045000056],[42.230895996000015,1.511718750000114],[42.178674676000014,1.389215479000143],[42.138955407000026,1.307757081000091],[42.20092773400006,1.311706543000014],[42.430908203000115,1.321726918000024],[42.51458601700017,1.070846809000159],[42.620910645000095,0.751892090000069],[43.02394480700008,0.937316859000077],[43.261006692000024,1.046461984000018]]]},"properties":{"adm2_name":"Bu'aale","adm2_name1":null,"adm2_name2":null,"adm2_name3":null,"adm2_pcode":"SO2701","adm1_name":"Middle Juba","adm1_name1":null,"adm1_name2":null,"adm1_name3":null,"adm1_pcode":"SO27","adm0_name":"Somalia","adm0_name1":null,"adm0_name2":null,"adm0_name3":null,"adm0_pcode":"SO","valid_on":"2025-01-08","valid_to":null,"area_sqkm":5489.98936409,"version":"v03","lang":"en","lang1":null,"lang2":null,"lang3":null,"adm2_ref_name":"Buaale","center_lat":1.11705931,"center_lon":42.85628265}},
{"type":"Feature","geometry":{"type":"Polygon","coordinates":[[[42.72680282600004,0.328681052000036],[42.730911255000024,0.311817259000122],[42.928401620000045,0.319099796999978],[43.19128418000008,0.328674316000047],[43.293502808000085,0.434894055000086],[43.37652587900004,0.533325195000032],[43.43389892600004,0.58807373000019],[43.48608398400006,0.643920898000147],[43.520795364000094,0.675563474000114],[43.33972168000014,0.937316895000038],[43.261006692000024,1.046461984000018],[43.02394480700008,0.937316859000077],[42.620910645000095,0.751892090000069],[42.631786541000054,0.718376159000115],[42.72680282600004,0.328681052000036]]]},"properties":{"adm2_name":"Jilib","adm2_name1":null,"adm2_name2":null,"adm2_name3":null,"adm2_pcode":"SO2702","adm1_name":"Middle Juba","adm1_name1":null,"adm1_name2":null,"adm1_name3":null,"adm1_pcode":"SO27","adm0_name":"Somalia","adm0_name1":null,"adm0_name2":null,"adm0_name3":null,"adm0_pcode":"SO","valid_on":"2025-01-08","valid_to":null,"area_sqkm":5250.51645615,"version":"v03","lang":"en","lang1":null,"lang2":null,"lang3":null,"adm2_ref_name":"Jilib","center_lat":0.69708152,"center_lon":43.07144586}},
{"type":"Feature","geometry":{"type":"Polygon","coordinates":[[[42.953228819000174,1.482486118999987],[42.86122684000003,1.559306788000129],[42.70760028800015,1.704832899000053],[42.520908356,1.881676554000023],[42.40091474000013,1.951700354000081],[42.231871758000125,1.949475899000106],[41.779120209999974,1.943502508000165],[41.64091745500008,1.941672114000085],[41.55833433500004,1.686454765000178],[41.420903370000076,1.261733990000039],[41.77129193300004,1.284147031000032],[42.138955407000026,1.307757081000091],[42.178674676000014,1.389215479000143],[42.230895996000015,1.511718750000114],[42.50341323100014,1.500690045000056],[42.70238595100011,1.49262655400014],[42.953228819000174,1.482486118999987]]]},"properties":{"adm2_name":"Saakow","adm2_name1":null,"adm2_name2":null,"adm2_name3":null,"adm2_pcode":"SO2703","adm1_name":"Middle Juba","adm1_name1":null,"adm1_name2":null,"adm1_name3":null,"adm1_pcode":"SO27","adm0_name":"Somalia","adm0_name1":null,"adm0_name2":null,"adm0_name3":null,"adm0_pcode":"SO","valid_on":"2025-01-08","valid_to":null,"area_sqkm":8050.48180611,"version":"v03","lang":"en","lang1":null,"lang2":null,"lang3":null,"adm2_ref_name":"Saakow","center_lat":1.60655924,"center_lon":42.17191131}},
{"type":"Feature","geometry":{"type":"Polygon","coordinates":[[[46.7554229480001,3.15324896400017],[46.83841755700013,3.241686194000124],[46.87207031200006,3.293273926000154],[46.911369323000145,3.339317084000186],[47.004253387000176,3.439870119000147],[47.03804830500002,3.47233394400007],[46.7303654590001,3.671681954000064],[46.39111324500004,3.891409704000068],[46.225205931000175,3.798762308000107],[46.0911254880001,3.571472168000128],[46.061096191000104,3.531494141],[46.42348394400011,3.400811185000123],[46.67099380600007,3.311543702999984],[46.7554229480001,3.15324896400017]]]},"properties":{"adm2_name":"Adan Yabaal","adm2_name1":null,"adm2_name2":null,"adm2_name3":null,"adm2_pcode":"SO2102","adm1_name":"Middle Shabelle","adm1_name1":null,"adm1_name2":null,"adm1_name3":null,"adm1_pcode":"SO21","adm0_name":"Somalia","adm0_name1":null,"adm0_name2":null,"adm0_name3":null,"adm0_pcode":"SO","valid_on":"2025-01-08","valid_to":null,"area_sqkm":3976.45973753,"version":"v03","lang":"en","lang1":null,"lang2":null,"lang3":null,"adm2_ref_name":"Adan Yabaal","center_lat":3.5120513,"center_lon":46.54593142}},
{"type":"Feature","geometry":{"type":"Polygon","coordinates":[[[45.96097529500014,2.73170561000012],[45.870975494000106,2.741596460000096],[45.53097152700013,2.72159862500007],[45.50096893300014,2.731597661000137],[45.460968018000074,2.761595010000121],[45.33361762300012,2.732285144000116],[45.331115723000096,2.731689453000115],[45.34096908600009,2.721598863999986],[45.33708599200014,2.509807865000028],[45.331115723000096,2.181701660000158],[45.39096832300015,2.151650667000183],[45.46097096000011,2.171649008000088],[45.60685550600016,2.184909530000027],[45.67169189500004,2.220275879000155],[45.73449707000009,2.260681152000075],[45.74468994100016,2.263488770000038],[45.846923828000115,2.325500488000102],[45.87310791000016,2.335876465000183],[45.93469238300008,2.375488281000116],[45.98828125000017,2.417480469],[46.02429199200003,2.44171142600004],[46.04408654000008,2.466487500000085],[46.117675781000116,2.531311035000158],[46.12917655300009,2.555494571000054],[46.12109375000006,2.57171630900001],[46.0911254880001,2.57171630900001],[46.041076660000044,2.691711426000154],[45.96097529500014,2.73170561000012]]]},"properties":{"adm2_name":"Balcad","adm2_name1":null,"adm2_name2":null,"adm2_name3":null,"adm2_pcode":"SO2103","adm1_name":"Middle Shabelle","adm1_name1":null,"adm1_name2":null,"adm1_name3":null,"adm1_pcode":"SO21","adm0_name":"Somalia","adm0_name1":null,"adm0_name2":null,"adm0_name3":null,"adm0_pcode":"SO","valid_on":"2025-01-08","valid_to":null,"area_sqkm":4226.39867309,"version":"v03","lang":"en","lang1":null,"lang2":null,"lang3":null,"adm2_ref_name":"Balcad","center_lat":2.45581055,"center_lon":45.68534047}},
{"type":"Feature","geometry":{"type":"Polygon","coordinates":[[[46.7554229480001,3.15324896400017],[46.67099380600007,3.311543702999984],[46.42348394400011,3.400811185000123],[46.061096191000104,3.531494141],[46.03088378900003,3.49969482400013],[46.01251220700016,3.465881347999982],[45.94098027700005,3.251516869000056],[45.954679945000066,2.898229018000166],[45.96097529500014,2.73170561000012],[46.041076660000044,2.691711426000154],[46.0911254880001,2.57171630900001],[46.12109375000006,2.57171630900001],[46.12917655300009,2.555494571000054],[46.167297364000035,2.586122989000103],[46.19124221800007,2.6215200420001],[46.22827148400006,2.661926270000038],[46.28289794900019,2.699707031000116],[46.297485352000194,2.715698242000087],[46.301433564000035,2.738842010000099],[46.33055877600009,2.758177995000096],[46.345275879000155,2.786682129000098],[46.405440936000105,2.828707574000134],[46.44651794500004,2.87415409100015],[46.575683594000054,2.971923828],[46.62031050800016,3.015795187000037],[46.7554229480001,3.15324896400017]]]},"properties":{"adm2_name":"Cadale","adm2_name1":null,"adm2_name2":null,"adm2_name3":null,"adm2_pcode":"SO2104","adm1_name":"Middle Shabelle","adm1_name1":null,"adm1_name2":null,"adm1_name3":null,"adm1_pcode":"SO21","adm0_name":"Somalia","adm0_name1":null,"adm0_name2":null,"adm0_name3":null,"adm0_pcode":"SO","valid_on":"2025-01-08","valid_to":null,"area_sqkm":5821.58530719,"version":"v03","lang":"en","lang1":null,"lang2":null,"lang3":null,"adm2_ref_name":"Cadale","center_lat":3.0679233,"center_lon":46.30984373}},
{"type":"Feature","geometry":{"type":"Polygon","coordinates":[[[45.29711402200007,3.203506551000146],[45.27087402300009,3.201477051000097],[45.15087890600017,3.211486816000047],[45.07096458000018,3.251535626000077],[45.12109375000006,3.041687012000125],[45.33361762300012,2.732285144000116],[45.460968018000074,2.761595010000121],[45.50096893300014,2.731597661000137],[45.53097152700013,2.72159862500007],[45.870975494000106,2.741596460000096],[45.96097529500014,2.73170561000012],[45.954679945000066,2.898229018000166],[45.94098027700005,3.251516869000056],[45.643352740000125,3.229383866000092],[45.29711402200007,3.203506551000146]]]},"properties":{"adm2_name":"Jowhar","adm2_name1":null,"adm2_name2":null,"adm2_name3":null,"adm2_pcode":"SO2101","adm1_name":"Middle Shabelle","adm1_name1":null,"adm1_name2":null,"adm1_name3":null,"adm1_pcode":"SO21","adm0_name":"Somalia","adm0_name1":null,"adm0_name2":null,"adm0_name3":null,"adm0_pcode":"SO","valid_on":"2025-01-08","valid_to":null,"area_sqkm":4636.38639105,"version":"v03","lang":"en","lang1":null,"lang2":null,"lang3":null,"adm2_ref_name":"Jowhar","center_lat":2.98592068,"center_lon":45.555283}},
{"type":"Feature","geometry":{"type":"Polygon","coordinates":[[[48.531455994000055,7.428382873000146],[48.501037599000085,7.411164283000119],[48.10088578200009,7.475422117000164],[47.560173798000164,7.56300949000007],[47.54235917300008,7.548181487000079],[47.35930475300006,7.361427712000079],[47.53101730300011,7.191186905000166],[47.378759617000185,7.024630784000124],[47.11100769100011,6.731229782000071],[46.89503002000009,6.886717846000124],[46.53827408500018,6.520982803000095],[46.541549438000175,6.517734722000057],[46.73734156800009,6.474191588000053],[46.99745687200016,6.416105115],[47.29590566200005,6.349458372000072],[47.601027096000166,6.281321558],[47.6888811070001,6.603417515000103],[47.85292881000004,6.740771673000097],[47.891113281000116,6.771301270000038],[48.100729853000075,6.760822503000156],[48.49103546100008,6.74122571900017],[48.51324585000009,7.118141509000054],[48.531455994000055,7.428382873000146]]]},"properties":{"adm2_name":"Gaalkacyo","adm2_name1":null,"adm2_name2":null,"adm2_name3":null,"adm2_pcode":"SO1801","adm1_name":"Mudug","adm1_name1":null,"adm1_name2":null,"adm1_name3":null,"adm1_pcode":"SO18","adm0_name":"Somalia","adm0_name1":null,"adm0_name2":null,"adm0_name3":null,"adm0_pcode":"SO","valid_on":"2025-01-08","valid_to":null,"area_sqkm":15227.3924958,"version":"v03","lang":"en","lang1":null,"lang2":null,"lang3":null,"adm2_ref_name":"Gaalkacyo","center_lat":6.92890205,"center_lon":47.89672675}},
{"type":"Feature","geometry":{"type":"Polygon","coordinates":[[[46.89503002000009,6.886717846000124],[47.11100769100011,6.731229782000071],[47.378759617000185,7.024630784000124],[47.53101730300011,7.191186905000166],[47.35930475300006,7.361427712000079],[47.14701443500002,7.144545966000123],[46.89503002000009,6.886717846000124]]]},"properties":{"adm2_name":"Galdogob","adm2_name1":null,"adm2_name2":null,"adm2_name3":null,"adm2_pcode":"SO1802","adm1_name":"Mudug","adm1_name1":null,"adm1_name2":null,"adm1_name3":null,"adm1_pcode":"SO18","adm0_name":"Somalia","adm0_name1":null,"adm0_name2":null,"adm0_name3":null,"adm0_pcode":"SO","valid_on":"2025-01-08","valid_to":null,"area_sqkm":1986.95451385,"version":"v03","lang":"en","lang1":null,"lang2":null,"lang3":null,"adm2_ref_name":"Galdogob","center_lat":7.04503089,"center_lon":47.22355376}},
{"type":"Feature","geometry":{"type":"Polygon","coordinates":[[[48.49103546100008,6.74122571900017],[48.100729853000075,6.760822503000156],[47.891113281000116,6.771301270000038],[47.85292881000004,6.740771673000097],[47.6888811070001,6.603417515000103],[47.601027096000166,6.281321558],[47.518773586000066,6.106940849000068],[47.35168457000009,5.752929687000119],[47.47101211500018,5.571335793000117],[47.60802459700011,5.19950151300003],[47.64111328100017,5.20147705100004],[48.045671970000114,5.089896673999988],[48.179668747000164,5.057225102000189],[48.296584501000154,5.03017075200006],[48.5368458210001,5.343267827000091],[48.630436736000036,5.465231038000127],[48.68540110300012,5.554034598000044],[48.72607421900011,5.623901366999974],[48.87484901800008,5.856405789000064],[48.96545651700012,6.008832238000025],[48.9871215820001,6.047912598000039],[49.03418464900005,6.148562175],[49.06180191100003,6.213002205000066],[49.08367919900002,6.282470703000172],[49.07916259800015,6.32274293800009],[49.08524704000018,6.391273974000114],[49.113258361000135,6.487260819000085],[49.14419555600006,6.551075935000142],[49.16409993900004,6.601075665000167],[48.842525972000146,6.620780928000158],[48.671035767000035,6.631236076000107],[48.49103546100008,6.74122571900017]]]},"properties":{"adm2_name":"Hobyo","adm2_name1":null,"adm2_name2":null,"adm2_name3":null,"adm2_pcode":"SO1803","adm1_name":"Mudug","adm1_name1":null,"adm1_name2":null,"adm1_name3":null,"adm1_pcode":"SO18","adm0_name":"Somalia","adm0_name1":null,"adm0_name2":null,"adm0_name3":null,"adm0_pcode":"SO","valid_on":"2025-01-08","valid_to":null,"area_sqkm":25450.65522085,"version":"v03","lang":"en","lang1":null,"lang2":null,"lang3":null,"adm2_ref_name":"Hobyo","center_lat":5.90892148,"center_lon":48.16568856}},
{"type":"Feature","geometry":{"type":"Polygon","coordinates":[[[49.16409993900004,6.601075665000167],[49.2070922850001,6.703491211000141],[49.21112060500013,6.733703613000046],[49.28569030700004,6.855549812],[49.312316895000095,6.90789794900013],[49.361206054000036,6.980198859999973],[49.39744567800017,7.049516201000131],[49.42633056600005,7.081481934000067],[49.475280762000125,7.159912109000118],[49.57507324200009,7.293884277000188],[49.60388183600003,7.330078125000114],[49.65069580100004,7.39929199200003],[49.501056671000015,7.571147919000168],[49.44105148300008,7.581146716000092],[49.191047668000124,7.701136112000029],[49.05152867400005,7.70989895800011],[49.031127930000025,7.711120605000019],[48.86266351300003,7.615837165000073],[48.531455994000055,7.428382873000146],[48.51324585000009,7.118141509000054],[48.49103546100008,6.74122571900017],[48.671035767000035,6.631236076000107],[48.842525972000146,6.620780928000158],[49.16409993900004,6.601075665000167]]]},"properties":{"adm2_name":"Jariiban","adm2_name1":null,"adm2_name2":null,"adm2_name3":null,"adm2_pcode":"SO1804","adm1_name":"Mudug","adm1_name1":null,"adm1_name2":null,"adm1_name3":null,"adm1_pcode":"SO18","adm0_name":"Somalia","adm0_name1":null,"adm0_name2":null,"adm0_name3":null,"adm0_pcode":"SO","valid_on":"2025-01-08","valid_to":null,"area_sqkm":10926.92938664,"version":"v03","lang":"en","lang1":null,"lang2":null,"lang3":null,"adm2_ref_name":"Jariiban","center_lat":7.13902681,"center_lon":48.98835974}},
{"type":"Feature","geometry":{"type":"Polygon","coordinates":[[[47.83482460700003,4.332891012000118],[47.8743286130001,4.377319336000141],[47.939418792000026,4.43888902700013],[47.968505859,4.475708008000026],[48.01109956600004,4.544936771000039],[48.0191040040001,4.56390380900018],[48.05847168000008,4.629516602000024],[48.08630371100014,4.667480469000111],[48.16782773800003,4.820187501000078],[48.19736099300013,4.883577824000099],[48.257369996000136,4.974343776000183],[48.296584501000154,5.03017075200006],[48.179668747000164,5.057225102000189],[48.045671970000114,5.089896673999988],[47.64111328100017,5.20147705100004],[47.60802459700011,5.19950151300003],[47.60332190200012,5.141904866000118],[47.501682420000066,4.495310730000142],[47.60546796400007,4.441878966000161],[47.83482460700003,4.332891012000118]]]},"properties":{"adm2_name":"Xarardheere","adm2_name1":null,"adm2_name2":null,"adm2_name3":null,"adm2_pcode":"SO1805","adm1_name":"Mudug","adm1_name1":null,"adm1_name2":null,"adm1_name3":null,"adm1_pcode":"SO18","adm0_name":"Somalia","adm0_name1":null,"adm0_name2":null,"adm0_name3":null,"adm0_pcode":"SO","valid_on":"2025-01-08","valid_to":null,"area_sqkm":5124.1541413,"version":"v03","lang":"en","lang1":null,"lang2":null,"lang3":null,"adm2_ref_name":"Xarardheere","center_lat":4.78595256,"center_lon":47.84846961}},
{"type":"Feature","geometry":{"type":"Polygon","coordinates":[[[49.191047668000124,8.021107673000017],[49.12608500400012,8.03277216500004],[48.424566068000104,8.158518030000096],[48.13103103600014,8.211092949000147],[47.92061584600003,8.0007064670001],[47.986328125000114,8.000122070000145],[47.560173798000164,7.56300949000007],[48.10088578200009,7.475422117000164],[48.501037599000085,7.411164283000119],[48.531455994000055,7.428382873000146],[48.86266351300003,7.615837165000073],[49.031127930000025,7.711120605000019],[49.05152867400005,7.70989895800011],[49.191047668000124,8.021107673000017]]]},"properties":{"adm2_name":"Burtinle","adm2_name1":null,"adm2_name2":null,"adm2_name3":null,"adm2_pcode":"SO1702","adm1_name":"Nugaal","adm1_name1":null,"adm1_name2":null,"adm1_name3":null,"adm1_pcode":"SO17","adm0_name":"Somalia","adm0_name1":null,"adm0_name2":null,"adm0_name3":null,"adm0_pcode":"SO","valid_on":"2025-01-08","valid_to":null,"area_sqkm":9664.85888111,"version":"v03","lang":"en","lang1":null,"lang2":null,"lang3":null,"adm2_ref_name":"Burtinle","center_lat":7.86968691,"center_lon":48.49116333}},
{"type":"Feature","geometry":{"type":"Polygon","coordinates":[[[49.89111328100006,8.401123047000056],[49.84104294400015,8.33114830300002],[49.781063080000195,8.531058311000095],[49.68106079100011,8.581054687],[49.45105743500005,8.591054916000132],[49.300071716000105,8.685411453000029],[49.221130371000015,8.50109863300014],[49.18109130900007,8.411071777000075],[49.21112060500013,8.101074219000111],[49.191047668000124,8.021107673000017],[49.05152867400005,7.70989895800011],[49.191047668000124,7.701136112000029],[49.44105148300008,7.581146716000092],[49.501056671000015,7.571147919000168],[49.65069580100004,7.39929199200003],[49.67889404300007,7.441101074000017],[49.74212646500007,7.559875488000159],[49.75942230200019,7.595613956000022],[49.768905640000014,7.638815880000038],[49.78027343700012,7.670104980000019],[49.82378006000016,7.725358009000161],[49.82553100600012,7.747172832000047],[49.836273193000125,7.76512193700006],[49.809574127000076,7.818270206000136],[49.821861267000145,7.907835007000017],[49.83532714800009,7.934875488000159],[49.860324859000116,7.959856034000097],[49.89208984400017,8.000122070000145],[49.984397889000036,8.09584236100011],[50.01812744100016,8.116699219000054],[50.062068939000085,8.136512756000172],[50.12921524000012,8.198525429000028],[50.1461601260001,8.256526947000054],[50.147144317000084,8.283597946000043],[50.162204743000075,8.319811821000087],[50.17608486900008,8.329104157000131],[50.051067352000075,8.441065788000117],[49.93106460600012,8.461065292],[49.89111328100006,8.401123047000056]]]},"properties":{"adm2_name":"Eyl","adm2_name1":null,"adm2_name2":null,"adm2_name3":null,"adm2_pcode":"SO1703","adm1_name":"Nugaal","adm1_name1":null,"adm1_name2":null,"adm1_name3":null,"adm1_pcode":"SO17","adm0_name":"Somalia","adm0_name1":null,"adm0_name2":null,"adm0_name3":null,"adm0_pcode":"SO","valid_on":"2025-01-08","valid_to":null,"area_sqkm":9308.60946867,"version":"v03","lang":"en","lang1":null,"lang2":null,"lang3":null,"adm2_ref_name":"Eyl","center_lat":8.03914543,"center_lon":49.56220097}},
{"type":"Feature","geometry":{"type":"Polygon","coordinates":[[[49.300071716000105,8.685411453000029],[49.18105316200007,8.771039009000049],[49.11105346700015,8.901026726000055],[49.08111190799997,9.140529632000153],[48.824892976000115,8.877444598000011],[48.73104476900011,8.781038283000157],[48.56104278600009,8.781039238000119],[48.33653422000009,8.543696425],[48.05102920500008,8.241089821000173],[48.13103103600014,8.211092949000147],[48.424566068000104,8.158518030000096],[49.12608500400012,8.03277216500004],[49.191047668000124,8.021107673000017],[49.21112060500013,8.101074219000111],[49.18109130900007,8.411071777000075],[49.221130371000015,8.50109863300014],[49.300071716000105,8.685411453000029]]]},"properties":{"adm2_name":"Garoowe","adm2_name1":null,"adm2_name2":null,"adm2_name3":null,"adm2_pcode":"SO1701","adm1_name":"Nugaal","adm1_name1":null,"adm1_name2":null,"adm1_name3":null,"adm1_pcode":"SO17","adm0_name":"Somalia","adm0_name1":null,"adm0_name2":null,"adm0_name3":null,"adm0_pcode":"SO","valid_on":"2025-01-08","valid_to":null,"area_sqkm":8594.68485812,"version":"v03","lang":"en","lang1":null,"lang2":null,"lang3":null,"adm2_ref_name":"Garoowe","center_lat":8.59332767,"center_lon":48.82211464}},
{"type":"Feature","geometry":{"type":"Polygon","coordinates":[[[47.1008911130001,9.442871094000054],[47.22102468200012,9.659200064000117],[47.36108398400006,9.91088867200017],[47.38110351600005,10.170898437000062],[47.17671187400009,10.386339551000049],[47.01110839800009,10.560913086000141],[46.94110107400019,10.630920410000044],[46.801086426000154,10.790893555000025],[46.78785004900004,10.810588180000025],[46.77111816400003,10.797912597999982],[46.71691131600005,10.77678585100017],[46.66678619400011,10.745031357000187],[46.61024856600005,10.72722339600017],[46.58839035000017,10.727458954000099],[46.51883316100009,10.710417747000065],[46.449707031000116,10.680725098000096],[46.39807128900003,10.681518555000139],[46.34472274800015,10.689684867999972],[46.32053375200013,10.710558891000062],[46.29197311400014,10.74701118500002],[46.23623275699998,10.78039169300007],[46.20611572300015,10.78070068400018],[46.09693908700018,10.762431145000107],[46.031492600000036,10.773018962000151],[46.02680580200001,10.618688668000118],[46.017300808000186,10.296026355000095],[46.0110549260001,10.080881281000131],[46.0495305770001,10.050289796000186],[46.22790527300003,9.90869140600006],[46.46508789100011,9.720092773000033],[46.67498697200011,9.552988349000032],[46.8411254880001,9.421081543000128],[46.91107345000006,9.430989350000175],[47.1008911130001,9.442871094000054]]]},"properties":{"adm2_name":"Ceel Afweyn","adm2_name1":null,"adm2_name2":null,"adm2_name3":null,"adm2_pcode":"SO1502","adm1_name":"Sanaag","adm1_name1":null,"adm1_name2":null,"adm1_name3":null,"adm1_pcode":"SO15","adm0_name":"Somalia","adm0_name1":null,"adm0_name2":null,"adm0_name3":null,"adm0_pcode":"SO","valid_on":"2025-01-08","valid_to":null,"area_sqkm":15670.87405952,"version":"v03","lang":"en","lang1":null,"lang2":null,"lang3":null,"adm2_ref_name":"Ceel Afweyn","center_lat":10.13970386,"center_lon":46.69572893}},
{"type":"Feature","geometry":{"type":"Polygon","coordinates":[[[47.91010960300014,11.120623648000105],[47.86422348000002,11.110217094000063],[47.802223206000065,11.122039795000092],[47.764099121000186,11.111877441000047],[47.72045517000015,11.094652176000068],[47.67439270099999,11.09022521900016],[47.62652587900004,11.117675781000173],[47.576889038000104,11.150499343000149],[47.55742645300012,11.169445991000146],[47.50634384200009,11.181048393000026],[47.422088623000036,11.175392151000096],[47.33410644500003,11.145080566000047],[47.27609252900004,11.118436814000177],[47.256336212000065,11.114375113999984],[47.21807861300016,11.086303711000028],[47.15051269500009,11.0625],[47.14227294900013,11.041076660000101],[47.112651825000114,11.014140129000054],[47.1074829100001,10.992492676000154],[47.08312988300008,10.97570800800014],[47.05029296900011,10.96350097700008],[47.017263222000054,10.960687623000183],[46.98477554300007,10.926614761000053],[46.95582199100005,10.912796021000133],[46.93766403199999,10.914012909000064],[46.921325684000124,10.895476341000062],[46.900886534999984,10.89207267800009],[46.870510101000036,10.858465195000178],[46.84570312500006,10.850190163000093],[46.83445358200015,10.83537483200007],[46.78785004900004,10.810588180000025],[46.801086426000154,10.790893555000025],[46.94110107400019,10.630920410000044],[47.01110839800009,10.560913086000141],[47.17671187400009,10.386339551000049],[47.38110351600005,10.170898437000062],[47.36108398400006,9.91088867200017],[47.22102468200012,9.659200064000117],[47.1008911130001,9.442871094000054],[47.395724374999986,9.460682594000161],[48.07952627000009,9.50245482500003],[48.35961208100002,9.524930710000149],[48.57947656400012,9.542111317000149],[48.60327994800019,10.278813045000106],[48.611083984000174,10.52087402300009],[48.58111572300015,10.530883788999972],[48.48107910200008,10.620910645000038],[48.43109130900007,10.650878906000116],[48.38110351600005,10.72088623000019],[48.20824593400005,10.859214474000112],[47.981079102000194,11.040893555000139],[47.91010960300014,11.120623648000105]]]},"properties":{"adm2_name":"Ceerigaabo","adm2_name1":null,"adm2_name2":null,"adm2_name3":null,"adm2_pcode":"SO1501","adm1_name":"Sanaag","adm1_name1":null,"adm1_name2":null,"adm1_name3":null,"adm1_pcode":"SO15","adm0_name":"Somalia","adm0_name1":null,"adm0_name2":null,"adm0_name3":null,"adm0_pcode":"SO","valid_on":"2025-01-08","valid_to":null,"area_sqkm":25966.56415523,"version":"v03","lang":"en","lang1":null,"lang2":null,"lang3":null,"adm2_ref_name":"Ceerigaabo","center_lat":10.33854421,"center_lon":47.91359232}},
{"type":"Feature","geometry":{"type":"Polygon","coordinates":[[[48.919128418000184,11.238708496000186],[48.87960434000007,11.246534347000079],[48.77373886100003,11.290660858000138],[48.70193862999997,11.307486534000134],[48.66205215500014,11.322547912000061],[48.60409164400005,11.306978226000183],[48.54327392500011,11.310464859000092],[48.517433167000036,11.305782318000183],[48.48721313500005,11.288210869000181],[48.462097168000184,11.280273437000119],[48.40407943700012,11.280787468000142],[48.36010360700004,11.26981353800005],[48.31732177700019,11.230102539000143],[48.28814697300015,11.213439941000104],[48.24168658400009,11.204522244000088],[48.20796966600011,11.178616524000176],[48.18530273400012,11.15252685500019],[48.153503418000184,11.12908935500002],[48.10766220100004,11.12390613499997],[48.09273529000018,11.128661156000078],[48.024597168000014,11.114989281000135],[47.971763611000085,11.112416267000015],[47.925605774000076,11.122970581000061],[47.91010960300014,11.120623648000105],[47.981079102000194,11.040893555000139],[48.20824593400005,10.859214474000112],[48.38110351600005,10.72088623000019],[48.43109130900007,10.650878906000116],[48.48107910200008,10.620910645000038],[48.58111572300015,10.530883788999972],[48.611083984000174,10.52087402300009],[48.60327994800019,10.278813045000106],[48.57947656400012,9.542111317000149],[49.06105066500004,9.57110321600004],[49.05532744700008,9.795805589000054],[49.04637436600012,10.143688631000089],[49.04107662400003,10.350916048000158],[49.031127930000025,10.780883789000143],[48.95616063800003,11.087000292000027],[48.919128418000184,11.238708496000186]]]},"properties":{"adm2_name":"Laasqoray","adm2_name1":null,"adm2_name2":null,"adm2_name3":null,"adm2_pcode":"SO1503","adm1_name":"Sanaag","adm1_name1":null,"adm1_name2":null,"adm1_name3":null,"adm1_pcode":"SO15","adm0_name":"Somalia","adm0_name1":null,"adm0_name2":null,"adm0_name3":null,"adm0_pcode":"SO","valid_on":"2025-01-08","valid_to":null,"area_sqkm":12173.08071436,"version":"v03","lang":"en","lang1":null,"lang2":null,"lang3":null,"adm2_ref_name":"Laasqoray","center_lat":10.46154385,"center_lon":48.82380357}},
{"type":"Feature","geometry":{"type":"Polygon","coordinates":[[[46.91107345000006,9.430989350000175],[46.8411254880001,9.421081543000128],[46.67498697200011,9.552988349000032],[46.46508789100011,9.720092773000033],[46.22790527300003,9.90869140600006],[46.0495305770001,10.050289796000186],[46.090918346000194,9.800583464],[46.166009476000056,9.34753342100015],[46.220996857000046,9.001026154000158],[46.191108697000175,8.821036084000127],[46.61855650000018,8.79862523300011],[46.92108154300013,8.782618196000044],[46.92071609300007,8.843276577000097],[46.91415843400006,9.241027938000116],[46.91107345000006,9.430989350000175]]]},"properties":{"adm2_name":"Caynabo","adm2_name1":null,"adm2_name2":null,"adm2_name3":null,"adm2_pcode":"SO1402","adm1_name":"Sool","adm1_name1":null,"adm1_name2":null,"adm1_name3":null,"adm1_pcode":"SO14","adm0_name":"Somalia","adm0_name1":null,"adm0_name2":null,"adm0_name3":null,"adm0_pcode":"SO","valid_on":"2025-01-08","valid_to":null,"area_sqkm":8073.41015561,"version":"v03","lang":"en","lang1":null,"lang2":null,"lang3":null,"adm2_ref_name":"Caynabo","center_lat":9.38430748,"center_lon":46.53587295}},
{"type":"Feature","geometry":{"type":"Polygon","coordinates":[[[48.041035667000074,8.781130205000125],[47.87699857600012,8.790236427000025],[47.55964472200009,8.808188337],[47.391614650000065,8.817181633000189],[46.92071609300007,8.843276577000097],[46.92108154300013,8.782618196000044],[46.92108154300013,8.761108398000033],[47.00109863300008,8.751098633000083],[47.10107421900017,8.561096191000104],[47.078372408,8.416951476000065],[47.0126040290001,8.000122070000145],[47.30674363600008,8.000218763000078],[47.577760677000185,8.000122070000145],[47.92061584600003,8.0007064670001],[48.13103103600014,8.211092949000147],[48.05102920500008,8.241089821000173],[48.33653422000009,8.543696425],[48.56104278600009,8.781039238000119],[48.409960371000125,8.781127931000128],[48.041035667000074,8.781130205000125]]]},"properties":{"adm2_name":"Laas Caanood","adm2_name1":null,"adm2_name2":null,"adm2_name3":null,"adm2_pcode":"SO1401","adm1_name":"Sool","adm1_name1":null,"adm1_name2":null,"adm1_name3":null,"adm1_pcode":"SO14","adm0_name":"Somalia","adm0_name1":null,"adm0_name2":null,"adm0_name3":null,"adm0_pcode":"SO","valid_on":"2025-01-08","valid_to":null,"area_sqkm":11564.58683131,"version":"v03","lang":"en","lang1":null,"lang2":null,"lang3":null,"adm2_ref_name":"Laas Caanood","center_lat":8.43456583,"center_lon":47.65733026}},
{"type":"Feature","geometry":{"type":"Polygon","coordinates":[[[49.08111190799997,9.140529632000153],[49.06105066500004,9.57110321600004],[48.57947656400012,9.542111317000149],[48.35961208100002,9.524930710000149],[48.07952627000009,9.50245482500003],[48.06092498600003,9.155483533000108],[48.041035667000074,8.781130205000125],[48.409960371000125,8.781127931000128],[48.56104278600009,8.781039238000119],[48.73104476900011,8.781038283000157],[48.824892976000115,8.877444598000011],[49.08111190799997,9.140529632000153]]]},"properties":{"adm2_name":"Taleex","adm2_name1":null,"adm2_name2":null,"adm2_name3":null,"adm2_pcode":"SO1403","adm1_name":"Sool","adm1_name1":null,"adm1_name2":null,"adm1_name3":null,"adm1_pcode":"SO14","adm0_name":"Somalia","adm0_name1":null,"adm0_name2":null,"adm0_name3":null,"adm0_pcode":"SO","valid_on":"2025-01-08","valid_to":null,"area_sqkm":8589.16628507,"version":"v03","lang":"en","lang1":null,"lang2":null,"lang3":null,"adm2_ref_name":"Taleex","center_lat":9.16944907,"center_lon":48.57076799}},
{"type":"Feature","geometry":{"type":"Polygon","coordinates":[[[48.041035667000074,8.781130205000125],[48.06092498600003,9.155483533000108],[48.07952627000009,9.50245482500003],[47.395724374999986,9.460682594000161],[47.1008911130001,9.442871094000054],[46.91107345000006,9.430989350000175],[46.91415843400006,9.241027938000116],[46.92071609300007,8.843276577000097],[47.391614650000065,8.817181633000189],[47.55964472200009,8.808188337],[47.87699857600012,8.790236427000025],[48.041035667000074,8.781130205000125]]]},"properties":{"adm2_name":"Xudun","adm2_name1":null,"adm2_name2":null,"adm2_name3":null,"adm2_pcode":"SO1404","adm1_name":"Sool","adm1_name1":null,"adm1_name2":null,"adm1_name3":null,"adm1_pcode":"SO14","adm0_name":"Somalia","adm0_name1":null,"adm0_name2":null,"adm0_name3":null,"adm0_pcode":"SO","valid_on":"2025-01-08","valid_to":null,"area_sqkm":9104.52341648,"version":"v03","lang":"en","lang1":null,"lang2":null,"lang3":null,"adm2_ref_name":"Xudun","center_lat":9.03929728,"center_lon":47.48609329}},
{"type":"Feature","geometry":{"type":"Polygon","coordinates":[[[46.191108697000175,8.821036084000127],[46.220996857000046,9.001026154000158],[46.166009476000056,9.34753342100015],[46.090918346000194,9.800583464],[46.0495305770001,10.050289796000186],[46.0110549260001,10.080881281000131],[45.90739567200012,10.099687004000089],[45.83111572300015,10.030883789000086],[45.80108642600004,9.921081543000184],[45.851074219000054,9.780883789000143],[45.58424107700017,9.823141690000057],[45.281127930000025,9.870927326000071],[45.28097462800014,9.571370539000043],[45.282312022000156,9.302701583000157],[45.29097744799998,8.57132171],[45.481689453000115,8.508117676000097],[45.61169433600014,8.467895508000083],[45.7656860350001,8.415283203000172],[45.830357105000076,8.3948588290001],[46.11389160200014,8.29992675799997],[46.25098615500019,8.255348538000021],[46.227427618000036,8.488106483000024],[46.191108697000175,8.821036084000127]]]},"properties":{"adm2_name":"Burco","adm2_name1":null,"adm2_name2":null,"adm2_name3":null,"adm2_pcode":"SO1301","adm1_name":"Togdheer","adm1_name1":null,"adm1_name2":null,"adm1_name3":null,"adm1_pcode":"SO13","adm0_name":"Somalia","adm0_name1":null,"adm0_name2":null,"adm0_name3":null,"adm0_pcode":"SO","valid_on":"2025-01-08","valid_to":null,"area_sqkm":16071.53898665,"version":"v03","lang":"en","lang1":null,"lang2":null,"lang3":null,"adm2_ref_name":"Burco","center_lat":9.19395477,"center_lon":45.73698304}},
{"type":"Feature","geometry":{"type":"Polygon","coordinates":[[[47.0126040290001,8.000122070000145],[47.078372408,8.416951476000065],[47.10107421900017,8.561096191000104],[47.00109863300008,8.751098633000083],[46.92108154300013,8.761108398000033],[46.92108154300013,8.782618196000044],[46.61855650000018,8.79862523300011],[46.191108697000175,8.821036084000127],[46.227427618000036,8.488106483000024],[46.25098615500019,8.255348538000021],[46.45092773400012,8.188903809000067],[46.60121345500005,8.136647776000132],[47.0126040290001,8.000122070000145]]]},"properties":{"adm2_name":"Buuhoodle","adm2_name1":null,"adm2_name2":null,"adm2_name3":null,"adm2_pcode":"SO1302","adm1_name":"Togdheer","adm1_name1":null,"adm1_name2":null,"adm1_name3":null,"adm1_pcode":"SO13","adm0_name":"Somalia","adm0_name1":null,"adm0_name2":null,"adm0_name3":null,"adm0_pcode":"SO","valid_on":"2025-01-08","valid_to":null,"area_sqkm":6786.13183791,"version":"v03","lang":"en","lang1":null,"lang2":null,"lang3":null,"adm2_ref_name":"Buuhoodle","center_lat":8.33615001,"center_lon":46.6542156}},
{"type":"Feature","geometry":{"type":"Polygon","coordinates":[[[45.29097744799998,8.57132171],[45.282312022000156,9.302701583000157],[45.28097462800014,9.571370539000043],[45.281127930000025,9.870927326000071],[44.89768219000007,9.941139221000128],[44.83097076399997,9.860952377000103],[44.76972509500018,9.620594678000145],[44.69110107400007,9.31109619100016],[44.690960079000035,8.99646160900005],[44.690954211000076,8.771959543000037],[44.8689401740001,8.710030085000028],[45.23901321100004,8.586702134],[45.29097744799998,8.57132171]]]},"properties":{"adm2_name":"Owdweyne","adm2_name1":null,"adm2_name2":null,"adm2_name3":null,"adm2_pcode":"SO1303","adm1_name":"Togdheer","adm1_name1":null,"adm1_name2":null,"adm1_name3":null,"adm1_pcode":"SO13","adm0_name":"Somalia","adm0_name1":null,"adm0_name2":null,"adm0_name3":null,"adm0_pcode":"SO","valid_on":"2025-01-08","valid_to":null,"area_sqkm":8353.80522836,"version":"v03","lang":"en","lang1":null,"lang2":null,"lang3":null,"adm2_ref_name":"Owdweyne","center_lat":9.25862042,"center_lon":44.98696769}},
{"type":"Feature","geometry":{"type":"Polygon","coordinates":[[[45.281127930000025,9.870927326000071],[45.58424107700017,9.823141690000057],[45.851074219000054,9.780883789000143],[45.80108642600004,9.921081543000184],[45.83111572300015,10.030883789000086],[45.90739567200012,10.099687004000089],[45.901123047000056,10.101074219000054],[45.65503293700016,10.122551720000104],[45.3545506160001,10.148951578000094],[45.101074219,10.170898437000062],[44.89768219000007,9.941139221000128],[45.281127930000025,9.870927326000071]]]},"properties":{"adm2_name":"Sheikh","adm2_name1":null,"adm2_name2":null,"adm2_name3":null,"adm2_pcode":"SO1304","adm1_name":"Togdheer","adm1_name1":null,"adm1_name2":null,"adm1_name3":null,"adm1_pcode":"SO13","adm0_name":"Somalia","adm0_name1":null,"adm0_name2":null,"adm0_name3":null,"adm0_pcode":"SO","valid_on":"2025-01-08","valid_to":null,"area_sqkm":2963.34260607,"version":"v03","lang":"en","lang1":null,"lang2":null,"lang3":null,"adm2_ref_name":"Sheikh","center_lat":9.98644012,"center_lon":45.37836002}},
{"type":"Feature","geometry":{"type":"Polygon","coordinates":[[[46.031492600000036,10.773018962000151],[45.974670410000044,10.781127929999968],[45.91199874900019,10.821513176000167],[45.87855148400007,10.835797310000032],[45.8405075070001,10.845420837],[45.81021188100004,10.867315496000174],[45.78027619700009,10.860718063000093],[45.755676270000095,10.830322266000167],[45.715515137000125,10.817077637000068],[45.68151855500008,10.792480469000054],[45.61813354500009,10.76544952400019],[45.597213746000136,10.764932633000171],[45.57196807800011,10.726197242000183],[45.533027090000076,10.708440479000103],[45.514282227000194,10.691284180000139],[45.48006439200003,10.683760642999971],[45.460693359000174,10.663879395000095],[45.32457720500014,10.660148494000055],[45.2332534790001,10.561992645000032],[45.16308593700006,10.532649994],[45.12944030800003,10.51558208500012],[45.08807373000019,10.508483887000068],[45.04786682200006,10.475002289000031],[45.00518035900018,10.45777511600005],[44.99572753899997,10.433471680000025],[44.94348907500017,10.410817145000067],[44.8806266790001,10.406343460000016],[44.843505859,10.410278319999975],[44.82748413100006,10.41764736100015],[44.7258911130001,10.417480469000054],[44.65870285000017,10.401462555000023],[44.61572265600006,10.382080078000115],[44.56458282500006,10.379600525000058],[44.48155593900009,10.39904499100004],[44.44769287100013,10.400878906000173],[44.41039657599998,10.391789437000114],[44.366558075,10.401334762000033],[44.28818130500002,10.431380272000183],[44.23667671700019,10.473052256000074],[44.15094266500006,10.320891021000023],[44.231079102000024,10.280883789000029],[44.56529385900012,10.060441553000032],[44.731061346000104,9.950939451000067],[44.89768219000007,9.941139221000128],[45.101074219,10.170898437000062],[45.3545506160001,10.148951578000094],[45.65503293700016,10.122551720000104],[45.901123047000056,10.101074219000054],[45.90739567200012,10.099687004000089],[46.0110549260001,10.080881281000131],[46.017300808000186,10.296026355000095],[46.02680580200001,10.618688668000118],[46.031492600000036,10.773018962000151]]]},"properties":{"adm2_name":"Berbera","adm2_name1":null,"adm2_name2":null,"adm2_name3":null,"adm2_pcode":"SO1202","adm1_name":"Woqooyi Galbeed","adm1_name1":null,"adm1_name2":null,"adm1_name3":null,"adm1_pcode":"SO12","adm0_name":"Somalia","adm0_name1":null,"adm0_name2":null,"adm0_name3":null,"adm0_pcode":"SO","valid_on":"2025-01-08","valid_to":null,"area_sqkm":10259.50006712,"version":"v03","lang":"en","lang1":null,"lang2":null,"lang3":null,"adm2_ref_name":"Berbera","center_lat":10.40333605,"center_lon":45.34389878}},
{"type":"Feature","geometry":{"type":"Polygon","coordinates":[[[43.55543233800017,9.375501554000095],[43.570922852000194,9.391113281000116],[43.77181977400005,9.65325636],[43.93095016500013,9.860955238000088],[44.101074219000054,10.130920410000158],[44.040974461000076,10.170954141000095],[43.82092285200014,10.290893555000139],[43.76092529300007,10.300903320000089],[43.72088623000019,10.260925293000128],[43.53094101000005,9.990944862000163],[43.370876309000096,9.80102348400004],[43.31091308600003,9.69110107400013],[43.28967285200008,9.657287598000153],[43.29931640600006,9.611083984000118],[43.34069824200009,9.600280762000125],[43.39831543000014,9.552917480000076],[43.41371,9.512680000000103],[43.44552,9.444889999000054],[43.49151611299999,9.401489258000026],[43.55543233800017,9.375501554000095]]]},"properties":{"adm2_name":"Gebiley","adm2_name1":null,"adm2_name2":null,"adm2_name3":null,"adm2_pcode":"SO1203","adm1_name":"Woqooyi Galbeed","adm1_name1":null,"adm1_name2":null,"adm1_name3":null,"adm1_pcode":"SO12","adm0_name":"Somalia","adm0_name1":null,"adm0_name2":null,"adm0_name3":null,"adm0_pcode":"SO","valid_on":"2025-01-08","valid_to":null,"area_sqkm":4278.01523224,"version":"v03","lang":"en","lang1":null,"lang2":null,"lang3":null,"adm2_ref_name":"Gebiley","center_lat":9.82498164,"center_lon":43.64725633}},
{"type":"Feature","geometry":{"type":"Polygon","coordinates":[[[44.690954211000076,8.771959543000037],[44.690960079000035,8.99646160900005],[44.69110107400007,9.31109619100016],[44.76972509500018,9.620594678000145],[44.83097076399997,9.860952377000103],[44.89768219000007,9.941139221000128],[44.731061346000104,9.950939451000067],[44.56529385900012,10.060441553000032],[44.231079102000024,10.280883789000029],[44.15094266500006,10.320891021000023],[44.040974461000076,10.170954141000095],[44.101074219000054,10.130920410000158],[43.93095016500013,9.860955238000088],[43.77181977400005,9.65325636],[43.570922852000194,9.391113281000116],[43.55543233800017,9.375501554000095],[43.60168457000009,9.359130859000118],[43.64669,9.35833],[43.87188720700016,9.130126953000115],[43.897277831999986,9.100524902000188],[43.98571777300015,9.013488770000151],[44.005920410000044,8.996704102000137],[44.12214998500019,8.957739442000104],[44.324058157000195,8.892905478000102],[44.37908935500019,8.876525879000155],[44.44451904300007,8.853271484000118],[44.690954211000076,8.771959543000037]]]},"properties":{"adm2_name":"Hargeysa","adm2_name1":null,"adm2_name2":null,"adm2_name3":null,"adm2_pcode":"SO1201","adm1_name":"Woqooyi Galbeed","adm1_name1":null,"adm1_name2":null,"adm1_name3":null,"adm1_pcode":"SO12","adm0_name":"Somalia","adm0_name1":null,"adm0_name2":null,"adm0_name3":null,"adm0_pcode":"SO","valid_on":"2025-01-08","valid_to":null,"area_sqkm":13709.98532099,"version":"v03","lang":"en","lang1":null,"lang2":null,"lang3":null,"adm2_ref_name":"Hargeysa","center_lat":9.54619998,"center_lon":44.22031006}}
]}