{
"type": "FeatureCollection",
"name": "juba_shabelle_catchments",
"crs": { "type": "name", "properties": { "name": "urn:ogc:def:crs:OGC:1.3:CRS84" } },
"features": [
{"type":"Feature","properties":{"name":"Juba","part":"full","area_km2":216442,"n_basins":1679},"geometry":{"type":"Polygon","coordinates":[[[38.679733954535614,4.089456176757828],[38.678599378797763,4.093877156575537],[38.674604119194896,4.099032253689252],[38.66751759847007,4.100850762261301],[38.66609937879776,4.106377156575537],[38.663067287868941,4.110289510091162],[38.6625,4.116666666666683],[38.650909254286042,4.117290242513037],[38.649432712131095,4.123043823242204],[38.64487355550132,4.128510877821197],[38.6311228434245,4.129733954535606],[38.627210489908876,4.132766045464426],[38.622789510091167,4.133900621202273],[38.613202921549501,4.142595757378489],[38.611932712131093,4.152210489908871],[38.604733954535611,4.160289510091163],[38.604166666666686,4.1625],[38.601742214626753,4.162853325737863],[38.598257785373285,4.166313340928836],[38.580908881293425,4.16701999240453],[38.573257785373286,4.174646674262169],[38.55662044949004,4.175353325737865],[38.552424452039951,4.171186659071197],[38.544120449490038,4.170480007595502],[38.539924452039948,4.174646674262169],[38.535075547960091,4.175353325737865],[38.53125,4.179152086046024],[38.527424452039952,4.175353325737865],[38.518408881293425,4.174646674262169],[38.514924452039949,4.171186659071197],[38.510787116156706,4.170480007595502],[38.506591118706616,4.174646674262169],[38.501742214626752,4.175353325737865],[38.494091118706613,4.182980007595503],[38.4857871161567,4.183686659071197],[38.481591118706618,4.179519992404531],[38.479166666666686,4.179166666666683],[38.476956176757831,4.179733954535607],[38.473043823242207,4.182766045464426],[38.468622843424498,4.183900621202273],[38.464710489908875,4.186932712131093],[38.442575920952706,4.188123575846371],[38.44078691270618,4.195094468858524],[38.432586669921896,4.196400621202274],[38.427210489908873,4.192233954535607],[38.422789510091164,4.19109937879776],[38.41875,4.187968614366336],[38.41471048990887,4.19109937879776],[38.411753336588561,4.192233954535607],[38.406377156575537,4.18806728786894],[38.393622843424495,4.186932712131093],[38.389710489908872,4.183900621202273],[38.3875,4.18333333333335],[38.385075547960085,4.183686659071197],[38.369091118706613,4.199646674262169],[38.360075547960086,4.200353325737864],[38.356591118706618,4.203813340928837],[38.351742214626753,4.204519992404531],[38.342024400499149,4.214211697048628],[38.341666666666683,4.216666666666684],[38.340815734863298,4.219982571072066],[38.335289510091165,4.221400621202275],[38.323043823242202,4.232766045464427],[38.31338738335505,4.234041680230051],[38.3125,4.2375],[38.310075547960089,4.23714667426217],[38.306591118706613,4.233686659071198],[38.301742214626756,4.232980007595503],[38.298257785373281,4.229519992404531],[38.293408881293416,4.228813340928836],[38.285416327582482,4.220846218533003],[38.269091118706612,4.23714667426217],[38.2625,4.2375],[38.261649068196633,4.240815904405399],[38.256122843424492,4.242233954535608],[38.246753099229615,4.250582885742205],[38.245266045464426,4.256377156575538],[38.242233954535607,4.260289510091163],[38.241099378797763,4.264710489908872],[38.238067287868944,4.268622843424497],[38.236932712131093,4.273043823242205],[38.233900621202274,4.27695617675783],[38.23276604546443,4.281377156575538],[38.229733954535604,4.285289510091163],[38.22859937879776,4.298043823242205],[38.225567287868941,4.30195617675783],[38.225,4.304166666666685],[38.224646674262168,4.323257785373282],[38.221186659071194,4.326742214626754],[38.220480007595505,4.331591118706616],[38.217019992404531,4.335075547960088],[38.216313340928835,4.339924452039948],[38.212853325737861,4.343408881293421],[38.2125,4.345833333333351],[38.212146674262172,4.360757785373282],[38.20834723578561,4.364584011501755],[38.216313340928835,4.372575547960087],[38.217019992404531,4.377424452039949],[38.220480007595505,4.380908881293421],[38.221186659071194,4.385757785373283],[38.224985419379358,4.389583333333352],[38.221186659071194,4.393408881293421],[38.220480007595505,4.398257785373282],[38.217019992404531,4.401742214626754],[38.216313340928835,4.406591118706616],[38.208686659071198,4.414242214626755],[38.20833333333335,4.420833333333352],[38.20833333333335,4.425],[38.207980007595502,4.427424452039949],[38.204519992404528,4.430908881293421],[38.203813340928839,4.435757785373283],[38.200353325737865,4.439242214626755],[38.2,4.445833333333352],[38.2125,4.445833333333352],[38.213350931803404,4.449149237738734],[38.218877156575537,4.450567287868942],[38.222789510091161,4.453599378797762],[38.235543823242203,4.454733954535609],[38.240920003255226,4.458900621202275],[38.243877156575536,4.457766045464428],[38.249253336588559,4.453599378797762],[38.256377156575539,4.454733954535609],[38.260289510091162,4.457766045464428],[38.264710489908872,4.458900621202275],[38.268622843424495,4.461932712131095],[38.27083333333335,4.4625],[38.271186659071198,4.464924452039949],[38.274646674262172,4.468408881293422],[38.275353325737868,4.47742445203995],[38.278813340928835,4.480908881293422],[38.279166666666683,4.495833333333353],[38.279166666666683,4.504166666666686],[38.282672119140642,4.50506625705297],[38.283333333333353,4.5125],[38.282980007595505,4.51492445203995],[38.279519992404531,4.518408881293422],[38.278813340928835,4.523257785373284],[38.275353325737868,4.526742214626756],[38.274646674262172,4.535757785373283],[38.271186659071198,4.539242214626755],[38.27083333333335,4.545833333333353],[38.286586676703578,4.546440972222242],[38.2875,4.55],[38.287853325737863,4.585757785373284],[38.293376498752188,4.59130859375002],[38.298257785373281,4.592019992404534],[38.307978481716596,4.601714409722242],[38.308333333333351,4.608333333333354],[38.307980007595503,4.610757785373284],[38.304519992404529,4.614242214626756],[38.303813340928833,4.619091118706617],[38.292019992404533,4.630908881293423],[38.291313340928838,4.63504638671877],[38.295819430881096,4.639584011501757],[38.287853325737863,4.64757554796009],[38.287146674262168,4.652424452039951],[38.279519992404531,4.660075547960091],[38.278813340928835,4.668379720052104],[38.282980007595505,4.67257554796009],[38.283686659071201,4.677424452039951],[38.287146674262168,4.680908881293424],[38.2875,4.691666666666688],[38.2875,4.695833333333354],[38.2875,4.716666666666688],[38.286838785807312,4.724100409613737],[38.281122843424498,4.725567287868945],[38.273043823242205,4.73276604546443],[38.268622843424495,4.733900621202278],[38.264710489908872,4.736932712131098],[38.260289510091162,4.738067287868945],[38.246736823187952,4.750645616319465],[38.245833333333351,4.754166666666688],[38.230908881293416,4.754519992404536],[38.219091118706615,4.766313340928841],[38.214242214626751,4.767019992404535],[38.206591118706612,4.774646674262174],[38.156618923611127,4.775353325737869],[38.150358072916681,4.769123670789952],[38.149646674262172,4.764242214626758],[38.144124518500448,4.758692423502625],[38.139951070149756,4.757980007595508],[38.131591118706616,4.766313340928841],[38.129166666666684,4.766666666666688],[38.128813340928836,4.769091118706619],[38.125014580620679,4.772916666666688],[38.128813340928836,4.776742214626758],[38.129519992404532,4.793379720052105],[38.125353325737862,4.797575547960092],[38.124646674262166,4.802424452039952],[38.117019992404529,4.810075547960091],[38.116666666666681,4.8125],[38.110075547960086,4.812853325737869],[38.098257785373278,4.824646674262175],[38.089953782823365,4.825353325737868],[38.085416327582479,4.820847574869814],[38.079522365993938,4.826712036132834],[38.078813340928832,4.835757785373286],[38.071186659071195,4.843408881293424],[38.070480007595499,4.85659111870662],[38.067019992404532,4.860075547960092],[38.066313340928836,4.864924452039952],[38.056621805826836,4.874642266167557],[38.054166666666696,4.875],[38.054519992404529,4.88159111870662],[38.058318752712687,4.885416666666689],[38.054519992404529,4.889242214626758],[38.053813340928833,4.90659111870662],[38.046186659071196,4.914242214626759],[38.045833333333363,4.916666666666689],[38.046186659071196,4.923257785373286],[38.053813340928833,4.930908881293425],[38.054166666666681,4.933333333333357],[38.054166666666681,4.9375],[38.053813340928833,4.939924452039953],[38.039954460991765,4.953808932834225],[38.0375,4.95416666666669],[38.037853325737863,4.960757785373287],[38.041313340928838,4.96424221462676],[38.042019992404526,4.98159111870662],[38.045480007595501,4.985075547960093],[38.046186659071196,4.998257785373287],[38.053813340928833,5.005908881293426],[38.054519992404529,5.019091118706621],[38.057980007595503,5.022575547960093],[38.058686659071199,5.03159111870662],[38.062146674262166,5.035075547960092],[38.062853325737862,5.044091118706621],[38.066313340928836,5.047575547960093],[38.067019992404532,5.064924452039954],[38.070480007595499,5.068408881293426],[38.071186659071195,5.073257785373288],[38.074646674262169,5.07674221462676],[38.075353325737865,5.085757785373287],[38.078813340928832,5.08924221462676],[38.07916666666668,5.1],[38.076956176757825,5.100567287868948],[38.073043823242202,5.103599378797767],[38.067517598470069,5.105017428927976],[38.0658157348633,5.111649237738739],[38.0625,5.1125],[38.061932712131089,5.114710489908878],[38.05890062120227,5.118622843424504],[38.057482401529967,5.12414923773874],[38.051956176757827,5.125567287868948],[38.048043823242203,5.128599378797768],[38.043622843424494,5.129733954535615],[38.03397081163196,5.138488769531275],[38.032766045464427,5.15510389539933],[38.04109937879776,5.164456176757837],[38.042233954535604,5.168877156575546],[38.045266045464423,5.172789510091171],[38.046400621202274,5.202210489908879],[38.049432712131093,5.206122843424504],[38.050567287868937,5.210543823242213],[38.053599378797756,5.214456176757837],[38.054733954535607,5.221770562065997],[38.046400621202274,5.231122843424505],[38.045833333333363,5.2375],[38.045266045464423,5.239710489908879],[38.038067287868941,5.247789510091171],[38.03693271213109,5.255103895399331],[38.045266045464423,5.264456176757838],[38.046541849772154,5.274112616644991],[38.053315734863297,5.275850931803411],[38.054733954535607,5.281377156575546],[38.057766045464426,5.285289510091172],[38.058333333333351,5.2875],[38.058333333333351,5.295833333333359],[38.062104119194892,5.296801079644123],[38.066099378797759,5.301956176757838],[38.067233954535602,5.335543823242213],[38.070266045464422,5.339456176757839],[38.071400621202272,5.343877156575546],[38.078599378797762,5.351956176757838],[38.080017598470064,5.357482401529975],[38.08333333333335,5.358333333333359],[38.083900621202275,5.368877156575547],[38.086932712131095,5.372789510091172],[38.088067287868938,5.381377156575548],[38.091197882758266,5.385416666666693],[38.088067287868938,5.38945617675784],[38.086932712131095,5.398043823242213],[38.082937452528228,5.40319892035593],[38.075850931803402,5.405017598470079],[38.074432712131092,5.410543823242215],[38.071400621202272,5.414456176757839],[38.070833333333347,5.45],[38.071186659071195,5.452424452039958],[38.074646674262169,5.45590888129343],[38.075353325737865,5.460757785373291],[38.078813340928832,5.464242214626763],[38.079519992404528,5.489212883843344],[38.075014580620675,5.49375],[38.078813340928832,5.497575547960096],[38.079519992404528,5.51837955051001],[38.075353325737865,5.522575547960097],[38.075,5.529166666666694],[38.07916666666668,5.529166666666694],[38.102424452039948,5.528813340928847],[38.110415988498282,5.520847235785618],[38.114242214626749,5.52464667426218],[38.123257785373283,5.525353325737875],[38.126742214626752,5.528813340928847],[38.135757785373279,5.529519992404541],[38.139242214626755,5.532980007595514],[38.14166666666668,5.533333333333361],[38.141099378797762,5.539710489908882],[38.137968783908434,5.54375],[38.141099378797762,5.547789510091174],[38.142233954535605,5.552210489908882],[38.149432712131095,5.560289510091174],[38.150661214192723,5.574100409613743],[38.156377156575537,5.575567287868951],[38.165963745117203,5.584262593587267],[38.167233954535604,5.593877156575549],[38.170266045464423,5.597789510091173],[38.170833333333348,5.6],[38.173043823242203,5.599432712131104],[38.176956176757827,5.596400621202285],[38.189710489908869,5.595266045464438],[38.193758816189252,5.592128499348986],[38.201956176757832,5.599432712131104],[38.206377156575535,5.600567287868952],[38.215729437934044,5.608900621202284],[38.218877156575537,5.607766045464437],[38.222789510091161,5.604733954535618],[38.228505452473975,5.60326707628041],[38.229166666666686,5.595833333333362],[38.231591118706618,5.596186659071209],[38.23714192708335,5.601709832085532],[38.237853325737866,5.606591118706625],[38.245819430881092,5.614582655164959],[38.242019992404529,5.618408881293432],[38.241313340928833,5.639924452039959],[38.237853325737866,5.643408881293431],[38.237146674262171,5.651715596516956],[38.245480007595503,5.660075547960098],[38.246186659071199,5.664924452039959],[38.249646674262166,5.668408881293431],[38.25,5.695833333333362],[38.253458150227878,5.696720716688397],[38.25473395453561,5.70637715657555],[38.257766045464429,5.710289510091174],[38.258900621202272,5.714710489908883],[38.266099378797762,5.722789510091175],[38.267233954535605,5.739710489908884],[38.270266045464425,5.743622843424508],[38.27083333333335,5.745833333333362],[38.270266045464425,5.75637715657555],[38.267135450575104,5.760416666666696],[38.270364549424933,5.764583333333363],[38.267233954535605,5.768622843424509],[38.266099378797762,5.771579996744821],[38.270266045464425,5.776956176757842],[38.271541849772156,5.786612616644994],[38.277210489908875,5.788067287868953],[38.282714165581616,5.792657131618953],[38.283333333333353,5.804166666666696],[38.284184265136737,5.807482401529978],[38.28971048990887,5.808900621202287],[38.299381679958785,5.817672559950116],[38.3,5.829166666666696],[38.297789510091164,5.82973395453562],[38.28971048990887,5.836932712131107],[38.286753336588561,5.838067287868954],[38.280134412977446,5.832937452528242],[38.278269958496111,5.825672743055586],[38.265816582573805,5.824432712131106],[38.258972676595072,5.830140177408884],[38.257766045464429,5.846579996744822],[38.2620312160916,5.852083333333363],[38.258900621202272,5.85612284342451],[38.257766045464429,5.864710489908884],[38.25473395453561,5.868622843424509],[38.253599378797759,5.871579996744822],[38.257766045464429,5.876956176757843],[38.258900621202272,5.888246663411488],[38.25473395453561,5.893622843424509],[38.253599378797759,5.904913330078156],[38.257766045464429,5.910289510091177],[38.258900621202272,5.914710489908884],[38.2627646552192,5.919696214464006],[38.254827880859395,5.921732923719649],[38.253599378797759,5.935543823242218],[38.250468783908438,5.939583333333364],[38.253599378797759,5.94362284342451],[38.25473395453561,5.956377156575552],[38.257766045464429,5.960289510091177],[38.258900621202272,5.964710489908885],[38.2627646552192,5.969696214464006],[38.256122843424492,5.971400621202288],[38.252210489908869,5.974432712131108],[38.25,5.975],[38.24914906819663,5.978315734863312],[38.245833333333351,5.979166666666698],[38.245833333333351,5.9875],[38.248257785373283,5.987853325737879],[38.253810967339426,5.993378872341611],[38.254519992404532,6.002424452039962],[38.257980007595506,6.005908881293434],[38.258686659071195,6.010757785373295],[38.262146674262169,6.014242214626767],[38.262853325737865,6.023257785373295],[38.266313340928839,6.026742214626768],[38.266666666666687,6.029166666666698],[38.273257785373282,6.029519992404546],[38.28714226616755,6.043378872341611],[38.2875,6.045833333333348],[38.287853325737863,6.056591118706613],[38.291652086046021,6.060416666666683],[38.287853325737863,6.064242214626752],[38.287146674262168,6.085046386718766],[38.291313340928838,6.089242214626752],[38.291666666666686,6.116666666666683],[38.29512481689455,6.117554050021718],[38.296400621202274,6.127210489908871],[38.299432712131093,6.131122843424496],[38.300567287868944,6.135543823242203],[38.311932712131096,6.147789510091162],[38.31320851643882,6.157445949978316],[38.318877156575539,6.158900621202274],[38.326956176757832,6.16609937879776],[38.335543823242205,6.167233954535607],[38.347789510091161,6.17859937879776],[38.354166666666686,6.179166666666683],[38.354166666666686,6.2],[38.354166666666686,6.204166666666683],[38.357482401529964,6.205017598470085],[38.359184265136733,6.211649068196648],[38.3625,6.2125],[38.363161214192729,6.219933742947082],[38.368877156575536,6.221400621202291],[38.372789510091167,6.22443271213111],[38.381377156575539,6.225567287868957],[38.385289510091162,6.228599378797776],[38.4,6.2291666666667],[38.4,6.23333333333335],[38.404166666666683,6.23333333333335],[38.40489773220488,6.240658569335954],[38.411554633246546,6.242612033420157],[38.413130187988301,6.247980753580746],[38.42020314534507,6.256185913085955],[38.421463521321634,6.260480753580747],[38.42436981201174,6.264519246419288],[38.425630187988297,6.26881408691408],[38.429663933648023,6.274419148763038],[38.428300815158437,6.287792290581615],[38.42298092312285,6.283963690863732],[38.413907708062084,6.28270297580297],[38.411869812011737,6.289647420247413],[38.408963521321631,6.293685913085955],[38.407703145345067,6.30631408691408],[38.404796854654968,6.310352579752622],[38.403536478678404,6.314647420247414],[38.400579833984395,6.318755764431442],[38.407703145345067,6.327019246419288],[38.408963521321631,6.33131408691408],[38.411869812011737,6.335352579752622],[38.413130187988301,6.34381408691408],[38.420253499348973,6.352077568901928],[38.417296854654964,6.356185913085955],[38.416666666666686,6.366666666666685],[38.41887715657554,6.367233954535608],[38.422789510091164,6.370266045464428],[38.431377156575536,6.371400621202275],[38.435289510091167,6.374432712131094],[38.4408157348633,6.375850762261303],[38.442517598470069,6.382482571072067],[38.449149068196633,6.384184095594637],[38.450567287868942,6.389710489908873],[38.453599378797762,6.393622843424497],[38.454733954535612,6.398043823242206],[38.457766045464425,6.401956176757831],[38.458900621202275,6.405103895399324],[38.450567287868942,6.414456176757831],[38.45,6.420833333333352],[38.453315734863303,6.421684095594637],[38.454733954535612,6.427210489908873],[38.457766045464425,6.431122843424498],[38.459301079644113,6.437103949652796],[38.464456176757828,6.441099378797762],[38.466666666666683,6.441666666666686],[38.467196146647154,6.44808146158856],[38.471869235568597,6.453512573242207],[38.480249701605921,6.454696316189255],[38.490565999348973,6.445319620768248],[38.495060729980487,6.446719699435783],[38.496362813313823,6.452248128255228],[38.511970520019553,6.468585205078144],[38.513029479980489,6.475940619574672],[38.508862813313819,6.481085205078144],[38.508333333333354,6.491666666666686],[38.505017598470069,6.492517428927971],[38.503599378797759,6.498043823242207],[38.492233954535607,6.510289510091165],[38.491666666666688,6.516666666666686],[38.487134128146721,6.51782972547745],[38.495266045464426,6.526956176757832],[38.496400621202277,6.531377156575541],[38.499432712131096,6.535289510091165],[38.500850931803406,6.540815904405402],[38.504166666666684,6.541666666666686],[38.507672119140643,6.542566257052971],[38.508333333333354,6.55],[38.510757785373286,6.550353325737866],[38.523283555772586,6.562853325737867],[38.527424452039952,6.562146674262173],[38.535075547960091,6.554519992404534],[38.545833333333356,6.554166666666687],[38.54526604546443,6.577210489908873],[38.542233954535611,6.581122843424499],[38.54109937879776,6.585543823242208],[38.533795166015643,6.593741183810784],[38.537895880805138,6.599032253689256],[38.54387715657554,6.600567287868944],[38.549295722113733,6.605086263020853],[38.550567287868944,6.614710489908875],[38.557871500651061,6.622907850477451],[38.554635450575105,6.627083333333354],[38.557766045464426,6.6311228434245],[38.558900621202277,6.639710489908874],[38.561932712131096,6.6436228434245],[38.563067287868947,6.648043823242208],[38.571416219075537,6.657413736979187],[38.578315734863303,6.659184095594639],[38.579733954535612,6.664710489908875],[38.599432712131097,6.685289510091167],[38.6,6.691666666666688],[38.599646674262175,6.698257785373285],[38.596186659071201,6.701742214626757],[38.595833333333353,6.725],[38.604166666666686,6.725],[38.604524739583354,6.727457004123285],[38.610416327582485,6.733319091796896],[38.614242214626756,6.729519992404535],[38.620833333333351,6.729166666666687],[38.625,6.729166666666687],[38.625850931803406,6.725850762261306],[38.629166666666684,6.725],[38.63248240152997,6.725850762261306],[38.633333333333354,6.729166666666687],[38.630017598470076,6.730017428927972],[38.629166666666684,6.733333333333354],[38.624432712131096,6.734548272026931],[38.62695617675783,6.736932712131098],[38.629166666666684,6.7375],[38.629166666666684,6.741666666666688],[38.629519992404532,6.752424452039952],[38.632980007595506,6.755908881293424],[38.633686659071202,6.764924452039952],[38.641313340928839,6.772575547960091],[38.641666666666687,6.783333333333355],[38.641666666666687,6.7875],[38.641099378797762,6.789710489908876],[38.638067287868942,6.793622843424501],[38.636791483561218,6.803279283311653],[38.6311228434245,6.804733954535612],[38.627210489908876,6.807766045464431],[38.621684265136736,6.80918409559464],[38.620833333333351,6.8125],[38.623257785373283,6.812853325737869],[38.626742214626759,6.816313340928842],[38.641666666666687,6.816666666666689],[38.648257785373282,6.817019992404536],[38.651742214626758,6.820480007595508],[38.656591118706615,6.821186659071202],[38.662141927083354,6.826709662543425],[38.662853325737871,6.831591118706619],[38.668376498752188,6.837141927083355],[38.673257785373281,6.83785332573787],[38.691309102376323,6.855879380967904],[38.691666666666684,6.858333333333356],[38.694091118706616,6.857980007595508],[38.698287116156706,6.853813340928841],[38.702424452039949,6.854519992404536],[38.706250678168423,6.858319430881099],[38.714951070149759,6.849646674262175],[38.719091118706615,6.850353325737869],[38.722575547960091,6.853813340928841],[38.731591118706618,6.854519992404536],[38.739242214626756,6.862146674262175],[38.752424452039953,6.86285332573787],[38.755908881293422,6.866313340928841],[38.764924452039949,6.867019992404536],[38.768408881293425,6.870480007595509],[38.770833333333357,6.870833333333356],[38.777424452039952,6.870480007595509],[38.780908881293421,6.867019992404536],[38.795833333333356,6.866666666666688],[38.798290167914516,6.866308593750022],[38.803813340928841,6.860757785373286],[38.804166666666688,6.845833333333355],[38.810757785373283,6.845480007595508],[38.818408881293422,6.83785332573787],[38.823257785373286,6.837146674262175],[38.826742214626755,6.833686659071203],[38.852424452039955,6.832980007595507],[38.855908881293423,6.829519992404536],[38.860757785373288,6.828813340928841],[38.864242214626756,6.825353325737868],[38.879166666666691,6.825],[38.880066257052974,6.82850545247398],[38.894933742947067,6.829827880859397],[38.896400621202275,6.83554382324221],[38.899432712131102,6.839456176757834],[38.900704277886305,6.849080403645855],[38.906122843424498,6.853599378797766],[38.910543823242207,6.854733954535613],[38.915920003255231,6.858900621202279],[38.92304382324221,6.857766045464432],[38.926956176757834,6.854733954535613],[38.943877156575546,6.853599378797766],[38.94778951009117,6.850567287868946],[38.956377156575542,6.849432712131098],[38.960289510091165,6.846400621202279],[38.964710489908875,6.845266045464432],[38.970086669921898,6.841099378797765],[38.973043823242207,6.842233954535612],[38.976956176757838,6.845266045464432],[38.98971048990888,6.846400621202279],[38.995086669921896,6.850567287868946],[39.007436794704887,6.849326239691862],[39.00890062120228,6.843622843424502],[39.016099378797769,6.83554382324221],[39.017517428927974,6.830017428927974],[39.023043823242212,6.828599378797765],[39.026956176757835,6.825567287868946],[39.054166666666688,6.825],[39.058333333333358,6.825],[39.077424452039956,6.824646674262175],[39.081620279947941,6.820480007595508],[39.085757785373289,6.821186659071202],[39.089242214626758,6.824646674262175],[39.108333333333356,6.825],[39.110757785373288,6.824646674262175],[39.118408881293426,6.817019992404536],[39.125,6.816666666666689],[39.129166666666691,6.816666666666689],[39.131591118706623,6.817019992404536],[39.135075547960092,6.820480007595508],[39.1375,6.820833333333355],[39.138161214192735,6.828267076280404],[39.141666666666694,6.829166666666689],[39.142517428927974,6.83248257107207],[39.14914923773874,6.83418409559464],[39.15,6.8375],[39.152424452039952,6.837146674262175],[39.156620279947944,6.832980007595507],[39.164924452039955,6.833686659071203],[39.16912027994794,6.83785332573787],[39.173257785373288,6.837146674262175],[39.176742214626763,6.833686659071203],[39.179166666666688,6.833333333333355],[39.186600409613739,6.833994547526064],[39.188387383355057,6.840958319769987],[39.198043823242209,6.842233954535612],[39.20195617675784,6.845266045464432],[39.204166666666694,6.845833333333355],[39.204519992404542,6.843408881293424],[39.207980007595509,6.839924452039952],[39.208691406250026,6.835042995876758],[39.214242214626758,6.829519992404536],[39.21666666666669,6.829166666666689],[39.229166666666693,6.829166666666689],[39.231591118706625,6.829519992404536],[39.235075547960093,6.832980007595507],[39.244091118706621,6.833686659071203],[39.247575547960096,6.837146674262175],[39.25,6.8375],[39.250850762261308,6.83418409559464],[39.254166666666691,6.833333333333355],[39.273257785373289,6.832980007595507],[39.276742214626765,6.829519992404536],[39.291666666666693,6.829166666666689],[39.292517428927979,6.825850762261306],[39.295833333333356,6.825],[39.306618245442735,6.824645657009571],[39.316313340928843,6.814924452039953],[39.31702473958336,6.810042995876758],[39.322575547960092,6.804519992404535],[39.325,6.804166666666688],[39.329166666666694,6.804166666666688],[39.356591118706625,6.803813340928841],[39.360075547960093,6.800353325737869],[39.373257785373291,6.799646674262174],[39.376742214626759,6.796186659071202],[39.381623670789956,6.795475260416689],[39.387146674262176,6.789924452039952],[39.387853325737872,6.785075547960091],[39.391313340928846,6.781591118706618],[39.392019992404542,6.776742214626758],[39.395480007595509,6.773257785373286],[39.396189032660615,6.764212036132834],[39.401742214626765,6.758686659071202],[39.40416666666669,6.758333333333354],[39.40833333333336,6.758333333333354],[39.409237331814261,6.761855400933181],[39.425746663411488,6.763067287868945],[39.43125,6.758801947699673],[39.435289510091174,6.761932712131098],[39.440815904405412,6.763350762261306],[39.441666666666691,6.766666666666688],[39.444091118706623,6.767019992404535],[39.455908881293432,6.778813340928841],[39.458333333333357,6.779166666666688],[39.457980007595509,6.781591118706618],[39.454519992404542,6.785075547960091],[39.453813340928846,6.793379720052105],[39.457980007595509,6.797575547960092],[39.458686659071205,6.802424452039952],[39.462146674262179,6.805908881293425],[39.462853325737875,6.814924452039953],[39.466313340928849,6.818408881293425],[39.466666666666697,6.825],[39.467517428927977,6.828315904405404],[39.473043823242215,6.829733954535612],[39.482413736979197,6.838082885742209],[39.483900621202281,6.843877156575543],[39.4869327121311,6.847789510091168],[39.4875,6.85],[39.491666666666696,6.85],[39.514924452039956,6.850353325737869],[39.518408881293432,6.853813340928841],[39.523257785373289,6.854519992404536],[39.527453613281274,6.858686659071203],[39.539924452039955,6.857980007595508],[39.543408881293431,6.854519992404536],[39.545833333333363,6.854166666666689],[39.55,6.854166666666689],[39.558333333333358,6.854166666666689],[39.557980007595511,6.85659111870662],[39.550013902452285,6.864582655164953],[39.553813340928848,6.868408881293425],[39.554519992404543,6.88159111870662],[39.557980007595511,6.885075547960092],[39.558333333333358,6.895833333333355],[39.558691406250027,6.89829033745662],[39.564242214626766,6.903813340928842],[39.570833333333361,6.904166666666689],[39.571400621202287,6.906377156575543],[39.574432712131106,6.910289510091168],[39.575708346896732,6.919945949978321],[39.582672119140653,6.921732923719641],[39.583333333333364,6.929166666666689],[39.583686659071205,6.931591118706621],[39.587146674262179,6.935075547960093],[39.5875,6.94166666666669],[39.588350762261314,6.944982571072071],[39.593877156575552,6.94640062120228],[39.607429673936657,6.958978949652801],[39.608900621202288,6.964710489908877],[39.61609937879777,6.972789510091169],[39.617233954535621,6.977210489908877],[39.62026604546444,6.981122843424503],[39.621494547526069,6.994933742947072],[39.627210489908883,6.99640062120228],[39.633320109049507,7.00149570041235],[39.629733954535617,7.006122843424503],[39.629166666666691,7.016666666666691],[39.629827880859402,7.024100409613739],[39.635543823242216,7.025567287868947],[39.63945617675784,7.028599378797766],[39.643877156575549,7.029733954535613],[39.649344211154542,7.034293280707489],[39.65,7.041666666666691],[39.65331590440541,7.042517428927975],[39.654733954535615,7.048043823242211],[39.657766045464442,7.051956176757836],[39.65833333333336,7.05416666666669],[39.658900621202285,7.077210489908878],[39.661932712131104,7.081122843424503],[39.663067287868955,7.085543823242212],[39.666099378797774,7.089456176757837],[39.667233954535618,7.092413330078148],[39.663067287868955,7.09778951009117],[39.661932712131104,7.102210489908878],[39.658900621202285,7.106122843424503],[39.657766045464442,7.118877156575545],[39.654733954535615,7.12278951009117],[39.65331590440541,7.128315904405406],[39.646684095594644,7.130017428927976],[39.645266045464439,7.135543823242212],[39.642233954535619,7.139456176757837],[39.641666666666694,7.141666666666691],[39.642233954535619,7.143877156575545],[39.649432712131102,7.151956176757837],[39.650850762261314,7.157482401529972],[39.656377156575552,7.158900621202282],[39.660289510091175,7.161932712131101],[39.664710489908884,7.163067287868948],[39.669865587022599,7.167062547471813],[39.670833333333363,7.170833333333357],[39.667517428927979,7.171684265136744],[39.666666666666693,7.175],[39.666666666666693,7.179166666666692],[39.663161214192733,7.180066257052976],[39.661932712131104,7.193877156575546],[39.658900621202285,7.197789510091171],[39.65833333333336,7.204166666666691],[39.674086507161483,7.20477413601348],[39.675850762261312,7.211649068196639],[39.68137715657555,7.213067287868949],[39.686532253689265,7.217062547471813],[39.6875,7.220833333333358],[39.689924452039961,7.221186659071206],[39.694120279947946,7.225353325737872],[39.698257785373293,7.224646674262178],[39.701742214626762,7.221186659071206],[39.704166666666694,7.220833333333358],[39.704519992404542,7.227424452039956],[39.712146674262179,7.235075547960095],[39.7125,7.241666666666692],[39.733333333333363,7.241666666666692],[39.733900621202288,7.248043823242213],[39.736932712131107,7.251956176757838],[39.738067287868951,7.256377156575546],[39.763208685980935,7.282445949978325],[39.768877156575549,7.283900621202283],[39.772789510091172,7.286932712131102],[39.777210489908882,7.288067287868949],[39.781122843424505,7.291099378797769],[39.785543823242215,7.292233954535616],[39.790698920355929,7.296229214138481],[39.792517428927979,7.303315734863308],[39.798043823242217,7.304733954535616],[39.801956176757841,7.307766045464435],[39.80637715657555,7.308900621202283],[39.810289510091174,7.311932712131102],[39.818877156575553,7.313067287868949],[39.824032253689268,7.317062547471814],[39.82556728786895,7.323043823242213],[39.841099378797772,7.339456176757839],[39.841666666666697,7.354166666666693],[39.843826972113746,7.354784308539523],[39.847839694552981,7.35771569146053],[39.865859646267388,7.359038967556449],[39.867284138997427,7.368826802571641],[39.870947265625027,7.373841179741779],[39.877160305447077,7.375617641872856],[39.881173027886312,7.378549024793863],[39.88549363878041,7.379784308539523],[39.890508015950552,7.383447265625026],[39.891666666666694,7.3875],[39.892517598470064,7.390815734863308],[39.899338785807309,7.392566257052978],[39.900567287868938,7.406377156575547],[39.908916219075536,7.415746900770426],[39.915815734863294,7.417517598470079],[39.917233954535604,7.423043823242214],[39.920266045464423,7.426956176757839],[39.920833333333348,7.429166666666694],[39.952424452039942,7.429519992404541],[39.956620449490032,7.433686659071207],[39.985757785373281,7.432980007595512],[39.989242214626749,7.429519992404541],[39.994091118706613,7.428813340928846],[39.997575547960082,7.425353325737873],[40.008333333333347,7.425],[40.01666666666668,7.425],[40.029166666666683,7.425],[40.052424452039944,7.42464667426218],[40.055908881293419,7.421186659071207],[40.0625,7.42083333333336],[40.063235134548627,7.413302612304713],[40.074028354220935,7.41173180474178],[40.075,7.40833333333336],[40.081591118706612,7.407980007595512],[40.085075547960088,7.40451999240454],[40.0875,7.404166666666693],[40.089710489908867,7.40359937879777],[40.093622843424498,7.400567287868951],[40.0980438232422,7.399432712131103],[40.106241183810781,7.392128499348985],[40.111753336588556,7.396400621202283],[40.118877156575536,7.395266045464436],[40.131122843424492,7.383900621202283],[40.16471048990887,7.382766045464436],[40.176956176757827,7.371400621202284],[40.181377156575536,7.370266045464436],[40.186753336588559,7.366099378797769],[40.198043823242202,7.367233954535616],[40.201956176757832,7.370266045464436],[40.207482401529965,7.371684265136745],[40.209232923719632,7.378505452473984],[40.216666666666683,7.379166666666693],[40.227172682020417,7.379771762424071],[40.232792663574237,7.383938429090739],[40.240950520833351,7.382503594292562],[40.242369927300366,7.367631022135443],[40.248006015353752,7.366061570909315],[40.260327317979616,7.354771762424072],[40.2625,7.354166666666693],[40.262146674262169,7.339242214626762],[40.258686659071195,7.33575778537329],[40.258333333333347,7.32083333333336],[40.260543823242202,7.320266045464436],[40.281122843424498,7.300567287868949],[40.287104119194893,7.299032253689262],[40.29109937879776,7.293877156575546],[40.29251759847007,7.288350931803411],[40.298043823242203,7.286932712131102],[40.301956176757827,7.283900621202283],[40.320833333333354,7.283333333333359],[40.321186659071195,7.276742214626761],[40.324646674262169,7.273257785373289],[40.325353325737865,7.255908881293428],[40.328813340928839,7.252424452039955],[40.329166666666687,7.245833333333358],[40.33333333333335,7.245833333333358],[40.339710489908875,7.245266045464435],[40.347789510091161,7.238067287868949],[40.353583780924495,7.236580234103758],[40.361932712131093,7.227210489908879],[40.363350931803403,7.221684265136744],[40.368877156575536,7.220266045464435],[40.372789510091167,7.217233954535615],[40.375,7.216666666666692],[40.375899590386304,7.22017211914065],[40.383333333333354,7.220833333333358],[40.384105936686218,7.224113633897595],[40.388499281141513,7.2254820081923],[40.394892544216596,7.22030385335289],[40.414748297797324,7.221362813313827],[40.426918368869373,7.232803853352889],[40.429166666666688,7.233333333333358],[40.431591118706613,7.233686659071205],[40.439582655164948,7.241652764214435],[40.443408881293422,7.237853325737873],[40.452424452039949,7.237146674262178],[40.456250678168423,7.233347235785615],[40.464242214626758,7.241313340928844],[40.469091118706615,7.242019992404539],[40.473287116156705,7.246186659071206],[40.477424452039948,7.245480007595511],[40.48125,7.241681247287351],[40.485075547960086,7.245480007595511],[40.4875,7.245833333333358],[40.488350931803403,7.242517598470077],[40.493877156575536,7.241099378797768],[40.5061228434245,7.229733954535615],[40.524020894368512,7.2285339355469],[40.528599378797765,7.223043823242213],[40.530134412977446,7.217062547471813],[40.535289510091168,7.213067287868949],[40.54387715657554,7.211932712131102],[40.547789510091164,7.208900621202282],[40.578253343370243,7.20772586398657],[40.580017598470072,7.20085093180341],[40.586649068196635,7.19914906819664],[40.5875,7.195833333333358],[40.591666666666683,7.195833333333358],[40.595833333333353,7.195833333333358],[40.596191406250021,7.198290167914521],[40.601742214626753,7.203813340928845],[40.604166666666686,7.204166666666691],[40.608333333333356,7.204166666666691],[40.609232923719638,7.20767211914065],[40.623043823242206,7.208900621202282],[40.62695617675783,7.211932712131102],[40.639710489908872,7.213067287868949],[40.643622843424502,7.216099378797768],[40.648043823242205,7.217233954535615],[40.651956176757835,7.220266045464435],[40.656377156575545,7.221400621202282],[40.668622843424501,7.232766045464435],[40.67304382324221,7.233900621202283],[40.676956176757834,7.236932712131102],[40.681377156575543,7.238067287868949],[40.685289510091167,7.241099378797768],[40.691666666666684,7.241666666666692],[40.692563035753061,7.238173760308185],[40.704913330078142,7.236932712131102],[40.710289510091165,7.241099378797768],[40.715815734863298,7.242517598470077],[40.71666666666669,7.245833333333358],[40.733333333333356,7.245833333333358],[40.749221123589429,7.246531168619817],[40.75079888237849,7.261998664008273],[40.760364956325972,7.270190599229626],[40.7625,7.270833333333359],[40.764924452039949,7.270480007595511],[40.76875,7.266681247287352],[40.772575547960088,7.270480007595511],[40.785757785373285,7.271186659071207],[40.789583333333354,7.274985419379366],[40.793408881293423,7.271186659071207],[40.823257785373286,7.270480007595511],[40.826742214626755,7.267019992404539],[40.839924452039952,7.266313340928845],[40.843408881293428,7.262853325737872],[40.852424452039955,7.262146674262178],[40.860075547960093,7.254519992404539],[40.883333333333354,7.254166666666692],[40.886649237738737,7.253315734863307],[40.8875,7.25],[40.894091118706619,7.249646674262178],[40.897575547960088,7.246186659071206],[40.9,7.245833333333358],[40.90416666666669,7.245833333333358],[40.903543090820335,7.234242587619383],[40.897789510091165,7.232766045464435],[40.893877156575542,7.229733954535615],[40.891666666666687,7.229166666666692],[40.891666666666687,7.2125],[40.895719401041688,7.211341179741778],[40.899382527669296,7.20632680257164],[40.900794135199675,7.196627468533011],[40.911528184678843,7.195065138075112],[40.913426378038217,7.188426378038219],[40.920719401041687,7.186341179741778],[40.924382527669295,7.18132680257164],[40.92561747233075,7.177006530761743],[40.928549194335957,7.172993469238306],[40.930245632595508,7.1670593261719],[40.947907172309051,7.150554741753497],[40.952006361219638,7.153549194335962],[40.960493638780406,7.154784138997421],[40.964506361219641,7.157715691460528],[40.968826972113739,7.158950975206188],[40.977006361219644,7.166049024793861],[40.979166666666693,7.166666666666691],[40.979827880859396,7.159232923719642],[40.98554382324221,7.157766045464435],[40.993622843424504,7.150567287868948],[40.99932284884985,7.149104478624157],[41.016099378797769,7.131377156575545],[41.016666666666687,7.129166666666691],[41.023286946614604,7.128811645507836],[41.028813340928842,7.123257785373289],[41.02916666666669,7.120833333333358],[41.035543823242207,7.120266045464434],[41.043622843424501,7.113067287868947],[41.049149237738739,7.111649237738739],[41.050850762261305,7.105017428927976],[41.056377156575543,7.103599378797767],[41.0686228434245,7.092233954535614],[41.075,7.091666666666691],[41.074646674262176,7.085075547960093],[41.070480007595506,7.080879720052107],[41.071186659071202,7.068408881293426],[41.075353325737872,7.064213053385441],[41.074646674262176,7.060075547960093],[41.070847913954019,7.05625],[41.075353325737872,7.05171305338544],[41.074646674262176,7.043408881293427],[41.070480007595506,7.03921305338544],[41.071186659071202,7.035075547960092],[41.074646674262176,7.03159111870662],[41.075353325737872,7.022575547960093],[41.078813340928846,7.019091118706621],[41.079519992404535,7.005908881293426],[41.082980007595509,7.002424452039953],[41.083686659071205,6.997575547960093],[41.087146674262179,6.994091118706621],[41.087853325737868,6.98924221462676],[41.095480007595512,6.98159111870662],[41.09583333333336,6.979166666666689],[41.1,6.979166666666689],[41.111502414279535,6.978489515516516],[41.113117472330757,6.972839694552974],[41.13271586100263,6.952160305447071],[41.134259711371548,6.94675971137155],[41.139660305447073,6.945215861002627],[41.143673027886308,6.942284138997419],[41.149073621961833,6.940740288628495],[41.150617472330751,6.935339694552974],[41.153549194335959,6.931326972113737],[41.154901801215303,6.917469278971376],[41.1660098605686,6.915852525499155],[41.166666666666693,6.895833333333355],[41.170172119140652,6.894933742947071],[41.170833333333356,6.8875],[41.173257785373288,6.887146674262175],[41.176742214626763,6.883686659071203],[41.185757785373291,6.882980007595508],[41.189242214626759,6.879519992404536],[41.194091118706623,6.878813340928842],[41.197575547960092,6.875353325737869],[41.206591118706619,6.874646674262175],[41.210075547960095,6.871186659071203],[41.22083333333336,6.870833333333356],[41.223290337456625,6.871191406250022],[41.228813340928845,6.876742214626758],[41.229524739583361,6.881623670789953],[41.235075547960093,6.887146674262175],[41.2375,6.8875],[41.239924452039958,6.887146674262175],[41.243408881293426,6.883686659071203],[41.256591118706623,6.882980007595508],[41.260075547960092,6.879519992404536],[41.266666666666694,6.87916666666669],[41.28333333333336,6.87916666666669],[41.3,6.87916666666669],[41.299646674262178,6.872575547960092],[41.29584791395402,6.86875],[41.299646674262178,6.864924452039952],[41.300353325737873,6.851742214626759],[41.308319430881099,6.843750678168425],[41.304519992404536,6.839924452039952],[41.303813340928848,6.835075547960091],[41.299646674262178,6.830879720052105],[41.300353325737873,6.826742214626758],[41.320480007595513,6.806591118706619],[41.321186659071209,6.801742214626758],[41.324646674262176,6.798257785373286],[41.325353325737872,6.793408881293424],[41.337146674262179,6.781591118706618],[41.3375,6.779166666666688],[41.356591118706625,6.778813340928841],[41.360075547960093,6.775353325737869],[41.383333333333361,6.775],[41.398257785373289,6.774646674262174],[41.401742214626765,6.771186659071202],[41.414924452039955,6.770480007595507],[41.418408881293431,6.767019992404535],[41.420833333333363,6.766666666666688],[41.420833333333363,6.7625],[41.421186659071211,6.751742214626757],[41.424646674262178,6.748257785373285],[41.425,6.745833333333355],[41.428505452473985,6.74493374294707],[41.429166666666696,6.7375],[41.429733954535614,6.735289510091167],[41.436932712131103,6.727210489908876],[41.438067287868947,6.722789510091166],[41.441099378797773,6.718877156575542],[41.442634412977455,6.712896050347243],[41.44778951009117,6.708900621202278],[41.453505452473983,6.707433742947069],[41.454733954535619,6.6936228434245],[41.457766045464439,6.689710489908875],[41.458900621202282,6.685289510091167],[41.461932712131102,6.681377156575541],[41.4625,6.679166666666688],[41.460339694552978,6.678549194335958],[41.456326972113743,6.67561747233075],[41.446483018663223,6.674184841579882],[41.445833333333361,6.65],[41.44939744737416,6.649085489908875],[41.45056728786895,6.614456176757832],[41.457766045464439,6.606377156575541],[41.458333333333357,6.604166666666687],[41.447575547960099,6.60381334092884],[41.437854682074679,6.594118923611131],[41.437146674262181,6.580908881293423],[41.433686659071206,6.577424452039951],[41.432980007595511,6.560075547960089],[41.429519992404543,6.556591118706617],[41.428813340928848,6.551742214626756],[41.425353325737873,6.548257785373284],[41.425,6.545833333333353],[41.425353325737873,6.530908881293422],[41.428813340928848,6.52742445203995],[41.429519992404543,6.52257554796009],[41.432980007595511,6.519091118706617],[41.433686659071206,6.514242214626755],[41.437486097547769,6.510415988498283],[41.428813340928848,6.501715766059047],[41.429519992404543,6.472575547960089],[41.437146674262181,6.464924452039949],[41.437853325737876,6.460075547960088],[41.445480007595513,6.452424452039949],[41.445833333333361,6.45],[41.448257785373293,6.449646674262172],[41.451742214626762,6.446186659071199],[41.460757785373289,6.445480007595505],[41.464242214626765,6.442019992404532],[41.469091118706622,6.441313340928838],[41.472575547960098,6.437853325737866],[41.477424452039955,6.437146674262172],[41.480908881293431,6.433686659071199],[41.483333333333363,6.433333333333352],[41.498257785373291,6.433686659071199],[41.502453613281276,6.437853325737866],[41.506591118706623,6.437146674262172],[41.510075547960099,6.433686659071199],[41.523257785373289,6.432980007595505],[41.530908881293428,6.425353325737866],[41.535757785373292,6.424646674262172],[41.539242214626761,6.421186659071199],[41.566666666666691,6.420833333333352],[41.567233954535617,6.410289510091165],[41.570266045464436,6.406377156575539],[41.571801079644125,6.400396050347241],[41.57695617675784,6.396400621202275],[41.582482571072077,6.394982571072067],[41.583333333333364,6.391666666666685],[41.583333333333364,6.3875],[41.5875,6.3875],[41.6,6.3875],[41.603315904405406,6.386649237738734],[41.604166666666693,6.383333333333352],[41.604166666666693,6.379166666666685],[41.604166666666693,6.375],[41.607672119140652,6.374100409613733],[41.608333333333363,6.366666666666685],[41.608333333333363,6.3625],[41.608686659071211,6.360075547960088],[41.612146674262178,6.356591118706616],[41.612853325737873,6.347575547960087],[41.624646674262181,6.335757785373282],[41.625353325737876,6.330908881293421],[41.628813340928851,6.327424452039948],[41.629519992404539,6.31840888129342],[41.637853325737872,6.310049099392379],[41.637146674262183,6.301742214626754],[41.633686659071209,6.298257785373282],[41.632980007595513,6.289242214626753],[41.628813340928851,6.285046386718768],[41.629519992404539,6.280908881293421],[41.637146674262183,6.273257785373281],[41.637853325737872,6.264242214626753],[41.649646674262179,6.252424452039948],[41.65,6.25],[41.660757785373292,6.24964667426217],[41.668408881293431,6.242019992404531],[41.673257785373295,6.241313340928837],[41.676742214626763,6.237853325737865],[41.679166666666696,6.2375],[41.6875,6.2375],[41.6875,6.23333333333335],[41.695833333333361,6.23333333333335],[41.696186659071209,6.222575547960087],[41.699646674262183,6.219091118706615],[41.7,6.216666666666684],[41.7,6.2125],[41.7,6.20833333333335],[41.703559027777807,6.207419840494809],[41.704166666666694,6.191666666666683],[41.707624647352461,6.190779283311665],[41.732766045464437,6.164710489908886],[41.734036254882838,6.155095926920605],[41.743622843424511,6.146400621202289],[41.753279283311663,6.145124816894564],[41.754166666666698,6.141666666666699],[41.756591118706623,6.141313340928852],[41.760075547960099,6.137853325737879],[41.764924452039956,6.137146674262185],[41.768408881293432,6.133686659071213],[41.773257785373296,6.132980007595519],[41.776742214626765,6.129519992404546],[41.789924452039962,6.128813340928851],[41.793408881293431,6.12535332573788],[41.798257785373295,6.124646674262185],[41.805908881293433,6.117019992404546],[41.810757785373291,6.116313340928851],[41.818408881293429,6.108686659071212],[41.825,6.108333333333365],[41.825899590386314,6.111838785807324],[41.833333333333364,6.1125],[41.841666666666697,6.1125],[41.841666666666697,6.108333333333365],[41.857419840494821,6.107725863986577],[41.859252929687528,6.100582885742219],[41.868622843424511,6.092233954535622],[41.874376424153674,6.090757412380674],[41.875567287868954,6.068622843424511],[41.878599378797773,6.064710489908886],[41.880017428927978,6.05918426513675],[41.886649237738744,6.057482401529979],[41.888419596354197,6.050582885742219],[41.897789510091172,6.042233954535622],[41.902210489908882,6.041099378797774],[41.906122843424512,6.038067287868955],[41.910543823242215,6.036932712131108],[41.914456176757845,6.033900621202289],[41.928206719292568,6.032677374945778],[41.93276604546444,6.027210489908885],[41.934184095594645,6.02168426513675],[41.940815904405412,6.01998240152998],[41.942517428927985,6.013350931803417],[41.949417114257841,6.011580234103764],[41.957766045464439,6.002210489908886],[41.958333333333364,6.0],[41.9625,6.0],[41.963637288411491,6.004431321885882],[41.96875,6.000468783908452],[41.972789510091175,6.003599378797775],[41.9791666666667,6.004166666666698],[41.99075741238066,6.003543090820328],[41.991666666666681,6.0],[41.992517598470066,5.99668426513675],[41.99914906819663,5.994982401529979],[42.00056728786894,5.989456176757844],[42.011932712131092,5.977210489908885],[42.013067287868935,5.968622843424511],[42.016099378797762,5.964710489908885],[42.017233954535605,5.960289510091177],[42.024432712131095,5.952210489908885],[42.025567287868938,5.94362284342451],[42.028599378797757,5.939710489908885],[42.029733954535608,5.926956176757843],[42.04109937879776,5.914710489908884],[42.042634412977449,5.908729214138486],[42.047789510091164,5.904733954535621],[42.05,5.904166666666697],[42.052424452039944,5.90381334092885],[42.055908881293419,5.900353325737878],[42.0625,5.9],[42.075,5.9],[42.075353325737865,5.889242214626766],[42.079519992404528,5.885046217176679],[42.078813340928832,5.8725755479601],[42.070480007595499,5.864215596516957],[42.071186659071195,5.851742214626766],[42.074646674262169,5.848257785373294],[42.075353325737865,5.843408881293433],[42.078813340928832,5.839924452039961],[42.079166666666701,5.829166666666696],[42.085787116156702,5.828811815049943],[42.091313340928835,5.823257785373293],[42.092022365993941,5.814212205674943],[42.097575547960083,5.80868665907121],[42.1107871161567,5.80797848171661],[42.116313340928833,5.80242445203996],[42.117019992404529,5.797575547960099],[42.125353325737862,5.789215596516957],[42.124644978841161,5.776712883843345],[42.119091118706613,5.77118665907121],[42.116666666666681,5.770833333333362],[42.116666666666681,5.741666666666696],[42.127424452039946,5.742019992404543],[42.130908881293422,5.745480007595516],[42.135757785373279,5.74618665907121],[42.139242214626755,5.749646674262182],[42.14166666666668,5.75],[42.14166666666668,5.7375],[42.145437452528228,5.736532253689266],[42.149432712131095,5.73137715657555],[42.150850931803404,5.725850931803414],[42.154166666666683,5.725],[42.16887715657554,5.724432712131105],[42.172789510091164,5.721400621202286],[42.181377156575536,5.720266045464439],[42.197789510091162,5.704733954535619],[42.206377156575535,5.703599378797772],[42.210289510091165,5.700567287868953],[42.215958150227884,5.699112616644994],[42.217233954535608,5.689456176757841],[42.220266045464427,5.685543823242217],[42.220833333333353,5.679166666666696],[42.228267076280396,5.678505452473987],[42.229166666666686,5.675],[42.233333333333348,5.675],[42.234184265136733,5.671684265136747],[42.2375,5.670833333333362],[42.238105095757398,5.668660651312963],[42.241061570909302,5.664672682020428],[42.24277581108943,5.658516777886313],[42.24782731797962,5.654771762424074],[42.253983222113732,5.653057522243952],[42.258938429090726,5.646374003092476],[42.257728237575975,5.643660651312962],[42.253561570909305,5.638040669759143],[42.25499640570748,5.629882812500028],[42.2625,5.629166666666695],[42.262853325737865,5.614242214626764],[42.270480007595502,5.606591118706625],[42.27083333333335,5.591666666666695],[42.273043823242205,5.591099378797772],[42.282396104600714,5.582766045464437],[42.285543823242207,5.583900621202285],[42.290920003255223,5.588067287868951],[42.298043823242203,5.586932712131104],[42.306122843424497,5.579733954535618],[42.315779283311649,5.578458150227893],[42.316666666666684,5.575],[42.320833333333354,5.575],[42.325,5.575],[42.339924452039945,5.574646674262181],[42.347575547960091,5.567019992404542],[42.358333333333348,5.566666666666695],[42.359184265136733,5.569982401529976],[42.3625,5.570833333333361],[42.364924452039951,5.571186659071208],[42.372575547960089,5.578813340928847],[42.377424452039946,5.579519992404542],[42.381620449490036,5.583686659071208],[42.394091118706612,5.582980007595514],[42.401742214626751,5.575353325737876],[42.414924452039948,5.574646674262181],[42.41875,5.570847913954021],[42.422575547960086,5.574646674262181],[42.427424452039951,5.575353325737876],[42.430908881293419,5.578813340928847],[42.445833333333354,5.579166666666694],[42.446186659071202,5.576742214626764],[42.462146674262172,5.560757785373291],[42.462853325737868,5.55590888129343],[42.470480007595505,5.548257785373291],[42.470833333333353,5.5375],[42.473043823242207,5.536932712131104],[42.476956176757831,5.533900621202284],[42.493877156575536,5.532766045464437],[42.499253336588559,5.528599378797771],[42.506377156575539,5.529733954535618],[42.511753336588562,5.533900621202284],[42.518877156575542,5.532766045464437],[42.522789510091165,5.529733954535618],[42.531377156575537,5.528599378797771],[42.535289510091168,5.525567287868951],[42.54494594997832,5.524291483561226],[42.545833333333356,5.520833333333361],[42.5625,5.520833333333361],[42.564924452039946,5.520480007595514],[42.568408881293422,5.517019992404541],[42.570833333333354,5.516666666666694],[42.571732923719637,5.513161214192736],[42.586600409613737,5.511838785807319],[42.588387383355055,5.504875183105496],[42.598043823242207,5.50359937879777],[42.606122843424501,5.496400621202284],[42.61054382324221,5.495266045464437],[42.614456176757834,5.492233954535617],[42.627210489908876,5.49109937879777],[42.6311228434245,5.488067287868951],[42.635543823242209,5.486932712131104],[42.639456176757832,5.483900621202284],[42.643877156575542,5.482766045464437],[42.647789510091165,5.479733954535617],[42.652210489908875,5.47859937879777],[42.656122843424498,5.475567287868951],[42.6625,5.475],[42.666083780924502,5.474080234103759],[42.674432712131093,5.464710489908882],[42.675623575846373,5.442575920952718],[42.682750447591168,5.440746900770426],[42.691099378797766,5.431377156575548],[42.691666666666684,5.429166666666694],[42.693877156575539,5.42859937879777],[42.701956176757832,5.421400621202284],[42.706377156575542,5.420266045464436],[42.710289510091165,5.417233954535616],[42.73137715657554,5.416099378797769],[42.735289510091164,5.41306728786895],[42.739710489908873,5.411932712131103],[42.743622843424497,5.408900621202283],[42.748043823242206,5.407766045464436],[42.751956176757837,5.404733954535617],[42.757672119140643,5.403267076280408],[42.758333333333354,5.39583333333336],[42.764924452039949,5.396186659071207],[42.769120449490039,5.400353325737873],[42.794091118706618,5.399646674262179],[42.797575547960093,5.396186659071207],[42.8,5.39583333333336],[42.800661214192729,5.388399590386311],[42.804166666666688,5.3875],[42.804827880859399,5.394933742947075],[42.810543823242206,5.396400621202283],[42.8186228434245,5.40359937879777],[42.823043823242209,5.404733954535617],[42.826956176757832,5.407766045464436],[42.831377156575542,5.408900621202283],[42.836532253689256,5.412895880805149],[42.8375,5.416666666666693],[42.854166666666686,5.416666666666693],[42.857482571072069,5.417517598470079],[42.858333333333356,5.42083333333336],[42.8625,5.42083333333336],[42.863399590386308,5.424338785807318],[42.870833333333358,5.425],[42.871684095594638,5.428315734863308],[42.877210489908876,5.429733954535617],[42.882586669921899,5.433900621202284],[42.885543823242209,5.432766045464437],[42.889456176757832,5.429733954535617],[42.893877156575542,5.42859937879777],[42.906122843424498,5.417233954535616],[42.929166666666688,5.416666666666693],[42.929733954535614,5.410289510091173],[42.941099378797766,5.398043823242213],[42.942634412977455,5.392062547471815],[42.94778951009117,5.38806728786895],[42.956377156575542,5.386932712131102],[42.969845241970511,5.374432712131103],[42.977210489908877,5.37556728786895],[42.982586669921901,5.379733954535617],[42.98971048990888,5.37859937879777],[42.993622843424504,5.37556728786895],[42.999149237738735,5.37414906819664],[43.0,5.37083333333336],[43.023257785373289,5.371186659071206],[43.030908881293428,5.378813340928845],[43.039924452039955,5.37951999240454],[43.043408881293423,5.382980007595513],[43.05,5.38333333333336],[43.052424452039951,5.382980007595513],[43.055908881293426,5.37951999240454],[43.064924452039953,5.378813340928845],[43.06875,5.375014580620686],[43.072916666666693,5.379152086046034],[43.077453613281271,5.374646674262179],[43.081591118706619,5.375353325737874],[43.085075547960095,5.378813340928845],[43.089924452039952,5.37951999240454],[43.093408881293428,5.382980007595513],[43.106591118706618,5.383686659071207],[43.110416666666694,5.387485419379367],[43.114953613281273,5.382980007595513],[43.135757785373286,5.383686659071207],[43.139242214626762,5.387146674262179],[43.141666666666694,5.3875],[43.142021687825547,5.380879550510009],[43.147575547960095,5.375353325737874],[43.15,5.375],[43.15416666666669,5.375],[43.160757785373285,5.375353325737874],[43.164242214626761,5.378813340928845],[43.173257785373288,5.37951999240454],[43.185075547960096,5.391313340928846],[43.1875,5.391666666666693],[43.18785807291669,5.38920983208553],[43.194118923611136,5.382980007595513],[43.198257785373286,5.383686659071207],[43.202083333333356,5.387485419379367],[43.206620279947941,5.382980007595513],[43.210757785373289,5.383686659071207],[43.214242214626758,5.387146674262179],[43.244091118706621,5.387853325737874],[43.247575547960096,5.391313340928846],[43.260757785373286,5.39201999240454],[43.264242214626762,5.395480007595513],[43.269091118706619,5.396186659071207],[43.281616889105926,5.408686659071208],[43.285757785373292,5.407980007595512],[43.289583333333361,5.404181247287353],[43.29375,5.408318752712701],[43.297575547960093,5.40451999240454],[43.329166666666694,5.404166666666693],[43.339924452039959,5.403813340928846],[43.343408881293428,5.400353325737873],[43.352424452039955,5.399646674262179],[43.360075547960093,5.39201999240454],[43.364924452039958,5.391313340928846],[43.368408881293426,5.387853325737874],[43.373257785373291,5.387146674262179],[43.380908881293429,5.37951999240454],[43.395833333333357,5.379166666666693],[43.398257785373289,5.378813340928845],[43.401742214626765,5.375353325737874],[43.406591118706622,5.374646674262179],[43.410075547960098,5.371186659071206],[43.416666666666693,5.37083333333336],[43.417024400499159,5.368378194173204],[43.426742214626763,5.358686659071207],[43.429166666666696,5.358333333333359],[43.429166666666696,5.354166666666693],[43.432695515950549,5.355072360568602],[43.433900621202284,5.373043823242214],[43.441099378797773,5.381122843424505],[43.442634412977455,5.387104119194905],[43.44778951009117,5.39109937879777],[43.475,5.391666666666693],[43.475,5.39583333333336],[43.47585076226131,5.399149068196641],[43.481377156575547,5.400567287868951],[43.485289510091171,5.40359937879777],[43.48971048990888,5.404733954535617],[43.493622843424504,5.407766045464436],[43.508333333333361,5.40833333333336],[43.514710489908879,5.407766045464436],[43.524062771267388,5.399432712131103],[43.531377156575545,5.400567287868951],[43.536753336588568,5.404733954535617],[43.55221048990888,5.40359937879777],[43.556122843424504,5.400567287868951],[43.561649237738742,5.399149068196641],[43.5625,5.39583333333336],[43.561649237738742,5.392517598470079],[43.554562717013916,5.390698920355929],[43.550567287868951,5.385543823242214],[43.549432712131107,5.381122843424505],[43.546400621202281,5.37721048990888],[43.545266045464437,5.368622843424506],[43.542233954535618,5.36471048990888],[43.541099378797767,5.360289510091172],[43.533900621202285,5.35221048990888],[43.53333333333336,5.35],[43.52589959038631,5.349338785807317],[43.524432712131102,5.343622843424505],[43.517233954535619,5.335543823242213],[43.516099378797769,5.324253336588567],[43.520266045464439,5.318877156575547],[43.521400621202282,5.311753336588568],[43.517233954535619,5.306377156575547],[43.516099378797769,5.299253336588567],[43.520266045464439,5.293877156575546],[43.521400621202282,5.281122843424505],[43.524432712131102,5.27721048990888],[43.525567287868952,5.272789510091171],[43.528599378797772,5.268877156575546],[43.529733954535615,5.265920003255234],[43.525468614366346,5.260416666666692],[43.528599378797772,5.256377156575546],[43.529733954535615,5.247789510091171],[43.54537455240888,5.231262715657577],[43.542233954535618,5.227210489908879],[43.541099378797767,5.222789510091171],[43.538067287868948,5.218877156575546],[43.536932712131104,5.210289510091171],[43.533900621202285,5.206377156575545],[43.53333333333336,5.2],[43.536649237738743,5.19914906819664],[43.538067287868948,5.193622843424504],[43.541099378797767,5.18971048990888],[43.542634412977456,5.183729214138479],[43.547789510091171,5.179733954535616],[43.55221048990888,5.178599378797768],[43.556122843424504,5.175567287868948],[43.565779283311656,5.174291483561222],[43.567233954535617,5.168622843424504],[43.570266045464436,5.164710489908879],[43.570833333333361,5.15],[43.577424452039956,5.150353325737871],[43.580908881293432,5.153813340928844],[43.5875,5.154166666666692],[43.59081590440541,5.153315904405407],[43.592580159505239,5.146440972222247],[43.624086507161486,5.145225694444469],[43.625,5.141666666666691],[43.625603230794297,5.126019626193601],[43.635289510091177,5.117233954535615],[43.673989868164092,5.11607089572485],[43.67859937879777,5.110543823242212],[43.679733954535621,5.106122843424503],[43.68276604546444,5.102210489908878],[43.684252929687531,5.096416219075545],[43.693622843424507,5.088067287868947],[43.699149237738744,5.086649237738739],[43.700850762261311,5.080017428927976],[43.706377156575549,5.078599378797767],[43.710289510091172,5.075567287868948],[43.7125,5.075],[43.713161214192738,5.067566257052976],[43.72043728298614,5.065698920355926],[43.724432712131104,5.060543823242211],[43.725,5.058333333333357],[43.735757785373295,5.05798000759551],[43.739583333333364,5.05418124728735],[43.744120279947943,5.058686659071205],[43.748257785373291,5.05798000759551],[43.751742214626766,5.054519992404538],[43.7625,5.05416666666669],[43.781377156575552,5.053599378797767],[43.785425482855935,5.050461832682315],[43.794896104600724,5.05890062120228],[43.80221048990888,5.057766045464433],[43.806122843424511,5.054733954535614],[43.811838785807325,5.053267076280406],[43.8125,5.045833333333357],[43.812853325737876,5.02674221462676],[43.816313340928851,5.023257785373287],[43.817019992404546,5.018408881293427],[43.820480007595513,5.014924452039955],[43.821186659071209,5.010075547960093],[43.824646674262183,5.006591118706621],[43.825353325737879,4.980908881293425],[43.828813340928846,4.977424452039953],[43.829519992404542,4.968408881293426],[43.832980007595516,4.964924452039954],[43.833686659071212,4.947575547960092],[43.841313340928849,4.939924452039953],[43.842019992404545,4.910075547960092],[43.845480007595519,4.90659111870662],[43.84583333333336,4.895833333333355],[43.846186659071208,4.885075547960092],[43.853813340928852,4.877424452039953],[43.8541666666667,4.841666666666688],[43.856591118706625,4.841313340928842],[43.860075547960101,4.83785332573787],[43.877424452039961,4.837146674262175],[43.885075547960099,4.829519992404536],[43.8875,4.829166666666689],[43.887853325737879,4.818408881293425],[43.899646674262186,4.806591118706619],[43.9,4.795833333333356],[43.899646674262186,4.789242214626758],[43.896186659071212,4.785757785373285],[43.895480007595516,4.780908881293424],[43.887853325737879,4.773257785373286],[43.8875,4.770833333333355],[43.887146674262183,4.768408881293424],[43.883686659071209,4.764924452039952],[43.882978312174508,4.751713053385438],[43.877424452039961,4.746186659071202],[43.875,4.745833333333355],[43.874432712131103,4.7436228434245],[43.871400621202284,4.739710489908875],[43.87026604546444,4.726956176757834],[43.86609937879777,4.721579996744813],[43.867233954535621,4.697789510091167],[43.870364718967046,4.69375],[43.86609937879777,4.688246663411479],[43.867233954535621,4.676956176757834],[43.87026604546444,4.673043823242208],[43.871400621202284,4.664456176757833],[43.878599378797773,4.656377156575541],[43.879733954535624,4.651956176757833],[43.895374552408882,4.635429212782139],[43.892233954535619,4.631377156575541],[43.891099378797776,4.622789510091167],[43.888067287868957,4.618877156575541],[43.886932712131106,4.610289510091166],[43.883801947699681,4.60625],[43.886932712131106,4.602210489908874],[43.888067287868957,4.597789510091166],[43.895266045464439,4.589710489908875],[43.896684095594651,4.584184095594638],[43.9,4.583333333333353],[43.9,4.579166666666687],[43.9,4.575],[43.9,4.566666666666686],[43.904733954535601,4.565451727973111],[43.902210489908867,4.563067287868943],[43.9,4.5625],[43.9,4.55],[43.900353325737861,4.539242214626755],[43.904519992404531,4.535046386718769],[43.903813340928835,4.518408881293422],[43.900353325737861,4.51492445203995],[43.9,4.5125],[43.901137118869372,4.508068847656269],[43.90625,4.5120313856337],[43.911753336588554,4.507766045464429],[43.918877156575533,4.508900621202276],[43.926956176757827,4.516099378797763],[43.95,4.516666666666686],[43.953315734863295,4.515815904405401],[43.954166666666694,4.5125],[43.981591118706611,4.512146674262173],[43.989242214626749,4.504519992404534],[44.002424452039946,4.503813340928838],[44.005908881293415,4.500353325737867],[44.010790167914514,4.499641927083353],[44.016313340928832,4.494091118706617],[44.01666666666668,4.491666666666686],[44.016137186686215,4.485251871744811],[44.011970520019545,4.480107286241338],[44.013411966959652,4.475766669379359],[44.01666666666668,4.475],[44.016313340928832,4.472575547960089],[44.012146674262169,4.468379720052102],[44.012853325737865,4.460075547960088],[44.016313340928832,4.456591118706616],[44.01666666666668,4.454166666666685],[44.014456176757825,4.453599378797762],[44.010543823242202,4.450567287868942],[44.006122843424492,4.449432712131095],[43.996536254882827,4.44073757595488],[43.995266045464426,4.431122843424498],[43.986917114257828,4.421752929687519],[43.981122843424494,4.420266045464428],[43.97721048990887,4.417233954535609],[43.97168426513673,4.415815904405401],[43.970833333333346,4.4125],[43.964242214626751,4.412146674262171],[43.960757785373275,4.408686659071199],[43.955908881293418,4.407980007595505],[43.952424452039942,4.404519992404532],[43.947575547960085,4.403813340928838],[43.944091118706609,4.400353325737866],[43.9375,4.4],[43.937146674262166,4.397575547960088],[43.928813340928833,4.389215766059046],[43.929519992404529,4.372575547960087],[43.932980007595503,4.369091118706615],[43.933333333333351,4.3625],[43.93248240152996,4.359184095594636],[43.925395880805134,4.357365587022588],[43.921400621202274,4.352210489908872],[43.920266045464423,4.347789510091165],[43.917233954535604,4.343877156575539],[43.916666666666679,4.341666666666685],[43.914242214626753,4.341313340928838],[43.908691406250014,4.335790337456615],[43.907980007595498,4.330908881293421],[43.896186659071198,4.319091118706615],[43.895833333333364,4.316666666666684],[43.899149068196628,4.315815904405399],[43.9,4.3125],[43.9,4.304166666666685],[43.9,4.3],[43.896494547526075,4.299100409613732],[43.895266045464439,4.285289510091163],[43.891270616319474,4.280134412977448],[43.885289510091177,4.278599378797761],[43.875631713867215,4.26983947753908],[43.874432712131103,4.25195617675783],[43.871400621202284,4.248043823242204],[43.87026604546444,4.224253336588559],[43.874432712131103,4.218877156575537],[43.875567287868954,4.207586669921891],[43.871400621202284,4.202210489908872],[43.87026604546444,4.199253336588558],[43.874432712131103,4.193877156575537],[43.875567287868954,4.186511908637169],[43.863067287868951,4.173043823242204],[43.861932712131107,4.151956176757829],[43.858900621202288,4.148043823242205],[43.857766045464437,4.131122843424496],[43.846400621202285,4.118877156575537],[43.845266045464442,4.099253336588558],[43.849432712131104,4.093877156575537],[43.850567287868955,4.089456176757828],[43.861932712131107,4.07721048990887],[43.863067287868951,4.065729437934044],[43.854733954535618,4.056377156575536],[43.853315904405413,4.0508507622613],[43.85,4.05],[43.849646674262182,4.030908881293419],[43.841313340928849,4.022549099392377],[43.842021348741348,4.010048760308175],[43.860075547960101,3.992019992404529],[43.8625,3.991666666666682],[43.862858072916694,3.989209662543418],[43.868408881293433,3.983686659071195],[43.870833333333366,3.983333333333348],[43.874604119194892,3.982365587022585],[43.878599378797759,3.977210489908869],[43.879827880859388,3.9633995903863],[43.883333333333347,3.9625],[43.882980007595513,3.955908881293435],[43.878813340928851,3.951712883843348],[43.879519992404546,3.914242214626768],[43.882980007595513,3.910757785373296],[43.883686659071209,3.901742214626768],[43.887853325737879,3.897546217176681],[43.887146674262183,3.868408881293434],[43.883686659071209,3.864924452039962],[43.883333333333361,3.85],[43.879166666666698,3.85],[43.872575547960096,3.850353325737878],[43.869091118706628,3.853813340928851],[43.858333333333363,3.854166666666698],[43.855908881293431,3.854519992404545],[43.852424452039962,3.857980007595517],[43.85,3.858333333333348],[43.849112616644994,3.8548751831055],[43.839456176757842,3.853599378797774],[43.835543823242219,3.850567287868955],[43.82695617675784,3.849432712131107],[43.823043823242216,3.846400621202288],[43.816666666666698,3.845833333333364],[43.817019992404546,3.843408881293433],[43.820480007595513,3.839924452039961],[43.821186659071209,3.8350755479601],[43.824646674262183,3.831591118706628],[43.825353325737879,3.826742214626767],[43.828813340928846,3.823257785373295],[43.829521348741352,3.81004876030819],[43.847575547960098,3.792019992404545],[43.852457004123295,3.79130859375003],[43.857980007595515,3.785757785373294],[43.858686659071211,3.7725755479601],[43.862146674262185,3.769091118706628],[43.862853325737873,3.7600755479601],[43.870480007595518,3.752424452039961],[43.871186659071213,3.747575547960099],[43.874646674262181,3.744091118706627],[43.875,3.741666666666697],[43.877424452039961,3.741313340928849],[43.880908881293436,3.737853325737877],[43.885757785373293,3.737146674262183],[43.889242214626769,3.733686659071211],[43.894121636284751,3.732975599500898],[43.903813340928849,3.723257785373294],[43.904519992404545,3.718408881293433],[43.907980007595519,3.71492445203996],[43.908333333333346,3.704166666666696],[43.90833333333336,3.7],[43.90918426513673,3.696684265136748],[43.916005452473975,3.694933742947078],[43.917233954535604,3.681122843424509],[43.928599378797756,3.66887715657555],[43.929733954535607,3.656122843424509],[43.932766045464426,3.652210489908883],[43.93390062120227,3.643622843424509],[43.93806728786894,3.638246663411488],[43.936932712131089,3.635289510091175],[43.932766045464426,3.629913330078154],[43.93390062120227,3.626956176757842],[43.936932712131089,3.623043823242217],[43.9382042778863,3.613419426812095],[43.943622843424492,3.608900621202286],[43.95,3.608333333333362],[43.950850931803402,3.605017598470081],[43.95416666666668,3.604166666666696],[43.954519992404528,3.601742214626765],[43.957980007595502,3.598257785373293],[43.958333333333364,3.595833333333362],[43.9625,3.595833333333362],[43.975,3.595833333333362],[43.975567287868941,3.593622843424508],[43.97859937879776,3.589710489908883],[43.98001759847007,3.584184265136748],[43.986917114257828,3.582413567437095],[43.995266045464426,3.573043823242216],[43.99640062120227,3.568622843424508],[44.003599378797759,3.560543823242216],[44.004733954535602,3.551956176757841],[44.008900621202272,3.54657999674482],[44.007766045464422,3.543622843424508],[44.004733954535602,3.539710489908883],[44.004166666666684,3.533333333333362],[43.997575547960082,3.532980007595515],[43.994091118706613,3.529519992404542],[43.991666666666696,3.529166666666695],[43.991099378797756,3.518622843424507],[43.987968783908435,3.514583333333362],[43.991099378797756,3.510543823242216],[43.992233954535607,3.506122843424508],[43.995266045464426,3.502210489908882],[43.996684265136736,3.496684265136747],[44.0,3.495833333333362],[44.0,3.491666666666695],[43.997575547960103,3.491313340928848],[43.994091118706628,3.487853325737875],[43.98995361328128,3.487146674262181],[43.985757785373295,3.491313340928848],[43.983333333333363,3.491666666666695],[43.947839694552982,3.492284308539525],[43.94375,3.495271809895861],[43.939660305447077,3.492284308539525],[43.922839694552984,3.491049024793865],[43.917528279622424,3.487168884277372],[43.915872531467045,3.475794135199681],[43.906173027886318,3.474382358127198],[43.902160305447076,3.471450975206191],[43.891197374131977,3.470215691460532],[43.8854166666667,3.474438476562528],[43.881326972113747,3.471450975206191],[43.872839694552979,3.470215691460532],[43.868826972113744,3.467284308539524],[43.864506361219647,3.466049024793865],[43.860493638780412,3.463117641872858],[43.856173027886314,3.461882358127198],[43.847993638780409,3.454784308539524],[43.84583333333336,3.454166666666695],[43.845480007595519,3.447575547960097],[43.842019992404545,3.444091118706625],[43.841666666666697,3.441666666666694],[43.839456176757842,3.441099378797771],[43.83008626302086,3.432750447591173],[43.828599378797776,3.42695617675784],[43.819904242621554,3.417369588216173],[43.809220716688401,3.415958150227892],[43.807482571072079,3.409184265136746],[43.801956176757841,3.407766045464437],[43.798043823242217,3.404733954535618],[43.793622843424508,3.40359937879777],[43.789710489908884,3.400567287868951],[43.785289510091175,3.399432712131104],[43.752210489908883,3.367233954535617],[43.746494547526069,3.365767076280409],[43.74526604546444,3.351956176757839],[43.742233954535621,3.348043823242215],[43.74109937879777,3.335289510091173],[43.738067287868951,3.331377156575547],[43.736594306098119,3.325637647840739],[43.718622843424505,3.324432712131103],[43.713467746310791,3.320437452528239],[43.71164923773874,3.313350931803412],[43.708333333333364,3.3125],[43.707482571072077,3.315815734863308],[43.704166666666694,3.316666666666694],[43.693622843424507,3.31609937879777],[43.689710489908883,3.31306728786895],[43.668622843424508,3.311932712131103],[43.664710489908884,3.308900621202284],[43.660289510091175,3.307766045464436],[43.656377156575552,3.304733954535617],[43.647789510091172,3.30359937879777],[43.627210489908883,3.283900621202283],[43.621684095594645,3.282482401529975],[43.620833333333358,3.279166666666693],[43.620480007595518,3.276742214626763],[43.608686659071211,3.264924452039957],[43.607980007595515,3.260075547960096],[43.604519992404541,3.256591118706623],[43.603813340928845,3.251742214626762],[43.600353325737878,3.24825778537329],[43.599646674262182,3.243408881293429],[43.583686659071205,3.227424452039957],[43.583333333333364,3.225],[43.582980007595516,3.214242214626762],[43.579519992404542,3.21075778537329],[43.579166666666694,3.204166666666692],[43.578813340928846,3.197575547960095],[43.575353325737872,3.194091118706623],[43.575,3.183333333333359],[43.575,3.179166666666692],[43.574646674262183,3.176742214626762],[43.571186659071209,3.17325778537329],[43.570833333333361,3.170833333333359],[43.570833333333361,3.166666666666692],[43.567517428927978,3.165815734863307],[43.565815904405412,3.159184265136744],[43.5625,3.158333333333359],[43.559184095594645,3.157482401529973],[43.558333333333358,3.154166666666692],[43.557715861002634,3.147839694552977],[43.55478413899742,3.14382697211374],[43.553549194335965,3.139506361219643],[43.546450805664087,3.131326972113741],[43.54509819878475,3.117469278971379],[43.534127468533015,3.115872531467039],[43.532526312934053,3.104872300889782],[43.513307020399331,3.103461032443601],[43.511731635199681,3.092638481987872],[43.508333333333361,3.091666666666692],[43.508686659071209,3.085075547960094],[43.512486436631974,3.081249321831622],[43.500353325737876,3.069091118706622],[43.499646674262181,3.064242214626761],[43.495480007595511,3.060046386718775],[43.496186659071206,3.055908881293427],[43.499985419379371,3.052083333333358],[43.495847913954023,3.047916666666691],[43.499646674262181,3.044091118706622],[43.5,3.041666666666691],[43.499380832248292,3.030157131618948],[43.49387715657555,3.025567287868948],[43.488161214192736,3.02410040961374],[43.4875,3.016666666666691],[43.479166666666693,3.016666666666691],[43.476742214626761,3.016313340928844],[43.473257785373292,3.012853325737872],[43.47083333333336,3.0125],[43.470480007595512,3.005908881293427],[43.467019992404538,3.002424452039955],[43.466666666666697,3.0],[43.466313340928849,2.997575547960094],[43.462853325737875,2.994091118706621],[43.4625,2.983333333333357],[43.433333333333358,2.983333333333357],[43.426742214626763,2.98298000759551],[43.423257785373288,2.979519992404538],[43.420833333333363,2.97916666666669],[43.418622843424508,2.979733954535614],[43.410543823242215,2.9869327121311],[43.405017428927977,2.988350762261309],[43.40416666666669,2.991666666666691],[43.401742214626765,2.991313340928844],[43.398257785373289,2.987853325737871],[43.395833333333357,2.9875],[43.393408881293432,2.987146674262177],[43.389924452039956,2.983686659071205],[43.3875,2.983333333333357],[43.356122843424508,2.983900621202281],[43.352210489908877,2.9869327121311],[43.342554050021725,2.988208346896725],[43.34166666666669,2.991666666666691],[43.3375,2.991666666666691],[43.330066257052977,2.991005452473983],[43.328599378797769,2.98528951009117],[43.31981370713978,2.975603230794295],[43.304166666666688,2.975],[43.301742214626763,2.974646674262177],[43.296191406250024,2.969123670789954],[43.295833333333356,2.966666666666691],[43.295833333333356,2.9625],[43.295833333333356,2.95],[43.296186659071203,2.947575547960093],[43.299646674262178,2.944091118706621],[43.3,2.925],[43.299149237738739,2.921684095594641],[43.295833333333356,2.920833333333357],[43.295833333333356,2.91666666666669],[43.296186659071203,2.885075547960093],[43.299646674262178,2.88159111870662],[43.3,2.870833333333357],[43.296684095594642,2.869982571072072],[43.295266045464437,2.864456176757836],[43.292233954535618,2.860543823242211],[43.291099378797767,2.856122843424502],[43.288067287868948,2.852210489908877],[43.286932712131104,2.826956176757835],[43.267233954535612,2.806377156575544],[43.266666666666694,2.8],[43.265763007269989,2.7964789496528],[43.252210489908876,2.783900621202279],[43.247789510091174,2.782766045464432],[43.23971048990888,2.775567287868946],[43.230054050021728,2.774291653103321],[43.228599378797767,2.768622843424501],[43.221400621202278,2.76054382324221],[43.220124986436659,2.750887383355057],[43.213350762261307,2.749149237738738],[43.21164923773874,2.742517428927973],[43.208333333333357,2.741666666666689],[43.202031792534747,2.741023763020856],[43.181301540798636,2.721476236979189],[43.178844875759573,2.720190429687522],[43.172968207465303,2.724357096354189],[43.17051154242624,2.725642903645855],[43.16463487413197,2.721476236979189],[43.15071987575957,2.720056830512175],[43.149357096354194,2.697865125868077],[43.125642903645854,2.672968207465299],[43.124357096354188,2.660365125868077],[43.121476236979191,2.656301540798633],[43.120190429687526,2.65384487575957],[43.124397108289955,2.647911919487869],[43.116516791449676,2.638709513346376],[43.1125,2.6375],[43.101742214626761,2.637853325737868],[43.098257785373285,2.641313340928841],[43.085784233940998,2.642019992404535],[43.077424452039956,2.633686659071202],[43.064953613281276,2.632980007595507],[43.060757785373291,2.637146674262174],[43.054166666666688,2.6375],[43.05,2.6375],[43.014531792534747,2.636857096354188],[43.010468207465301,2.633976236979188],[43.002031792534744,2.632690429687521],[42.988291761610263,2.62026095920141],[42.98672858344186,2.604938083224847],[42.979166666666693,2.604166666666688],[42.979166666666693,2.591666666666688],[42.978813340928845,2.580908881293424],[42.975353325737871,2.577424452039951],[42.974646674262175,2.568408881293423],[42.967019992404538,2.560757785373284],[42.966313340928842,2.555908881293423],[42.962853325737868,2.552424452039951],[42.962146674262172,2.539242214626757],[42.957980007595509,2.53504638671877],[42.958686659071205,2.505908881293423],[42.970480007595512,2.494091118706617],[42.971186659071201,2.485075547960089],[42.974646674262175,2.481591118706617],[42.975,2.475],[42.972789510091168,2.474432712131097],[42.95894266764325,2.461479695638041],[42.957766045464432,2.435289510091165],[42.95056728786895,2.427210489908874],[42.949291653103323,2.417554050021721],[42.945833333333354,2.416666666666686],[42.944982571072075,2.419982571072068],[42.941666666666691,2.420833333333353],[42.940770128038217,2.42432623969186],[42.928420003255233,2.425567287868943],[42.92304382324221,2.421400621202277],[42.918622843424501,2.420266045464429],[42.914710489908877,2.41723395453561],[42.9125,2.416666666666686],[42.912853325737871,2.364242214626755],[42.916313340928845,2.360757785373283],[42.917019992404533,2.335075547960088],[42.920480007595508,2.331591118706616],[42.921186659071203,2.326742214626755],[42.924646674262178,2.323257785373283],[42.925353325737866,2.318408881293422],[42.929519992404536,2.314213053385435],[42.928813340928841,2.285075547960088],[42.925353325737866,2.281591118706616],[42.924646674262178,2.268408881293421],[42.917019992404533,2.260757785373282],[42.916666666666686,2.25],[42.920172119140645,2.249100409613733],[42.921489122178841,2.234293280707483],[42.926956176757834,2.229733954535608],[42.932937282986131,2.228198920355921],[42.936932712131096,2.223043823242206],[42.938067287868947,2.206122843424497],[42.941099378797766,2.202210489908872],[42.94223395453561,2.197789510091164],[42.945266045464436,2.193877156575538],[42.94640062120228,2.185289510091164],[42.949531385633705,2.18125],[42.94640062120228,2.177210489908872],[42.945833333333354,2.175],[42.942327880859395,2.174100409613733],[42.941099378797766,2.160289510091163],[42.924322848849847,2.142562188042552],[42.918622843424501,2.14109937879776],[42.914710489908877,2.138067287868941],[42.910289510091168,2.136932712131093],[42.900919596354186,2.128583780924497],[42.899432712131102,2.122789510091163],[42.886566840277801,2.109035915798628],[42.875887383355057,2.107624986436649],[42.874432712131096,2.10195617675783],[42.870437282986131,2.096801079644114],[42.866666666666688,2.09583333333335],[42.867233954535614,2.093622843424496],[42.871097819010437,2.088637288411475],[42.866666666666688,2.0875],[42.855908881293423,2.087146674262185],[42.852424452039955,2.083686659071213],[42.847575547960091,2.082980007595519],[42.844091118706622,2.079519992404546],[42.839242214626758,2.078813340928853],[42.835757785373289,2.07535332573788],[42.833333333333357,2.075],[42.832676527235265,2.054980807834234],[42.822839864095073,2.053549024793869],[42.810493469238303,2.042284308539529],[42.804280598958357,2.040507846408453],[42.800617641872854,2.035493469238314],[42.79938235812719,2.031173197428418],[42.783950975206182,2.01466013590498],[42.782715691460524,2.010339864095084],[42.767284308539516,1.993826802571647],[42.766666666666687,1.991666666666699],[42.766313340928839,1.989242214626768],[42.762853325737865,1.985757785373296],[42.7625,1.966666666666699],[42.762146674262176,1.964242214626768],[42.754519992404532,1.956591118706629],[42.753813340928843,1.939242214626768],[42.750353325737869,1.935757785373295],[42.75,1.920833333333365],[42.750354851616777,1.914214579264355],[42.760075547960092,1.904519992404545],[42.773287116156702,1.903811815049945],[42.778813340928842,1.898257785373295],[42.77916666666669,1.895833333333365],[42.782482401529968,1.894982401529979],[42.783333333333353,1.891666666666698],[42.783333333333353,1.875],[42.786838785807312,1.874100409613746],[42.7875,1.866666666666698],[42.783994547526063,1.865767076280413],[42.782766045464427,1.851956176757843],[42.779733954535608,1.848043823242218],[42.77916666666669,1.816666666666698],[42.77916666666669,1.808333333333364],[42.776956176757835,1.80776604546444],[42.763403489854625,1.795187547471819],[42.761932712131099,1.789456176757843],[42.75473395453561,1.781377156575551],[42.753599378797766,1.778420003255239],[42.757766045464429,1.773043823242218],[42.75890062120228,1.757586669921905],[42.75473395453561,1.752210489908884],[42.753599378797766,1.747789510091176],[42.750567287868947,1.743877156575551],[42.749432712131096,1.726956176757843],[42.746400621202277,1.723043823242218],[42.745266045464433,1.693622843424509],[42.742233954535614,1.689710489908884],[42.740815734863304,1.684184265136748],[42.7375,1.683333333333363],[42.735339864095074,1.682715691460533],[42.731326802571637,1.679784308539526],[42.710339864095076,1.678549024793866],[42.705325486924934,1.674886067708363],[42.703549024793858,1.668673197428415],[42.69228430853952,1.656326802571644],[42.691049024793855,1.652006530761748],[42.683950975206187,1.643826802571644],[42.682520887586826,1.634001329210099],[42.666666666666686,1.633333333333363],[42.664531622992641,1.63269059922963],[42.659594896104622,1.629190233018692],[42.657690599229618,1.622864956325984],[42.654809400770418,1.618801710340741],[42.653523932562955,1.610364956325984],[42.650642734103755,1.606301710340741],[42.649124484592036,1.591416422526071],[42.643801710340732,1.59519059922963],[42.636866251627623,1.596476067437095],[42.626209343804277,1.587350124783015],[42.623985799153665,1.579964531792564],[42.614531622992644,1.578523932562963],[42.6104683770074,1.575642734103762],[42.606198289659311,1.574357265896296],[42.597968377007398,1.567309400770428],[42.591666666666683,1.566666666666695],[42.589456176757835,1.566099378797772],[42.581377156575542,1.558900621202286],[42.576956176757832,1.557766045464438],[42.57153761121964,1.553247239854629],[42.570124816894548,1.54255405002173],[42.56320851643882,1.54077928331166],[42.561932712131096,1.531122843424507],[42.558900621202277,1.527210489908883],[42.558333333333351,1.5125],[42.561838785807311,1.511600409613743],[42.5625,1.504166666666695],[42.566666666666684,1.504166666666695],[42.578418646918422,1.503445095486139],[42.579588826497414,1.488881598578587],[42.575,1.4875],[42.575353325737865,1.485075547960097],[42.578813340928839,1.481591118706625],[42.579166666666687,1.475],[42.587750244140643,1.474124484592042],[42.582690599229622,1.466988457573813],[42.585320875379793,1.461961703830323],[42.589531622992638,1.458976067437094],[42.594869147406705,1.457369147406712],[42.596476067437088,1.452031622992649],[42.60769059922962,1.439635043674073],[42.609363471137172,1.434078301323813],[42.623969862196198,1.43258836534291],[42.625642734103749,1.427031622992649],[42.628523932562956,1.422968377007406],[42.629166666666684,1.420833333333361],[42.629827880859395,1.413399590386312],[42.638067287868942,1.411285061306451],[42.636932712131099,1.397789510091173],[42.62973395453561,1.389710489908881],[42.628458150227885,1.380054050021728],[42.621684265136736,1.378315734863309],[42.620266045464433,1.372789510091173],[42.617135450575105,1.36875],[42.621400621202277,1.363246663411485],[42.620266045464433,1.331122843424506],[42.613067287868944,1.323043823242214],[42.611932712131093,1.301956176757839],[42.60776604546443,1.296579996744818],[42.608900621202274,1.293622843424506],[42.611932712131093,1.28971048990888],[42.6125,1.28333333333336],[42.612853325737866,1.280908881293429],[42.620480007595503,1.27325778537329],[42.621186659071199,1.264242214626762],[42.624646674262173,1.26075778537329],[42.625353325737869,1.255908881293429],[42.628813340928836,1.252424452039957],[42.629519992404532,1.247575547960095],[42.632980007595506,1.244091118706623],[42.633333333333354,1.241666666666693],[42.641666666666687,1.241666666666693],[42.641099378797762,1.239456176757839],[42.638067287868942,1.235543823242213],[42.636932712131099,1.231122843424505],[42.63390062120228,1.22721048990888],[42.632766045464429,1.222789510091172],[42.628599378797766,1.217413330078151],[42.62973395453561,1.206122843424505],[42.632766045464429,1.20221048990888],[42.634184265136739,1.196684265136744],[42.641005452473976,1.194933742947074],[42.642233954535612,1.181122843424505],[42.653706868489607,1.168761359320772],[42.649432712131095,1.163246663411484],[42.650567287868945,1.156122843424505],[42.654733954535608,1.150746663411484],[42.653599378797765,1.143622843424505],[42.650567287868945,1.139710489908879],[42.65,1.1375],[42.649646674262172,1.126742214626761],[42.642019992404535,1.119091118706622],[42.641666666666687,1.108333333333358],[42.649100409613737,1.10767211914065],[42.65,1.104166666666692],[42.652210489908875,1.103599378797768],[42.656122843424498,1.100567287868949],[42.661649068196638,1.09914923773874],[42.6625,1.095833333333358],[42.664710489908877,1.095266045464435],[42.66875,1.092135281033011],[42.672916666666687,1.095364718967039],[42.677083333333357,1.092135281033011],[42.682586669921896,1.096400621202282],[42.689710489908876,1.095266045464435],[42.69375,1.092135281033011],[42.697916666666686,1.095364718967039],[42.703420003255232,1.091099378797768],[42.715770297580313,1.092340426974851],[42.717829895019548,1.100365871853324],[42.726956176757831,1.092233954535615],[42.732482401529971,1.090815904405407],[42.734470452202714,1.083068847656275],[42.739583333333357,1.087031385633705],[42.743622843424497,1.083900621202282],[42.749149068196637,1.082482571072073],[42.750850931803406,1.07585076226131],[42.756377156575539,1.074432712131101],[42.76028951009117,1.071400621202282],[42.764710489908879,1.070266045464435],[42.768622843424502,1.067233954535615],[42.774338785807316,1.065767076280407],[42.775661214192731,1.050899590386309],[42.782672119140649,1.04910040961374],[42.783900621202278,1.03528951009117],[42.786932712131097,1.031377156575545],[42.7875,1.025],[42.787853325737871,1.018408881293427],[42.791313340928838,1.014924452039955],[42.792019992404533,1.010075547960094],[42.795480007595508,1.006591118706622],[42.796186659071203,1.00174221462676],[42.804152764214429,0.993750678168427],[42.800353325737866,0.989924452039955],[42.8,0.97916666666669],[42.79668426513674,0.978315904405406],[42.79526604546443,0.97278951009117],[42.791270785861563,0.967634412977454],[42.7875,0.966666666666691],[42.786833869086394,0.950855509440128],[42.781326802571634,0.946450805664086],[42.770565965440561,0.944884914822072],[42.774382358127191,0.939660305447072],[42.775768195258266,0.930138481987871],[42.783219401041691,0.928008015950545],[42.786882358127194,0.922993638780405],[42.788117641872851,0.914506361219642],[42.791049024793857,0.910493638780405],[42.792284308539521,0.902006361219641],[42.795215691460527,0.897993638780406],[42.796450975206184,0.889506361219641],[42.79938235812719,0.885493638780405],[42.8,0.883333333333356],[42.818877156575539,0.882766045464433],[42.824253336588562,0.878599378797766],[42.828989325629365,0.880416531033009],[42.832766045464432,0.885289510091169],[42.834548272026929,0.892233954535614],[42.839710489908875,0.891099378797766],[42.847789510091168,0.88390062120228],[42.853315904405406,0.882482571072072],[42.854733954535611,0.876956176757836],[42.8619327121311,0.868877156575544],[42.863067287868944,0.864456176757836],[42.874432712131096,0.852210489908877],[42.875,0.833333333333356],[42.870833333333358,0.833333333333356],[42.868408881293426,0.832980007595509],[42.862855021158879,0.827453613281273],[42.862146674262178,0.814242214626759],[42.858686659071203,0.810757785373287],[42.858333333333356,0.804166666666689],[42.847575547960091,0.804519992404536],[42.844091118706622,0.807980007595509],[42.84166666666669,0.808333333333356],[42.840495469835091,0.81289740668405],[42.827210489908879,0.800567287868946],[42.8186228434245,0.799432712131099],[42.814710489908876,0.79640062120228],[42.809184265136743,0.794982571072071],[42.807196214464,0.787235514322939],[42.801137118869377,0.791931152343773],[42.7994327121311,0.785289510091168],[42.796400621202281,0.781377156575543],[42.79526604546443,0.778420003255231],[42.7994327121311,0.77304382324221],[42.800567287868944,0.770086669921897],[42.796400621202281,0.764710489908877],[42.79526604546443,0.757586669921897],[42.7994327121311,0.752210489908876],[42.800567287868944,0.736753336588564],[42.796400621202281,0.731377156575543],[42.79526604546443,0.724253336588564],[42.7994327121311,0.718877156575543],[42.800567287868944,0.706122843424501],[42.803599378797763,0.702210489908876],[42.804733954535614,0.699062771267383],[42.796400621202281,0.689710489908876],[42.79526604546443,0.685289510091168],[42.788067287868948,0.677210489908876],[42.7875,0.675],[42.787853325737871,0.672575547960091],[42.792019992404533,0.668379720052105],[42.791313340928838,0.664242214626757],[42.78751458062068,0.660416666666688],[42.791313340928838,0.656591118706618],[42.792019992404533,0.651742214626757],[42.796186659071203,0.647546386718771],[42.795480007595508,0.618408881293424],[42.787853325737871,0.610757785373285],[42.7875,0.604166666666688],[42.787853325737871,0.601742214626757],[42.791313340928838,0.598257785373285],[42.792019992404533,0.593408881293424],[42.795480007595508,0.589924452039952],[42.796186659071203,0.58507554796009],[42.807980007595511,0.573257785373285],[42.808333333333351,0.570833333333354],[42.807734849717903,0.550915527343771],[42.801956176757834,0.549432712131097],[42.79804382324221,0.546400621202277],[42.791099378797767,0.544618394639778],[42.793622843424501,0.542233954535611],[42.807433742947069,0.541005452473979],[42.808900621202277,0.535289510091166],[42.813067287868947,0.529913330078145],[42.811932712131096,0.518622843424499],[42.808900621202277,0.514710489908874],[42.807766045464433,0.510289510091166],[42.804733954535614,0.506377156575541],[42.803599378797763,0.497789510091166],[42.799735344780835,0.492803955078145],[42.804166666666688,0.491666666666687],[42.803813340928841,0.485075547960089],[42.800353325737866,0.481591118706617],[42.799646674262178,0.472575547960089],[42.796186659071203,0.469091118706617],[42.795833333333356,0.454166666666687],[42.799392530653236,0.453253173828145],[42.800567287868944,0.422789510091165],[42.808900621202277,0.413437228732658],[42.807706027560783,0.392575073242207],[42.800395880805141,0.390698920355922],[42.79526604546443,0.384079996744811],[42.796400621202281,0.376956176757832],[42.7994327121311,0.373043823242207],[42.800567287868944,0.368622843424498],[42.807766045464433,0.360543823242207],[42.808333333333351,0.358333333333352],[42.807980007595511,0.355908881293422],[42.804519992404536,0.35242445203995],[42.803813340928841,0.347575547960088],[42.800353325737866,0.344091118706616],[42.79964514838327,0.330881076388908],[42.789924452039955,0.321186659071199],[42.785043165418855,0.320475260416686],[42.779519992404538,0.314924452039949],[42.778813340928842,0.297575547960088],[42.774646674262172,0.293379720052102],[42.775353325737868,0.289242214626755],[42.779152086046025,0.285416666666685],[42.775353325737868,0.281591118706616],[42.775,0.279166666666685],[42.777424452039952,0.278813340928838],[42.780908881293421,0.275353325737866],[42.783333333333353,0.275],[42.783686659071201,0.251742214626754],[42.787146674262175,0.248257785373282],[42.787853325737871,0.235075547960088],[42.791652086046028,0.23125],[42.787853325737871,0.227424452039949],[42.787146674262175,0.197575547960087],[42.783686659071201,0.194091118706615],[42.782975599500887,0.189212375217032],[42.769091118706619,0.175353325737865],[42.766666666666687,0.175],[42.766666666666687,0.170833333333351],[42.767024739583356,0.168376329210087],[42.772575547960088,0.162853325737865],[42.777424452039952,0.16214667426217],[42.780908881293421,0.158686659071198],[42.785757785373285,0.157980007595504],[42.789242214626761,0.154519992404531],[42.794091118706618,0.153813340928837],[42.797575547960093,0.150353325737865],[42.804166666666688,0.15],[42.819830322265645,0.149396091037344],[42.824432712131099,0.143877156575538],[42.825915696885872,0.138098483615469],[42.845833333333353,0.1375],[42.844982571072073,0.134184095594635],[42.838217841254362,0.132448323567726],[42.808900621202277,0.102210489908871],[42.807766045464433,0.097789510091163],[42.804733954535614,0.093877156575538],[42.803599378797763,0.089456176757829],[42.796400621202281,0.081377156575538],[42.795833333333356,0.079166666666699],[42.796801079644119,0.075395880805154],[42.801956176757834,0.07140062120229],[42.807482401529967,0.069982401529981],[42.808900621202277,0.064456176757845],[42.820266045464429,0.052210489908887],[42.821736823187955,0.046479119194911],[42.835289510091165,0.033900621202289],[42.852210489908877,0.032766045464442],[42.860289510091171,0.025567287868956],[42.8625,0.025],[42.8619327121311,0.010289510091178],[42.858900621202281,0.006377156575553],[42.857678561740471,-0.007360331217416],[42.848043823242207,-0.016099378797711],[42.842517598470074,-0.01751759847002],[42.840746900770419,-0.024417114257781],[42.831377156575542,-0.032766045464378],[42.821766493055577,-0.034035746256479],[42.808900621202277,-0.047789510091114],[42.807365587022588,-0.053770785861513],[42.802210489908873,-0.057766045464378],[42.797789510091164,-0.058900621202225],[42.785543823242207,-0.070266045464378],[42.783333333333353,-0.070833333333302],[42.782766045464427,-0.073043823242156],[42.775567287868945,-0.081122843424448],[42.774080234103756,-0.086917114257781],[42.764710489908879,-0.095266045464378],[42.759184265136739,-0.096684265136687],[42.757427639431441,-0.103529018825923],[42.738493855794289,-0.104798550075924],[42.729733954535611,-0.114456176757781],[42.728599378797767,-0.11887715657549],[42.725567287868941,-0.122789510091115],[42.724096510145422,-0.128520880805091],[42.710428025987433,-0.141206868489552],[42.705697123209653,-0.137540181477834],[42.69640062120228,-0.147789510091115],[42.694933742947072,-0.153505452473927],[42.681122843424497,-0.154733954535559],[42.66887715657554,-0.166099378797712],[42.666666666666686,-0.166666666666636],[42.666313340928838,-0.1899244520399],[42.658686659071201,-0.197575547960039],[42.657980007595505,-0.2024244520399],[42.650353325737868,-0.210075547960039],[42.65,-0.216666666666636],[42.647789510091165,-0.21723395453556],[42.643877156575542,-0.220266045464379],[42.638161214192728,-0.221732923719588],[42.636932712131099,-0.235543823242157],[42.63390062120228,-0.239456176757782],[42.632433742947072,-0.245172119140595],[42.625,-0.245833333333303],[42.625,-0.25],[42.625353325737869,-0.252424452039901],[42.628813340928836,-0.255908881293373],[42.629166666666684,-0.258333333333303],[42.626742214626759,-0.257980007595456],[42.623257785373283,-0.254519992404484],[42.61912044949004,-0.253813340928789],[42.614924452039951,-0.257980007595456],[42.608333333333356,-0.258333333333303],[42.60776604546443,-0.264710489908824],[42.596400621202278,-0.276956176757782],[42.594982401529968,-0.282482401529918],[42.588350931803404,-0.284184265136689],[42.586649068196635,-0.290815734863251],[42.579875522189688,-0.292554050021672],[42.554733954535607,-0.318622843424449],[42.553599378797763,-0.323043823242158],[42.546400621202274,-0.33112284342445],[42.545833333333356,-0.333333333333304],[42.5375,-0.333333333333304],[42.536844041612433,-0.340706888834606],[42.531377156575537,-0.34526604546438],[42.525850931803404,-0.346684265136689],[42.524432712131095,-0.352210489908825],[42.50473395453561,-0.372789510091116],[42.503198920355921,-0.378770785861516],[42.498043823242206,-0.38276604546438],[42.493622843424497,-0.383900621202228],[42.48137715657554,-0.395266045464381],[42.479166666666686,-0.395833333333304],[42.470833333333353,-0.395833333333304],[42.467517598470067,-0.39668426513669],[42.4657670762804,-0.403505452473929],[42.45833333333335,-0.404166666666638],[42.457482401529965,-0.407482401529919],[42.451956176757832,-0.408900621202228],[42.431377156575536,-0.428599378797714],[42.429166666666688,-0.429166666666638],[42.428599378797763,-0.426956176757784],[42.425567287868944,-0.423043823242159],[42.424432712131093,-0.41862284342445],[42.417128499348976,-0.410425482855874],[42.42026604546443,-0.406377156575492],[42.421400621202274,-0.380381605360214],[42.414456176757831,-0.378599378797714],[42.410543823242207,-0.375567287868894],[42.405017598470067,-0.374149068196585],[42.403599378797765,-0.36862284342445],[42.383900621202272,-0.348043823242158],[42.382766045464429,-0.34362284342445],[42.37556728786894,-0.335543823242158],[42.374090745713993,-0.329790242512991],[42.3625,-0.329166666666637],[42.36188235812719,-0.322839864095022],[42.358950975206184,-0.318826802571585],[42.357406955295154,-0.313426378038165],[42.352006530761734,-0.311882358127141],[42.347916666666684,-0.308894856770804],[42.343826802571634,-0.311882358127141],[42.336763339572499,-0.3131176418728],[42.327160135904968,-0.304784308539467],[42.3216015285916,-0.303195020887557],[42.320039198133699,-0.29246080186629],[42.31033986409507,-0.291049024793807],[42.30483279758031,-0.286644660101967],[42.303549024793853,-0.256173197428355],[42.300617641872847,-0.252160135904918],[42.299073621961824,-0.246759711371498],[42.292434861924932,-0.244861687554223],[42.291049024793857,-0.235339864095022],[42.279721917046459,-0.222925143771671],[42.282771809895848,-0.21875],[42.279052734375014,-0.213658820258216],[42.275,-0.2125],[42.275567287868938,-0.197789510091115],[42.278599378797757,-0.19387715657549],[42.280075920952711,-0.188123575846324],[42.291666666666686,-0.1875],[42.292019992404533,-0.172575547960039],[42.297543165418851,-0.167024739583303],[42.302424452039951,-0.166313340928788],[42.307975260416683,-0.160790167914465],[42.308333333333351,-0.158333333333303],[42.307980007595503,-0.155908881293372],[42.304519992404529,-0.1524244520399],[42.304166666666681,-0.145833333333302],[42.306591118706613,-0.145480007595455],[42.310075547960089,-0.142019992404483],[42.3125,-0.141666666666636],[42.3158157348633,-0.14081573486325],[42.31723395453561,-0.135289510091115],[42.324432712131092,-0.127210489908823],[42.325567287868942,-0.122789510091115],[42.328599378797762,-0.11887715657549],[42.329733954535605,-0.106122843424448],[42.332766045464425,-0.102210489908823],[42.333900621202275,-0.093622843424448],[42.336932712131095,-0.089710489908823],[42.338119167751756,-0.067657131618892],[42.343622843424498,-0.063067287868892],[42.35221048990887,-0.061932712131045],[42.356122843424494,-0.058900621202225],[42.358333333333348,-0.058333333333302],[42.368826802571633,-0.058950975206132],[42.378430006239171,-0.067284308539465],[42.381326802571635,-0.066049024793805],[42.385339864095073,-0.063117641872798],[42.403359646267376,-0.061794365776878],[42.404934861924929,-0.050971645779048],[42.410493469238297,-0.049382358127138],[42.418673197428404,-0.042284308539465],[42.42716013590497,-0.041049024793805],[42.432864210340732,-0.036882358127138],[42.445049370659738,-0.038255310058562],[42.449382358127188,-0.043673197428354],[42.45,-0.045833333333301],[42.450353325737865,-0.056591118706566],[42.453813340928839,-0.060075547960038],[42.454519992404535,-0.069091118706566],[42.457980007595502,-0.072575547960038],[42.45833333333335,-0.075],[42.459301079644113,-0.078770785861514],[42.464456176757828,-0.082766045464378],[42.47721048990887,-0.083900621202226],[42.48125,-0.087031216091548],[42.485416666666687,-0.083802117241722],[42.489456176757834,-0.086932712131045],[42.494982401529967,-0.088350931803354],[42.495833333333351,-0.091666666666635],[42.498043823242206,-0.091099378797712],[42.50195617675783,-0.088067287868892],[42.524090745713991,-0.086876424153614],[42.525887383355055,-0.079875183105437],[42.535543823242207,-0.078599378797712],[42.540920003255231,-0.074432712131045],[42.54804382324221,-0.075567287868892],[42.551956176757834,-0.078599378797712],[42.560543823242206,-0.079733954535559],[42.56445617675783,-0.082766045464378],[42.575,-0.083333333333302],[42.578458150227881,-0.082445949978267],[42.579733954535612,-0.072789510091114],[42.586932712131095,-0.064710489908823],[42.5875,-0.058333333333302],[42.586932712131095,-0.056122843424447],[42.579733954535612,-0.048043823242156],[42.578599378797762,-0.040920003255176],[42.582766045464432,-0.035543823242155],[42.583900621202275,-0.032586669921843],[42.579733954535612,-0.027210489908822],[42.578599378797762,-0.018622843424447],[42.575567287868942,-0.014710489908822],[42.574291483561218,-0.005054050021669],[42.570833333333354,-0.004166666666634],[42.571494547526058,0.003267076280414],[42.575,0.004166666666699],[42.575661214192728,0.011600409613748],[42.581377156575542,0.013067287868956],[42.585289510091165,0.016099378797775],[42.589710489908875,0.017233954535623],[42.599377610948373,0.026002332899338],[42.600567287868941,0.046579996744824],[42.596400621202278,0.051956176757845],[42.595124816894554,0.061612616644998],[42.588350931803404,0.063350931803418],[42.586612616644985,0.070124816894564],[42.576956176757832,0.07140062120229],[42.57153761121964,0.075919426812099],[42.570266045464429,0.08554382324222],[42.56723395453561,0.089456176757845],[42.566099378797759,0.098785061306456],[42.574149068196633,0.100850931803418],[42.575,0.104166666666684],[42.574646674262169,0.123257785373281],[42.571186659071202,0.126742214626753],[42.570833333333354,0.133333333333351],[42.578364054361998,0.134068467881962],[42.579784308539516,0.143826972113732],[42.582715691460521,0.147839694552969],[42.583950975206186,0.160493638780399],[42.586882358127191,0.164506361219635],[42.588117641872849,0.17546929253474],[42.583950975206186,0.181173027886302],[42.58333333333335,0.1875],[42.585468377007395,0.188142903645851],[42.597864956325978,0.199357096354185],[42.602135043674068,0.200642903645851],[42.606198289659311,0.203523763020851],[42.621254136827275,0.205059475368941],[42.613142734103754,0.21453179253474],[42.61185726589629,0.221155124240469],[42.616023932562953,0.22703179253474],[42.617309400770417,0.231301540798629],[42.624357265896286,0.23953179253474],[42.625826517740904,0.249173651801233],[42.636485799153668,0.250797865125886],[42.6375,0.254166666666685],[42.638098483615472,0.274084472656269],[42.641666666666687,0.275],[42.65,0.275],[42.653552415635872,0.275911797417553],[42.654733954535608,0.302210489908873],[42.661932712131097,0.310289510091164],[42.6625,0.316666666666686],[42.660289510091168,0.316099378797762],[42.65625,0.312968614366338],[42.652210489908875,0.316099378797762],[42.630075920952713,0.31729024251304],[42.628267076280402,0.32433878580731],[42.614456176757834,0.325567287868942],[42.608946397569461,0.330162217881963],[42.60776604546443,0.354913330078144],[42.612038167317728,0.360425482855922],[42.604628499348976,0.368741183810783],[42.607864549424932,0.372916666666686],[42.604733954535611,0.376956176757832],[42.604166666666686,0.404166666666686],[42.597575547960091,0.404519992404533],[42.59202084011504,0.410046725802971],[42.591666666666683,0.420833333333353],[42.592233954535608,0.427210489908874],[42.595266045464427,0.431122843424499],[42.596400621202278,0.435543823242207],[42.599432712131097,0.439456176757832],[42.600567287868941,0.461285061306444],[42.592517598470074,0.463350762261304],[42.590815734863298,0.469982571072069],[42.585289510091165,0.471400621202277],[42.571487596299932,0.484311591254361],[42.570833333333354,0.491666666666687],[42.564531622992639,0.491023763020853],[42.560468377007396,0.488142903645854],[42.558011542426236,0.486857096354187],[42.552135043674063,0.491023763020853],[42.546797519260004,0.492631022135437],[42.54519059922962,0.497968207465298],[42.542309400770421,0.502031792534742],[42.540830824110259,0.511735365125888],[42.524749755859396,0.513375515408006],[42.528523932562955,0.518698459201409],[42.529809400770418,0.527134874131965],[42.532690599229618,0.531198459201409],[42.533976067437088,0.535468207465298],[42.536857265896288,0.539531792534742],[42.538142734103751,0.541988457573805],[42.533976067437088,0.547865125868076],[42.532690599229618,0.552134874131965],[42.529181925455745,0.557083468967035],[42.535468377007398,0.558976236979187],[42.541620212131093,0.563793945312521],[42.538142734103751,0.56869845920141],[42.536857265896288,0.577134874131965],[42.533976067437088,0.58119845920141],[42.532690599229618,0.583655124240472],[42.536857265896288,0.589531792534743],[42.538142734103751,0.602134874131965],[42.541651407877623,0.607083468967035],[42.535364956325971,0.608976236979188],[42.531301710340728,0.611857096354188],[42.529166666666683,0.6125],[42.528813340928835,0.614924452039951],[42.525353325737868,0.618408881293424],[42.524646674262172,0.631591118706619],[42.520480007595502,0.635786946614604],[42.521189202202713,0.644121297200542],[42.526742214626758,0.649646674262174],[42.531591118706615,0.650353325737869],[42.539242214626753,0.657980007595508],[42.541666666666686,0.658333333333355],[42.541049024793857,0.672993638780404],[42.537425401475716,0.677954101562522],[42.546012030707487,0.680409071180577],[42.538117641872851,0.68950636121964],[42.53673180474177,0.699028184678841],[42.531173197428402,0.700617472330751],[42.527160135904964,0.703549194335959],[42.5174018012153,0.704969278971376],[42.516049024793858,0.718826972113737],[42.513117641872846,0.722839694552973],[42.511882358127188,0.727798800998286],[42.520145670572937,0.730161200629362],[42.521450975206179,0.749000379774328],[42.510339864095073,0.750617472330751],[42.504200575086827,0.755527750651064],[42.507715691460525,0.760339694552973],[42.508950975206183,0.772993638780404],[42.511882358127188,0.777006361219641],[42.513117641872846,0.781326972113737],[42.516049024793858,0.785339694552974],[42.516666666666687,0.791666666666689],[42.516666666666687,0.795833333333356],[42.519091118706619,0.796186659071203],[42.524641927083351,0.801709662543425],[42.525353325737868,0.80659111870662],[42.532980007595505,0.814242214626759],[42.533686659071201,0.826713053385439],[42.529519992404531,0.830908881293426],[42.528813340928835,0.835046386718773],[42.532980007595505,0.839242214626759],[42.533333333333353,0.845833333333356],[42.532980007595505,0.848257785373287],[42.529519992404531,0.851742214626759],[42.528813340928835,0.855879720052106],[42.532980007595505,0.860075547960093],[42.533686659071201,0.86421305338544],[42.529519992404531,0.868408881293426],[42.529166666666683,0.87916666666669],[42.535757785373285,0.879519992404537],[42.541312662760433,0.885047064887176],[42.541666666666686,0.9],[42.539456176757831,0.900567287868947],[42.534301079644116,0.904562717013912],[42.532766045464427,0.910543823242211],[42.529635450575107,0.914583333333357],[42.532766045464427,0.918622843424503],[42.533970981174065,0.936594306098114],[42.540858968098981,0.938361952039954],[42.542233954535611,0.944618394639781],[42.535289510091168,0.946400621202281],[42.530416361490907,0.95017734103735],[42.528599378797765,0.954913330078149],[42.532766045464427,0.96028951009117],[42.533900621202278,0.973043823242211],[42.536932712131097,0.976956176757836],[42.538067287868941,0.985543823242212],[42.541204833984395,0.989592149522593],[42.533900621202278,0.99778951009117],[42.532766045464427,1.000746663411483],[42.536932712131097,1.006122843424504],[42.5375,1.025],[42.535075547960091,1.025353325737872],[42.525357733832486,1.035045030381969],[42.524646674262172,1.039924452039955],[42.521186659071198,1.043408881293427],[42.52083333333335,1.045833333333358],[42.52083333333335,1.058333333333358],[42.52083333333335,1.0625],[42.52083333333335,1.066666666666691],[42.520266045464432,1.068877156575545],[42.499303860134567,1.090775892469643],[42.493622843424497,1.092233954535615],[42.485543823242203,1.099432712131101],[42.48001759847007,1.10085076226131],[42.478315734863301,1.107482571072074],[42.472789510091161,1.108900621202282],[42.468877156575537,1.111932712131102],[42.463350931803404,1.11335076226131],[42.461649068196635,1.119982571072074],[42.456122843424495,1.121400621202282],[42.452210489908872,1.124432712131102],[42.4436228434245,1.125567287868949],[42.439710489908876,1.128599378797768],[42.431122843424497,1.129733954535615],[42.417570156521286,1.142312282986136],[42.41577928331165,1.149291653103324],[42.405054050021718,1.150708346896727],[42.403599378797765,1.156377156575546],[42.400567287868938,1.160289510091171],[42.399432712131095,1.16471048990888],[42.396400621202275,1.168622843424505],[42.395266045464425,1.181377156575547],[42.390676201714427,1.186880832248289],[42.379166666666684,1.1875],[42.376742214626752,1.187853325737873],[42.369091118706613,1.195480007595512],[42.366666666666681,1.195833333333359],[42.366313340928841,1.202424452039956],[42.362853325737866,1.205908881293428],[42.362146674262171,1.21075778537329],[42.352452087402362,1.220478481716606],[42.345833333333353,1.220833333333359],[42.345833333333353,1.229166666666693],[42.345172119140642,1.236600409613741],[42.341666666666683,1.2375],[42.3375,1.2375],[42.338067287868938,1.23971048990888],[42.341099378797757,1.243622843424505],[42.342233954535608,1.259079996744818],[42.338067287868938,1.264456176757839],[42.336932712131095,1.269618394639783],[42.345225863986563,1.271746656629801],[42.345833333333353,1.2875],[42.343408881293421,1.287853325737874],[42.339924452039945,1.291313340928846],[42.335787116156702,1.292019992404541],[42.33125,1.287514580620686],[42.327424452039949,1.291313340928846],[42.325,1.291666666666693],[42.325630187988295,1.29381425645619],[42.328588019477017,1.297924126519124],[42.317296854654963,1.31035241021053],[42.316036478678406,1.31289621988935],[42.320203145345069,1.318685743543864],[42.321463521321633,1.323592291937961],[42.313445366753491,1.325945366753499],[42.311869812011736,1.33131425645619],[42.30896352132163,1.33535241021053],[42.307703145345073,1.339647589789523],[42.300630187988297,1.34785241021053],[42.299369812011733,1.35039621988935],[42.303536478678403,1.356185743543864],[42.304796854654967,1.364647589789524],[42.308830600314685,1.370252482096381],[42.307574293348544,1.382577345106364],[42.293685743543854,1.383963521321642],[42.288390096028664,1.387774827745253],[42.286680772569461,1.399250115288656],[42.271841430664082,1.400731065538222],[42.27083333333335,1.404166666666694],[42.27083333333335,1.408333333333361],[42.270480007595502,1.414924452039958],[42.264956834581177,1.420475260416694],[42.2625,1.420833333333361],[42.262853325737865,1.423257785373291],[42.267019992404528,1.427453782823378],[42.266313340928839,1.439924452039958],[42.258332485622844,1.447930738661052],[42.268408881293418,1.457980007595514],[42.27083333333335,1.458333333333361],[42.271456909179705,1.469924079047337],[42.275,1.470833333333361],[42.274432712131095,1.473043823242215],[42.270266045464425,1.478420003255236],[42.271572028266078,1.486620246039525],[42.275,1.4875],[42.275,1.491666666666695],[42.272839864095069,1.492284308539525],[42.268826802571631,1.495215691460531],[42.259127468533002,1.496627468533014],[42.257715691460518,1.506326802571643],[42.253366767035608,1.511764526367216],[42.245833333333351,1.5125],[42.245480007595503,1.514924452039959],[42.242019992404529,1.518408881293431],[42.241666666666681,1.520833333333361],[42.240815734863297,1.524149068196643],[42.2375,1.525],[42.235075547960086,1.524646674262181],[42.231591118706618,1.521186659071209],[42.229166666666686,1.520833333333361],[42.225661214192726,1.521732923719646],[42.22443271213109,1.535543823242216],[42.213067287868938,1.547789510091174],[42.2125,1.5625],[42.211932712131095,1.577210489908883],[42.208900621202275,1.581122843424508],[42.207766045464425,1.598043823242216],[42.204733954535605,1.601956176757842],[42.203599378797762,1.60637715657555],[42.196400621202272,1.614456176757841],[42.195266045464429,1.61887715657555],[42.191270785861562,1.624032253689265],[42.183970981174063,1.625905693901939],[42.182766045464426,1.64387715657555],[42.174026997884134,1.653511895073814],[42.160289510091161,1.65473395453562],[42.155134412977446,1.658729214138484],[42.153599378797757,1.664710489908884],[42.14525044759116,1.674080234103762],[42.14166666666668,1.675],[42.1375,1.675],[42.134184265136732,1.674149068196644],[42.133333333333347,1.670833333333363],[42.131122843424492,1.671400621202286],[42.125967746310778,1.675395880805151],[42.12414906819663,1.682482401529978],[42.118622843424497,1.683900621202286],[42.105070156521286,1.696479119194908],[42.10359937879776,1.702210489908884],[42.099604119194893,1.707365587022599],[42.093622843424498,1.708900621202287],[42.088467746310776,1.712895880805152],[42.086932712131095,1.718877156575551],[42.079733954535605,1.726956176757843],[42.078599378797762,1.731377156575551],[42.075567287868942,1.735289510091176],[42.074432712131092,1.739710489908884],[42.071400621202272,1.743622843424509],[42.069982401529963,1.749149068196645],[42.06445617675783,1.750567287868954],[42.052210489908873,1.761932712131107],[42.047789510091164,1.763067287868954],[42.038419765896279,1.771416219075551],[42.0375,1.775],[42.035075547960083,1.775353325737878],[42.027424452039945,1.782980007595516],[42.018408881293418,1.783686659071211],[42.002424452039946,1.799646674262183],[41.985075547960086,1.800353325737878],[41.981591118706611,1.80381334092885],[41.966666666666683,1.804166666666697],[41.964242214626751,1.804519992404544],[41.956591118706612,1.812146674262183],[41.95416666666668,1.8125],[41.951742214626748,1.812853325737878],[41.944091118706609,1.820480007595517],[41.941666666666698,1.820833333333364],[41.941099378797759,1.823043823242218],[41.93806728786894,1.826956176757843],[41.93664906819663,1.832482401529979],[41.931122843424497,1.833900621202288],[41.925623236762164,1.838487074110274],[41.924432712131093,1.859079996744823],[41.928599378797756,1.864456176757844],[41.929166666666681,1.875],[41.93248240152996,1.875850931803416],[41.933333333333351,1.879166666666698],[41.9375,1.879166666666698],[41.9375,1.883333333333364],[41.934072028266073,1.884213087293868],[41.932766045464426,1.892413330078156],[41.936932712131089,1.897789510091177],[41.93806728786894,1.904913330078156],[41.93390062120227,1.910289510091177],[41.933333333333351,1.9125],[41.930908881293419,1.912853325737879],[41.925354173448362,1.918380398220517],[41.924646674262164,1.943379550510014],[41.928813340928833,1.947575547960101],[41.929166666666681,1.954166666666699],[41.928813340928848,1.956591118706629],[41.921186659071211,1.964242214626768],[41.920480007595515,1.969091118706629],[41.908686659071208,1.980908881293435],[41.907980007595519,1.985757785373296],[41.904519992404545,1.989242214626768],[41.903813340928849,2.002424452039963],[41.894121636284751,2.012142266167567],[41.891666666666694,2.0125],[41.891666666666694,2.025],[41.892233954535619,2.031377156575553],[41.907766045464442,2.047789510091178],[41.908900621202285,2.052210489908886],[41.917249552408883,2.061580234103765],[41.924338785807322,2.063399590386317],[41.925,2.07083333333335],[41.925567287868951,2.081377156575554],[41.92859937879777,2.085289510091179],[41.929733954535621,2.089710489908887],[41.949432712131106,2.110289510091179],[41.950567287868957,2.114710489908887],[41.953599378797776,2.118622843424512],[41.955054050021729,2.124291483561231],[41.965779283311662,2.125708516438835],[41.966666666666697,2.129166666666684],[41.970833333333346,2.129166666666684],[41.970266045464427,2.135543823242205],[41.963067287868938,2.143622843424497],[41.961932712131087,2.160543823242205],[41.957937452528228,2.16569892035592],[41.950850931803402,2.167517428927969],[41.949432712131092,2.173043823242205],[41.936521911621107,2.186845567491337],[41.929166666666696,2.1875],[41.925,2.1875],[41.918408881293431,2.18714667426217],[41.906250678168433,2.175013563368073],[41.902424452039959,2.178813340928837],[41.889242214626769,2.179519992404531],[41.885757785373293,2.182980007595504],[41.870833333333366,2.183333333333351],[41.868408881293433,2.182980007595504],[41.864583333333364,2.179181247287344],[41.860757785373295,2.182980007595504],[41.855908881293431,2.183686659071198],[41.848257785373292,2.191313340928837],[41.843408881293435,2.192019992404532],[41.83368869357642,2.201713731553837],[41.832980007595516,2.210757785373282],[41.829519992404542,2.214242214626754],[41.828813340928846,2.219091118706615],[41.817019992404546,2.230908881293421],[41.816666666666698,2.233333333333351],[41.817019992404546,2.244091118706615],[41.820480007595513,2.247575547960087],[41.821186659071209,2.264213053385435],[41.817019992404546,2.268408881293421],[41.816666666666698,2.270833333333352],[41.814456176757844,2.271400621202275],[41.81054382324222,2.274432712131095],[41.800887383355061,2.27570834689672],[41.799149237738746,2.282482571072067],[41.792517428927979,2.284184095594636],[41.791099378797774,2.289710489908872],[41.783900621202285,2.297789510091164],[41.782766045464442,2.302210489908873],[41.779733954535622,2.306122843424498],[41.778599378797772,2.310543823242206],[41.775567287868952,2.314456176757831],[41.774432712131109,2.327210489908873],[41.761854383680586,2.340763007269984],[41.758333333333361,2.341666666666685],[41.757980007595513,2.344091118706616],[41.750353325737876,2.351742214626755],[41.75,2.354166666666686],[41.745833333333366,2.354166666666686],[41.746186659071206,2.356591118706616],[41.749646674262181,2.360075547960089],[41.75,2.366666666666686],[41.746684095594645,2.36751742892797],[41.74526604546444,2.373043823242207],[41.741270616319476,2.378198920355922],[41.734184095594649,2.380017428927971],[41.732766045464437,2.385543823242207],[41.725567287868955,2.393622843424498],[41.725,2.4],[41.725567287868955,2.40637715657554],[41.728599378797774,2.410289510091165],[41.729733954535618,2.42795172797311],[41.725,2.429166666666686],[41.722575547960098,2.429519992404534],[41.70869106716583,2.4433790418837],[41.707980007595516,2.448257785373284],[41.704519992404542,2.451742214626756],[41.703813340928846,2.460757785373284],[41.700353325737879,2.464242214626756],[41.699646674262183,2.468379720052103],[41.703813340928846,2.472575547960089],[41.704166666666694,2.491666666666687],[41.703599378797769,2.493877156575541],[41.70056728786895,2.497789510091166],[41.699432712131106,2.502210489908874],[41.696400621202287,2.5061228434245],[41.694982571072075,2.511649237738736],[41.689456176757844,2.513067287868944],[41.683989122178851,2.517626614040819],[41.68276604546444,2.531377156575541],[41.679733954535621,2.535289510091166],[41.67859937879777,2.543877156575541],[41.675567287868951,2.547789510091166],[41.674432712131107,2.577210489908875],[41.671400621202288,2.5811228434245],[41.670124986436662,2.590779283311653],[41.666666666666693,2.591666666666688],[41.667566257052982,2.595172119140646],[41.68137715657555,2.596400621202278],[41.685289510091174,2.599432712131097],[41.698043823242216,2.600567287868945],[41.70195617675784,2.603599378797764],[41.706377156575549,2.604733954535611],[41.714456176757842,2.611932712131098],[41.744919840494823,2.61310763888891],[41.746684095594645,2.61998257107207],[41.75,2.620833333333354],[41.749646674262181,2.623257785373285],[41.746186659071206,2.626742214626757],[41.745833333333366,2.6375],[41.748257785373291,2.637853325737868],[41.751742214626766,2.641313340928841],[41.756591118706623,2.642019992404535],[41.760075547960099,2.645480007595507],[41.766666666666694,2.645833333333355],[41.770833333333364,2.645833333333355],[41.771186659071212,2.669091118706619],[41.778813340928849,2.676742214626758],[41.779519992404545,2.685046386718771],[41.775353325737875,2.689242214626758],[41.775,2.7],[41.774646674262179,2.702424452039952],[41.770847913954022,2.70625],[41.774646674262179,2.710075547960091],[41.775,2.716666666666689],[41.779166666666697,2.716666666666689],[41.781377156575552,2.717233954535612],[41.785289510091175,2.720266045464432],[41.790815904405413,2.72168409559464],[41.792634412977463,2.728770616319466],[41.797789510091178,2.732766045464432],[41.814710489908883,2.733900621202279],[41.818622843424507,2.736932712131098],[41.825,2.7375],[41.828315904405414,2.738350762261307],[41.829166666666694,2.741666666666689],[41.828599378797776,2.74804382324221],[41.788067287868955,2.789456176757835],[41.786932712131104,2.793877156575543],[41.783900621202285,2.797789510091168],[41.78248257107208,2.803315904405404],[41.776956176757842,2.804733954535613],[41.771537611219649,2.809252929687523],[41.770266045464439,2.818877156575544],[41.767233954535619,2.822789510091169],[41.766666666666694,2.841666666666689],[41.765769788954024,2.845161268446204],[41.75322943793406,2.84640062120228],[41.74387715657555,2.838067287868947],[41.711753336588572,2.836932712131099],[41.705303955078151,2.841931152343773],[41.70327012803822,2.834007093641516],[41.690920003255236,2.832766045464433],[41.685543823242213,2.836932712131099],[41.679166666666696,2.8375],[41.680138481987875,2.840898301866342],[41.690931532118086,2.842469278971377],[41.692284138997422,2.856326972113738],[41.69521586100263,2.860339694552974],[41.696450805664092,2.875615776909745],[41.690813869900204,2.882663981119815],[41.662030707465306,2.883950805664086],[41.656326972113746,2.879784138997419],[41.64119737413197,2.878549194335961],[41.63549363878041,2.882715861002628],[41.630093044704893,2.884259711371551],[41.628240288628497,2.890740288628495],[41.625,2.89166666666669],[41.625661214192739,2.899100409613739],[41.629166666666691,2.9],[41.631377156575546,2.900567287868947],[41.643622843424509,2.9119327121311],[41.64914923773874,2.913350762261308],[41.650567287868952,2.918877156575544],[41.65891621907555,2.928247070312524],[41.665815904405413,2.930017428927975],[41.667233954535618,2.935543823242211],[41.674432712131107,2.943622843424503],[41.675,2.958333333333357],[41.674149237738746,2.961649237738739],[41.668622843424508,2.963067287868947],[41.659252929687526,2.971416219075545],[41.657427639431454,2.978528849283878],[41.63945617675784,2.979733954535614],[41.635543823242216,2.982766045464434],[41.630017428927978,2.984184095594642],[41.628315904405412,2.990815904405406],[41.625,2.991666666666691],[41.625358072916697,2.994123670789955],[41.630908881293429,2.999646674262177],[41.633333333333361,3.0],[41.634184095594648,3.003315904405406],[41.6375,3.004166666666691],[41.639924452039956,3.004519992404538],[41.643408881293432,3.00798000759551],[41.645833333333364,3.008333333333358],[41.646684095594644,3.01164923773874],[41.65,3.0125],[41.654166666666697,3.0125],[41.655017428927977,3.015815904405406],[41.660543823242215,3.017233954535615],[41.665929836697075,3.021725802951413],[41.667233954535618,3.029913330078149],[41.662959798177113,3.035428195529538],[41.674540201822943,3.047905137803844],[41.671400621202288,3.051956176757837],[41.670266045464437,3.056377156575545],[41.667233954535618,3.060289510091171],[41.666099378797774,3.064710489908879],[41.658900621202285,3.07278951009117],[41.65833333333336,3.075],[41.652006361219648,3.074382527669296],[41.647910224066869,3.071390109592039],[41.63966030544708,3.078549194335962],[41.630138481987878,3.079935031467039],[41.628549194335967,3.085493638780407],[41.625617472330759,3.089506361219643],[41.624028184678849,3.095064968533011],[41.613188001844648,3.096642727322073],[41.611882527669302,3.11882697211374],[41.608950805664094,3.122839694552976],[41.607715861002632,3.127160305447074],[41.604784138997424,3.13117302788631],[41.603549194335969,3.139660305447074],[41.600617472330754,3.14367302788631],[41.599382527669299,3.147993638780407],[41.596450805664091,3.152006361219644],[41.59583333333336,3.166666666666692],[41.596400621202285,3.168877156575546],[41.599432712131104,3.172789510091171],[41.600567287868948,3.181377156575547],[41.607766045464437,3.189456176757838],[41.609184095594642,3.194982401529974],[41.6125,3.195833333333359],[41.611882527669302,3.197993469238307],[41.608950805664094,3.202006530761745],[41.607715861002632,3.214660135904974],[41.603549194335969,3.220364210340738],[41.604784138997424,3.222993469238307],[41.607715861002632,3.227006530761745],[41.608950805664094,3.239660135904974],[41.616049194335965,3.247839864095078],[41.617372300889784,3.265859646267387],[41.628835720486137,3.267528110080321],[41.63271586100263,3.272839864095078],[41.63413594563805,3.282598198784749],[41.647993638780413,3.28395097520619],[41.652006361219648,3.286882358127197],[41.656326972113746,3.288117641872856],[41.664506361219644,3.29521569146053],[41.668826972113742,3.29645097520619],[41.672839694552977,3.299382358127197],[41.675,3.3],[41.674646674262178,3.302424452039957],[41.671186659071211,3.305908881293429],[41.670480007595515,3.322546217176676],[41.674646674262178,3.326742214626763],[41.675,3.341666666666693],[41.674357096354193,3.343801710340739],[41.671476236979196,3.347864956325982],[41.67019042968753,3.352135043674072],[41.667309570312526,3.356198289659315],[41.665702311197947,3.361535814073378],[41.660365125868083,3.36314273410376],[41.654987250434054,3.366955905490479],[41.65339321560333,3.382582431369385],[41.637178209092909,3.383976067437093],[41.63125,3.379772779676677],[41.627134874131976,3.382690599229628],[41.618698459201418,3.383976067437093],[41.614634874131973,3.386857265896295],[41.6125,3.3875],[41.609184095594642,3.386649068196642],[41.607766045464437,3.381122843424506],[41.603770616319473,3.375967746310791],[41.597789510091175,3.374432712131104],[41.593877156575552,3.371400621202284],[41.585289510091172,3.370266045464437],[41.581377156575549,3.367233954535617],[41.57695617675784,3.36609937879777],[41.573043823242216,3.36306728786895],[41.567517428927978,3.361649068196642],[41.565815904405412,3.355017598470079],[41.560289510091174,3.35359937879777],[41.55637715657555,3.350567287868951],[41.551956176757841,3.349432712131103],[41.548043823242217,3.346400621202284],[41.541666666666693,3.34583333333336],[41.531122843424505,3.346400621202284],[41.527210489908882,3.349432712131103],[41.522048272026936,3.350567287868951],[41.520266045464439,3.343622843424506],[41.499017333984405,3.321487257215738],[41.485289510091171,3.320266045464436],[41.481377156575547,3.317233954535617],[41.47585076226131,3.315815734863308],[41.475,3.3125],[41.475,3.3],[41.474432712131104,3.297789510091172],[41.471400621202285,3.293877156575547],[41.470172119140649,3.280066257052978],[41.466666666666697,3.279166666666693],[41.460289510091172,3.278599378797769],[41.456377156575549,3.27556728786895],[41.450661214192735,3.274100409613742],[41.45,3.266666666666693],[41.439456176757837,3.267233954535616],[41.435543823242213,3.270266045464436],[41.411753336588568,3.271400621202283],[41.406377156575545,3.267233954535616],[41.397048272026936,3.266099378797769],[41.395266045464439,3.273043823242214],[41.382927449544297,3.286337958441867],[41.378420003255236,3.28806728786895],[41.373043823242213,3.283900621202283],[41.365920003255233,3.282766045464436],[41.36054382324221,3.286932712131103],[41.347789510091175,3.28806728786895],[41.343877156575545,3.29109937879777],[41.331122843424502,3.292233954535617],[41.327210489908879,3.295266045464436],[41.321684095594641,3.296684265136745],[41.319953748914955,3.303427971733968],[41.311753336588566,3.304733954535617],[41.30625,3.300468783908447],[41.30221048990888,3.30359937879777],[41.295086669921901,3.304733954535617],[41.289571804470512,3.30045979817711],[41.277210489908882,3.311932712131103],[41.26445617675784,3.31306728786895],[41.256377156575546,3.320266045464436],[41.251956176757837,3.321400621202284],[41.248043823242213,3.324432712131103],[41.234232923719645,3.325661214192735],[41.233333333333356,3.329166666666693],[41.217580159505232,3.328559197319905],[41.21666666666669,3.325],[41.214242214626758,3.325353325737874],[41.210757785373289,3.328813340928846],[41.205908881293425,3.329519992404541],[41.19202100965714,3.343382263183621],[41.191313340928843,3.360757785373291],[41.187853325737869,3.364242214626763],[41.187146674262181,3.369091118706624],[41.181623670789953,3.37464192708336],[41.176742214626763,3.375353325737874],[41.173257785373288,3.378813340928847],[41.155908881293428,3.379519992404541],[41.146188015408008,3.38921457926435],[41.145833333333357,3.395833333333361],[41.121750556098114,3.396426222059489],[41.120266045464433,3.402210489908882],[41.113067287868944,3.410289510091173],[41.111649237738739,3.415815734863309],[41.108333333333356,3.416666666666694],[41.108926052517383,3.440749613444038],[41.1125,3.441666666666694],[41.111649237738739,3.444982401529975],[41.104790242513047,3.446742587619386],[41.104166666666693,3.458333333333361],[41.101742214626761,3.458686659071208],[41.098257785373285,3.46214667426218],[41.0875,3.4625],[41.085075547960095,3.462853325737875],[41.081591118706619,3.466313340928847],[41.075,3.466666666666695],[41.074392361111137,3.48242001003692],[41.067517428927978,3.484184265136747],[41.066666666666691,3.4875],[41.064456176757837,3.488067287868952],[41.056377156575543,3.495266045464438],[41.051956176757834,3.496400621202285],[41.047916666666687,3.499531216091608],[41.043877156575547,3.496400621202285],[41.036753336588568,3.495266045464438],[41.030134412977453,3.50039588080515],[41.028315904405403,3.507482401529976],[41.021684095594644,3.509184265136747],[41.020833333333357,3.5125],[41.016666666666687,3.5125],[41.008333333333354,3.5125],[41.001742214626759,3.512853325737876],[40.998257785373283,3.516313340928848],[40.96666666666669,3.516666666666695],[40.964456176757835,3.516099378797771],[40.955086263020853,3.507750447591174],[40.953599378797769,3.501956176757841],[40.949107530381966,3.496569993760879],[40.940920003255229,3.495266045464438],[40.935543823242213,3.499432712131104],[40.931122843424504,3.500567287868952],[40.927210489908873,3.503599378797771],[40.911753336588561,3.504733954535618],[40.906377156575545,3.500567287868952],[40.892566257052977,3.49933878580732],[40.891099378797762,3.493622843424507],[40.88390062120228,3.485543823242216],[40.882445949978319,3.479875183105497],[40.872789510091167,3.478599378797771],[40.868877156575543,3.475567287868952],[40.864456176757834,3.474432712131104],[40.86054382324221,3.471400621202285],[40.839456176757835,3.470266045464438],[40.835543823242212,3.467233954535618],[40.833333333333357,3.466666666666695],[40.832980007595509,3.464242214626764],[40.829519992404535,3.460757785373292],[40.829166666666687,3.458333333333361],[40.825850931803409,3.457482401529976],[40.825,3.454166666666695],[40.818408881293422,3.453813340928847],[40.814924452039953,3.450353325737875],[40.804166666666688,3.45],[40.804166666666688,3.445833333333361],[40.801742214626756,3.445480007595514],[40.787857733832489,3.431621127658448],[40.7875,3.429166666666694],[40.785075547960091,3.429519992404542],[40.777424452039952,3.437146674262181],[40.748284403483098,3.437853325737875],[40.739924452039951,3.429519992404542],[40.735075547960093,3.428813340928847],[40.731591118706618,3.425353325737875],[40.729166666666686,3.425],[40.726742214626753,3.425353325737875],[40.723257785373285,3.428813340928847],[40.718408881293421,3.429519992404542],[40.714924452039952,3.432980007595514],[40.705908881293425,3.433686659071208],[40.702424452039949,3.437146674262181],[40.697575547960092,3.437853325737875],[40.694091118706616,3.441313340928847],[40.679166666666688,3.441666666666694],[40.676742214626756,3.442019992404541],[40.673257785373281,3.445480007595514],[40.670833333333356,3.445833333333361],[40.67026604546443,3.456377156575549],[40.661570739746111,3.465963745117215],[40.650887383355055,3.467375183105497],[40.649149068196635,3.474149068196643],[40.643622843424502,3.475567287868952],[40.639710489908872,3.478599378797771],[40.634184265136739,3.48001759847008],[40.632766045464429,3.485543823242216],[40.628187561035176,3.491033935546903],[40.610289510091164,3.492233954535618],[40.60637715657554,3.495266045464438],[40.604166666666686,3.495833333333362],[40.601742214626753,3.495480007595514],[40.598257785373285,3.492019992404542],[40.595833333333353,3.491666666666695],[40.595833333333353,3.495833333333362],[40.599149068196631,3.496684265136747],[40.6,3.5],[40.600850931803407,3.503315734863309],[40.604166666666686,3.504166666666695],[40.604519992404533,3.506591118706626],[40.607980007595508,3.510075547960098],[40.608333333333356,3.5125],[40.608686659071203,3.514924452039959],[40.612146674262171,3.518408881293431],[40.6125,3.529166666666695],[40.612146674262171,3.531591118706626],[40.604519992404533,3.539242214626765],[40.603813340928838,3.548257785373293],[40.600353325737871,3.551742214626765],[40.6,3.5625],[40.603254699707051,3.563266499837268],[40.604696146647157,3.567607455783449],[40.600395880805138,3.572916666666695],[40.603637186686214,3.576918368869387],[40.604696146647157,3.610581631130672],[40.607803853352884,3.614418368869387],[40.60886281331382,3.617607455783449],[40.604696146647157,3.62275170220272],[40.604166666666686,3.629166666666696],[40.603813340928838,3.631591118706627],[40.600353325737871,3.635075547960099],[40.599646674262175,3.63992445203996],[40.592019992404531,3.647575547960099],[40.591313340928842,3.65242445203996],[40.587853325737868,3.655908881293432],[40.587146674262172,3.673257785373294],[40.583686659071198,3.676742214626766],[40.582980007595509,3.694091118706627],[40.579181247287345,3.697916666666696],[40.582980007595509,3.701742214626766],[40.58333333333335,3.704166666666696],[40.582980007595509,3.706591118706627],[40.577456834581184,3.712141927083363],[40.575,3.7125],[40.571684265136739,3.713350931803415],[40.570833333333354,3.716666666666697],[40.570172119140643,3.724100409613745],[40.56445617675783,3.725567287868953],[40.560543823242206,3.728599378797773],[40.550887383355054,3.729875183105499],[40.549432712131093,3.735543823242217],[40.538067287868941,3.747789510091176],[40.536932712131097,3.752210489908884],[40.528599378797765,3.761562771267391],[40.530144076877193,3.765848117404544],[40.533333333333353,3.766666666666697],[40.536649068196631,3.767517598470083],[40.5375,3.770833333333364],[40.536600409613733,3.774338785807322],[40.522789510091165,3.775567287868954],[40.51732262505427,3.780126444498728],[40.516666666666687,3.7875],[40.510289510091162,3.786932712131107],[40.505303785536043,3.78306867811418],[40.5033157348633,3.790815734863312],[40.497789510091167,3.792233954535621],[40.493877156575536,3.79526604546444],[40.472789510091161,3.796400621202288],[40.460543823242205,3.80776604546444],[40.456122843424495,3.808900621202288],[40.448043823242209,3.816099378797774],[40.4436228434245,3.817233954535621],[40.439710489908876,3.82026604546444],[40.431122843424497,3.821400621202288],[40.423043823242203,3.828599378797774],[40.4125,3.829166666666697],[40.410075547960091,3.82881334092885],[40.406591118706615,3.825353325737878],[40.39583333333335,3.825],[40.385075547960085,3.825353325737878],[40.381591118706616,3.82881334092885],[40.370833333333351,3.829166666666697],[40.368408881293419,3.829519992404545],[40.364924452039951,3.832980007595517],[40.358333333333348,3.833333333333364],[40.357980007595501,3.835757785373295],[40.352456834581183,3.841308593750031],[40.35,3.841666666666697],[40.349646674262168,3.844091118706628],[40.342019992404531,3.851742214626767],[40.341313340928835,3.856591118706628],[40.321186659071195,3.876742214626767],[40.320480007595506,3.881591118706628],[40.312853325737862,3.889242214626767],[40.312146674262173,3.894091118706628],[40.304519992404529,3.901742214626768],[40.304166666666681,3.908333333333365],[40.303813340928833,3.910757785373296],[40.298290167914516,3.916308593750032],[40.295833333333348,3.916666666666698],[40.29526604546443,3.935543823242219],[40.292233954535604,3.939456176757844],[40.29095815022788,3.949112616644997],[40.285289510091161,3.950567287868955],[40.281377156575537,3.953599378797775],[40.272789510091165,3.954733954535622],[40.242551676432306,3.984051174587706],[40.241099378797763,3.989710489908886],[40.238067287868944,3.993622843424511],[40.236932712131093,4.002210489908887],[40.233900621202274,4.006122843424511],[40.23276604546443,4.010543823242219],[40.229733954535604,4.014456176757845],[40.22859937879776,4.018877156575553],[40.225567287868941,4.022789510091178],[40.22443271213109,4.027210489908887],[40.221400621202271,4.031122843424511],[40.220833333333353,4.054166666666699],[40.216666666666683,4.054166666666699],[40.2125,4.054166666666682],[40.21160040961373,4.057672119140641],[40.20416666666668,4.05833333333335],[40.201742214626755,4.058686659071197],[40.198257785373279,4.062146674262168],[40.193408881293422,4.062853325737863],[40.187858072916683,4.068376329210086],[40.187146674262166,4.073257785373279],[40.183686659071199,4.076742214626751],[40.182980007595503,4.08575778537328],[40.179519992404529,4.089242214626752],[40.178813340928833,4.09825778537328],[40.175353325737866,4.101742214626752],[40.174646674262171,4.127424452039946],[40.156620788574237,4.145475599500884],[40.151742214626751,4.146186659071197],[40.135757785373279,4.16214667426217],[40.126742214626752,4.162853325737863],[40.121191406250013,4.168376329210086],[40.120833333333351,4.17083333333335],[40.101742214626753,4.170480007595502],[40.097915818956182,4.166680230034739],[40.085757785373282,4.178813340928836],[40.080908881293418,4.179519992404531],[40.073257785373279,4.18714667426217],[40.070833333333347,4.1875],[40.0625,4.1875],[40.061932712131089,4.189710489908871],[40.05890062120227,4.193622843424496],[40.057766045464426,4.231377156575538],[40.050567287868937,4.23945617675783],[40.049338785807308,4.2532670762804],[40.042327880859389,4.255066257052968],[40.041005452473975,4.269933742947066],[40.0375,4.270833333333368],[40.036838785807305,4.278267076280399],[40.033333333333367,4.279166666666701],[40.033686659071194,4.294091118706614],[40.037146674262168,4.297575547960087],[40.037853325737863,4.305882432725712],[40.029519992404531,4.314242214626754],[40.028813340928835,4.331591118706616],[40.02329016791451,4.337141927083351],[40.020833333333364,4.3375],[40.02083333333335,4.341666666666685],[40.016666666666694,4.341666666666685],[40.016313340928832,4.344091118706615],[40.010786607530399,4.349645657009567],[39.993408881293419,4.350353325737865],[39.989924452039944,4.353813340928838],[39.983333333333363,4.354166666666685],[39.981122843424494,4.354733954535608],[39.97721048990887,4.357766045464428],[39.964456176757828,4.358900621202276],[39.948043823242202,4.374432712131094],[39.943622843424492,4.375567287868941],[39.935543823242199,4.382766045464428],[39.930017598470066,4.384184095594637],[39.929166666666696,4.3875],[39.929733954535607,4.39387715657554],[39.932766045464426,4.397789510091164],[39.93390062120227,4.421770562065991],[39.925567287868937,4.431122843424498],[39.924149068196627,4.436649237738735],[39.920833333333363,4.4375],[39.920480007595501,4.43992445203995],[39.900353325737861,4.460075547960088],[39.9,4.466666666666686],[39.899149068196628,4.469982571072068],[39.895833333333364,4.470833333333353],[39.89583333333335,4.475],[39.899149068196628,4.475850762261304],[39.9,4.479166666666686],[39.896494547526075,4.48006625705297],[39.895833333333364,4.4875],[39.892517428927981,4.488350762261303],[39.891666666666694,4.491666666666686],[39.891313340928846,4.494091118706617],[39.881621636284748,4.503808932834221],[39.879166666666698,4.504166666666686],[39.872575547960096,4.504519992404534],[39.864924452039958,4.512146674262173],[39.855908881293431,4.512853325737867],[39.852424452039962,4.516313340928839],[39.822575547960099,4.517019992404533],[39.810757785373291,4.528813340928838],[39.805908881293433,4.529519992404533],[39.802424452039958,4.532980007595506],[39.7875,4.533333333333353],[39.787141927083361,4.53087632921009],[39.781591118706629,4.525353325737867],[39.779166666666697,4.525],[39.778808593750028,4.522542995876756],[39.773257785373296,4.517019992404533],[39.7625,4.516666666666686],[39.758333333333361,4.516666666666686],[39.757672119140651,4.509232923719638],[39.751956176757844,4.507766045464429],[39.748043823242213,4.50473395453561],[39.7375,4.504166666666686],[39.708333333333364,4.504166666666686],[39.708333333333364,4.5],[39.708333333333364,4.495833333333353],[39.704166666666694,4.495833333333353],[39.695833333333361,4.495833333333353],[39.670833333333363,4.495833333333353],[39.664242214626768,4.496186659071199],[39.660757785373292,4.499646674262172],[39.65833333333336,4.5],[39.651742214626765,4.500353325737867],[39.648257785373289,4.503813340928838],[39.635784233941003,4.504519992404534],[39.627424452039961,4.496186659071199],[39.618408881293433,4.495480007595505],[39.612855021158879,4.489953613281269],[39.6125,4.483333333333352],[39.604166666666693,4.483333333333352],[39.597575547960098,4.4836866590712],[39.59375,4.487485419379359],[39.589924452039959,4.4836866590712],[39.585784233940998,4.482980007595505],[39.577424452039956,4.491313340928839],[39.572575547960099,4.492019992404533],[39.569091118706623,4.495480007595505],[39.564242214626766,4.496186659071199],[39.558691406250027,4.501709662543422],[39.558333333333358,4.504166666666686],[39.480088297526066,4.50474141438804],[39.479166666666693,4.508333333333352],[39.47083333333336,4.508333333333352],[39.470475260416691,4.505876329210089],[39.464924452039959,4.500353325737867],[39.451742214626762,4.499646674262172],[39.448257785373293,4.496186659071199],[39.443408881293429,4.495480007595505],[39.439924452039961,4.492019992404533],[39.435075547960096,4.491313340928839],[39.431591118706621,4.487853325737866],[39.416666666666693,4.4875],[39.415899997287354,4.490754530164949],[39.411559380425373,4.492196316189256],[39.406414794921901,4.488029649522589],[39.386559380425375,4.486970350477449],[39.381414794921902,4.491137017144117],[39.372751871744818,4.492196316189256],[39.36875,4.49543728298613],[39.364748128255236,4.492196316189256],[39.339418538411486,4.491137017144117],[39.331414794921898,4.483862982855921],[39.329166666666694,4.483333333333352],[39.328315904405407,4.486649237738734],[39.32278951009117,4.488067287868943],[39.314710489908876,4.49526604546443],[39.310289510091174,4.496400621202277],[39.305134412977459,4.500396050347241],[39.30359937879777,4.506377156575541],[39.295250447591172,4.51574707031252],[39.289456176757838,4.51723395453561],[39.284301079644123,4.521229383680575],[39.282482571072073,4.528315904405401],[39.276956176757835,4.52973395453561],[39.271801079644121,4.533729383680575],[39.270266045464432,4.539710489908874],[39.267233954535612,4.543622843424499],[39.266666666666694,4.545833333333353],[39.25,4.545833333333353],[39.246684095594645,4.544982571072069],[39.245266045464433,4.539456176757833],[39.242233954535614,4.535543823242207],[39.24109937879777,4.531122843424498],[39.238067287868951,4.527210489908874],[39.23661261664499,4.521541680230055],[39.225887383355058,4.520124986436652],[39.224432712131104,4.514456176757832],[39.220437282986133,4.509301079644116],[39.21666666666669,4.508333333333352],[39.214242214626758,4.507980007595505],[39.210757785373289,4.504519992404534],[39.202453613281271,4.503813340928838],[39.198257785373286,4.507980007595505],[39.1875,4.508333333333352],[39.180908881293426,4.507980007595505],[39.173257785373288,4.500353325737867],[39.166666666666693,4.5],[39.166313340928845,4.480908881293422],[39.162853325737871,4.47742445203995],[39.162146674262175,4.472575547960089],[39.158686659071208,4.469091118706617],[39.15833333333336,4.4625],[39.156122843424505,4.461932712131095],[39.152210489908882,4.458900621202275],[39.147789510091172,4.457766045464428],[39.142634412977458,4.453770616319463],[39.141099378797769,4.447789510091164],[39.137103949652804,4.44263441297745],[39.131122843424507,4.441099378797762],[39.127210489908876,4.438067287868942],[39.124253336588566,4.436932712131095],[39.118877156575543,4.441099378797762],[39.115920003255233,4.44223395453561],[39.11054382324221,4.438067287868942],[39.104804484049502,4.436594306098109],[39.103599378797767,4.418622843424497],[39.091021050347244,4.405070326063386],[39.085289510091172,4.403599378797761],[39.081377156575542,4.400567287868942],[39.079166666666687,4.4],[39.078813340928846,4.397575547960088],[39.067019992404539,4.385757785373283],[39.066313340928843,4.376742214626754],[39.054519992404536,4.364924452039949],[39.053813340928841,4.355908881293421],[39.050353325737873,4.352424452039949],[39.049646674262178,4.347575547960087],[39.033686659071201,4.331591118706616],[39.032980007595512,4.322575547960087],[39.029519992404538,4.319091118706615],[39.028813340928842,4.314242214626754],[39.025353325737868,4.310757785373282],[39.025,4.308333333333351],[39.024345906575547,4.300980970594636],[39.006377156575546,4.283900621202275],[38.989456176757834,4.282766045464427],[38.98554382324221,4.279733954535608],[38.981122843424501,4.278599378797761],[38.977210489908877,4.275567287868942],[38.971478949652798,4.274096340603316],[38.958900621202282,4.260543823242205],[38.957365587022593,4.254562717013906],[38.952210489908879,4.250567287868941],[38.938399590386304,4.249338785807309],[38.936580403645856,4.242249552408872],[38.927210489908873,4.233900621202274],[38.917554050021721,4.232624986436649],[38.916666666666686,4.229166666666684],[38.916666666666686,4.225],[38.914242214626761,4.22464667426217],[38.910757785373285,4.221186659071197],[38.905908881293428,4.220480007595503],[38.902424452039952,4.217019992404531],[38.893408881293425,4.216313340928837],[38.889924452039949,4.212853325737864],[38.873284233940993,4.21214667426217],[38.864924452039951,4.220480007595503],[38.8625,4.220833333333351],[38.8625,4.216666666666684],[38.855908881293423,4.216313340928837],[38.850358072916691,4.210790337456614],[38.85,4.20833333333335],[38.853458319769985,4.207445949978315],[38.854733954535611,4.197789510091162],[38.8619327121311,4.189710489908871],[38.863067287868944,4.160289510091163],[38.866198052300369,4.15625],[38.8619327121311,4.150746663411475],[38.863236829969637,4.142559136284738],[38.868622843424504,4.138067287868941],[38.874149237738735,4.136649237738732],[38.875,4.13333333333335],[38.874080403645856,4.129749552408871],[38.864592149522593,4.121295166015641],[38.86054382324221,4.124432712131092],[38.851956176757831,4.12556728786894],[38.848043823242207,4.128599378797759],[38.843622843424498,4.129733954535606],[38.838246663411482,4.133900621202273],[38.825896369086394,4.13265957302519],[38.824149068196633,4.125850762261301],[38.8186228434245,4.124432712131092],[38.814710489908876,4.121400621202273],[38.806122843424504,4.120266045464426],[38.79804382324221,4.11306728786894],[38.789456176757831,4.111932712131093],[38.785543823242207,4.108900621202273],[38.772789510091165,4.107766045464426],[38.768877156575542,4.104733954535607],[38.764456176757832,4.103599378797759],[38.756377156575539,4.096400621202273],[38.7375,4.095833333333349],[38.722575547960091,4.095480007595502],[38.714924452039952,4.087853325737863],[38.710075547960088,4.087146674262168],[38.696187506781705,4.073284233940988],[38.695833333333354,4.0625],[38.691666666666684,4.0625],[38.691666666666684,4.066666666666682],[38.686932712131096,4.067881605360259],[38.68945617675783,4.070266045464425],[38.691666666666684,4.070833333333349],[38.691666666666684,4.075],[38.68945617675783,4.075567287868939],[38.684301079644115,4.079562717013905],[38.682766045464433,4.085543823242204],[38.679733954535614,4.089456176757828]]]}},
{"type":"Feature","properties":{"name":"Shabelle","part":"full","area_km2":298132,"n_basins":2295},"geometry":{"type":"Polygon","coordinates":[[[39.373257785373291,6.799646674262174],[39.360075547960093,6.800353325737869],[39.356591118706625,6.803813340928841],[39.329166666666694,6.804166666666688],[39.325,6.804166666666688],[39.322575547960092,6.804519992404535],[39.31702473958336,6.810042995876758],[39.316313340928843,6.814924452039953],[39.306618245442735,6.824645657009571],[39.295833333333356,6.825],[39.292517428927979,6.825850762261306],[39.291666666666693,6.829166666666689],[39.276742214626765,6.829519992404536],[39.273257785373289,6.832980007595507],[39.254166666666691,6.833333333333355],[39.250850762261308,6.83418409559464],[39.25,6.8375],[39.247575547960096,6.837146674262175],[39.244091118706621,6.833686659071203],[39.235075547960093,6.832980007595507],[39.231591118706625,6.829519992404536],[39.229166666666693,6.829166666666689],[39.21666666666669,6.829166666666689],[39.214242214626758,6.829519992404536],[39.208691406250026,6.835042995876758],[39.207980007595509,6.839924452039952],[39.204519992404542,6.843408881293424],[39.204166666666694,6.845833333333355],[39.20195617675784,6.845266045464432],[39.198043823242209,6.842233954535612],[39.188387383355057,6.840958319769987],[39.186600409613739,6.833994547526064],[39.179166666666688,6.833333333333355],[39.176742214626763,6.833686659071203],[39.173257785373288,6.837146674262175],[39.16912027994794,6.83785332573787],[39.164924452039955,6.833686659071203],[39.156620279947944,6.832980007595507],[39.152424452039952,6.837146674262175],[39.15,6.8375],[39.14914923773874,6.83418409559464],[39.142517428927974,6.83248257107207],[39.141666666666694,6.829166666666689],[39.138161214192735,6.828267076280404],[39.1375,6.820833333333355],[39.135075547960092,6.820480007595508],[39.131591118706623,6.817019992404536],[39.129166666666691,6.816666666666689],[39.125,6.816666666666689],[39.118408881293426,6.817019992404536],[39.110757785373288,6.824646674262175],[39.108333333333356,6.825],[39.089242214626758,6.824646674262175],[39.085757785373289,6.821186659071202],[39.081620279947941,6.820480007595508],[39.077424452039956,6.824646674262175],[39.058333333333358,6.825],[39.054166666666688,6.825],[39.026956176757835,6.825567287868946],[39.023043823242212,6.828599378797765],[39.017517428927974,6.830017428927974],[39.016099378797769,6.83554382324221],[39.00890062120228,6.843622843424502],[39.007436794704887,6.849326239691862],[38.995086669921896,6.850567287868946],[38.98971048990888,6.846400621202279],[38.976956176757838,6.845266045464432],[38.973043823242207,6.842233954535612],[38.970086669921898,6.841099378797765],[38.964710489908875,6.845266045464432],[38.960289510091165,6.846400621202279],[38.956377156575542,6.849432712131098],[38.94778951009117,6.850567287868946],[38.943877156575546,6.853599378797766],[38.926956176757834,6.854733954535613],[38.92304382324221,6.857766045464432],[38.915920003255231,6.858900621202279],[38.910543823242207,6.854733954535613],[38.906122843424498,6.853599378797766],[38.900704277886305,6.849080403645855],[38.899432712131102,6.839456176757834],[38.896400621202275,6.83554382324221],[38.894933742947067,6.829827880859397],[38.880066257052974,6.82850545247398],[38.879166666666691,6.825],[38.864242214626756,6.825353325737868],[38.860757785373288,6.828813340928841],[38.855908881293423,6.829519992404536],[38.852424452039955,6.832980007595507],[38.826742214626755,6.833686659071203],[38.823257785373286,6.837146674262175],[38.818408881293422,6.83785332573787],[38.810757785373283,6.845480007595508],[38.804166666666688,6.845833333333355],[38.803813340928841,6.860757785373286],[38.798290167914516,6.866308593750022],[38.795833333333356,6.866666666666688],[38.780908881293421,6.867019992404536],[38.777424452039952,6.870480007595509],[38.770833333333357,6.870833333333356],[38.768408881293425,6.870480007595509],[38.764924452039949,6.867019992404536],[38.755908881293422,6.866313340928841],[38.752424452039953,6.86285332573787],[38.739242214626756,6.862146674262175],[38.731591118706618,6.854519992404536],[38.722575547960091,6.853813340928841],[38.719091118706615,6.850353325737869],[38.714951070149759,6.849646674262175],[38.706250678168423,6.858319430881099],[38.702424452039949,6.854519992404536],[38.698287116156706,6.853813340928841],[38.694091118706616,6.857980007595508],[38.691666666666684,6.858333333333356],[38.691313340928843,6.860757785373286],[38.687853325737869,6.864242214626758],[38.6875,6.866666666666688],[38.687853325737869,6.877424452039953],[38.691313340928843,6.880908881293426],[38.691666666666684,6.9125],[38.692517598470076,6.915815904405404],[38.698043823242209,6.917233954535613],[38.707413567437086,6.925582885742211],[38.708900621202275,6.931377156575543],[38.711932712131095,6.935289510091168],[38.713067287868945,6.955103895399328],[38.704733954535612,6.964456176757835],[38.704166666666687,6.979166666666689],[38.705017598470072,6.982482571072072],[38.711791483561221,6.984220716688391],[38.713067287868945,6.993877156575544],[38.716099378797765,6.997789510091168],[38.717517598470074,7.003315904405405],[38.724392530653233,7.005080159505232],[38.725,7.020833333333357],[38.729166666666686,7.020833333333357],[38.731591118706618,7.021186659071204],[38.735075547960093,7.024646674262176],[38.745833333333351,7.025],[38.746186659071199,7.03159111870662],[38.753813340928843,7.03924221462676],[38.754166666666691,7.045833333333357],[38.758333333333354,7.045833333333357],[38.760757785373286,7.046186659071204],[38.774645826551669,7.060049099392385],[38.775,7.070833333333358],[38.777424452039952,7.071186659071204],[38.787142266167557,7.080878363715302],[38.787853325737871,7.085757785373287],[38.799646674262178,7.097575547960094],[38.800353325737866,7.102424452039955],[38.803813340928841,7.105908881293427],[38.804519992404536,7.114924452039954],[38.816313340928843,7.126742214626761],[38.816666666666691,7.129166666666691],[38.822993469238305,7.128549194335962],[38.828697543674068,7.124382527669296],[38.832600741916252,7.126215955946205],[38.834127468533005,7.136705864800371],[38.845151435004361,7.138310411241344],[38.87438252766929,7.16867319742841],[38.875617472330752,7.172993469238306],[38.882715861002623,7.181173197428411],[38.884412299262173,7.187107340494816],[38.902006361219641,7.203549024793862],[38.90416666666669,7.204166666666691],[38.906591118706622,7.204519992404538],[38.910075547960091,7.207980007595511],[38.914924452039955,7.208686659071205],[38.935075547960089,7.228813340928845],[38.945833333333354,7.229166666666692],[38.95,7.229166666666692],[38.964924452039952,7.229519992404539],[38.968408881293428,7.232980007595511],[38.977424452039955,7.233686659071205],[38.980908881293423,7.237146674262178],[38.983333333333356,7.2375],[38.989924452039951,7.237853325737873],[39.001742214626759,7.249646674262178],[39.006591118706623,7.250353325737873],[39.010075547960092,7.253813340928845],[39.020833333333357,7.254166666666692],[39.022201199001756,7.258950975206188],[39.027160305447069,7.257715691460529],[39.031933254665823,7.254229058159748],[39.041049194335962,7.264506530761745],[39.042593044704887,7.269906955295165],[39.049073621961831,7.271759711371553],[39.05061747233075,7.277160135904973],[39.061882527669297,7.289506530761744],[39.06330261230471,7.299264865451415],[39.078366767035611,7.300735473632838],[39.082715861002626,7.306173197428411],[39.084421454535615,7.31213972303605],[39.097839694552974,7.324382358127195],[39.110493638780405,7.325617641872856],[39.11450636121964,7.328549024793863],[39.120833333333358,7.329166666666692],[39.121732923719641,7.332672119140651],[39.129166666666691,7.333333333333359],[39.129519992404539,7.339924452039956],[39.132980007595506,7.343408881293429],[39.13369106716582,7.348288472493516],[39.143408881293425,7.357980007595512],[39.145833333333357,7.358333333333359],[39.145833333333357,7.3625],[39.15,7.3625],[39.1625,7.3625],[39.1625,7.37083333333336],[39.164924452039955,7.371186659071206],[39.172575547960093,7.378813340928845],[39.179166666666688,7.379166666666693],[39.179524739583357,7.381623501247857],[39.185075547960096,7.387146674262179],[39.2,7.3875],[39.208333333333357,7.3875],[39.227160305447072,7.388117641872856],[39.231173027886307,7.391049024793864],[39.23720330132381,7.392773098415825],[39.245215861002627,7.402006530761746],[39.24645080566409,7.406326802571641],[39.249382527669297,7.410339864095079],[39.250617472330752,7.414660135904974],[39.25354919433596,7.418673197428411],[39.255166286892383,7.429784308539523],[39.25771586100263,7.427160135904975],[39.259194946289085,7.41699778238935],[39.26619737413197,7.411882358127197],[39.272993638780406,7.413117641872857],[39.278697374131973,7.417284308539523],[39.290882703993077,7.415911356608099],[39.295215861002632,7.410493469238308],[39.296991984049505,7.40428059895836],[39.302006361219647,7.400617641872856],[39.310493638780407,7.399382358127196],[39.314506361219642,7.396450975206189],[39.328360663519987,7.39509853786895],[39.349382527669299,7.372993469238308],[39.35,7.37083333333336],[39.354166666666693,7.37083333333336],[39.357482571072076,7.371684265136745],[39.358333333333363,7.375],[39.361892361111138,7.375913323296468],[39.3625,7.391666666666693],[39.3619327121311,7.393877156575547],[39.358900621202281,7.397789510091172],[39.357766045464437,7.410543823242215],[39.354733954535618,7.414456176757839],[39.353599378797767,7.418877156575547],[39.350567287868948,7.422789510091173],[39.349432712131104,7.42721048990888],[39.346400621202285,7.431122843424506],[39.345266045464435,7.443877156575548],[39.342233954535615,7.447789510091173],[39.340958319769989,7.457445949978325],[39.335289510091172,7.458900621202284],[39.323043823242216,7.470266045464436],[39.318622843424507,7.471400621202283],[39.308373684353327,7.480697123209662],[39.311932712131103,7.485289510091173],[39.313067287868947,7.489710489908882],[39.316099378797766,7.493622843424506],[39.316666666666691,7.516666666666694],[39.320195515950545,7.517572360568604],[39.321471150716171,7.536594306098118],[39.325,7.5375],[39.325,7.541666666666694],[39.328505452473983,7.542566257052979],[39.329733954535612,7.556377156575548],[39.336932712131102,7.56445617675784],[39.3375,7.566666666666695],[39.337853325737875,7.569091118706625],[39.345480007595512,7.576742214626764],[39.34583333333336,7.579166666666694],[39.35,7.579166666666694],[39.349646674262175,7.594091118706626],[39.346186659071208,7.597575547960098],[39.34583333333336,7.6],[39.349149237738743,7.600850931803413],[39.35,7.604166666666694],[39.350567287868948,7.610543823242216],[39.353599378797767,7.614456176757841],[39.355017428927979,7.619982401529976],[39.358333333333363,7.620833333333362],[39.358900621202281,7.623043823242216],[39.3619327121311,7.62695617675784],[39.363208346896727,7.636612616644994],[39.366666666666696,7.6375],[39.366666666666696,7.641666666666695],[39.367019992404536,7.648257785373293],[39.370480007595511,7.651742214626765],[39.370833333333358,7.6625],[39.373257785373291,7.662853325737876],[39.378811645507838,7.668379550510011],[39.379519992404539,7.681591118706626],[39.382980007595513,7.685075547960098],[39.383686659071209,7.694091118706626],[39.387146674262176,7.697575547960098],[39.3875,7.7125],[39.387853325737872,7.723257785373293],[39.391313340928846,7.726742214626765],[39.391666666666694,7.7375],[39.392019992404542,7.756591118706627],[39.395480007595509,7.760075547960099],[39.396186659071205,7.785757785373294],[39.399646674262179,7.789242214626766],[39.400353325737875,7.798257785373293],[39.404152086046032,7.802083333333363],[39.400353325737875,7.805908881293433],[39.4,7.808333333333363],[39.399432712131102,7.810543823242217],[39.396400621202282,7.814456176757842],[39.395124986436656,7.824112616644995],[39.391666666666694,7.825],[39.392019992404542,7.835757785373294],[39.395480007595509,7.839242214626767],[39.395833333333357,7.854166666666696],[39.396186659071205,7.860757785373294],[39.403813340928849,7.868408881293433],[39.40416666666669,7.891666666666698],[39.407672119140649,7.892566257052982],[39.40833333333336,7.9],[39.411731635199679,7.90097164577911],[39.41330939398874,7.911811998155413],[39.425,7.9125],[39.425355021158879,7.919120449490048],[39.430908881293426,7.924646674262183],[39.433333333333358,7.925],[39.433686659071206,7.935757785373294],[39.437485419379364,7.939583333333364],[39.433686659071206,7.943408881293434],[39.433333333333358,7.945833333333365],[39.433333333333358,7.95],[39.433333333333358,7.954166666666698],[39.434184095594645,7.957482401529979],[39.4375,7.958333333333364],[39.4375,7.9625],[39.4375,7.966666666666682],[39.439924452039961,7.967019992404545],[39.443408881293429,7.970480007595517],[39.445833333333361,7.970833333333364],[39.449149237738744,7.97168426513675],[39.45,7.975],[39.45056728786895,7.977210489908885],[39.461932712131102,7.989456176757844],[39.463208346896728,7.999112616644997],[39.468877156575545,8.000567287868956],[39.472789510091175,8.003599378797775],[39.477210489908884,8.004733954535622],[39.48658040364586,8.013082885742218],[39.488067287868951,8.018877156575552],[39.49109937879777,8.022789510091178],[39.491666666666696,8.025],[39.504166666666691,8.025],[39.505017428927978,8.028315904405398],[39.508333333333361,8.029166666666683],[39.508900621202287,8.031377156575537],[39.511932712131106,8.035289510091161],[39.513208346896725,8.044945949978313],[39.518877156575549,8.046400621202272],[39.528463745117215,8.055095757378488],[39.529733954535615,8.064710489908871],[39.532766045464435,8.068622843424496],[39.533900621202285,8.073043823242203],[39.536932712131104,8.076956176757829],[39.538067287868948,8.093877156575537],[39.541099378797767,8.097789510091161],[39.541666666666693,8.1],[39.548257785373295,8.100353325737863],[39.551742214626763,8.103813340928836],[39.558333333333358,8.104166666666682],[39.560455661349856,8.103511216905398],[39.566420830620686,8.099344550238731],[39.581288994683185,8.100655449761302],[39.585377671983537,8.103511216905398],[39.60330946180558,8.104915025499148],[39.604822116427982,8.114622328016509],[39.611844550238743,8.122877671983524],[39.613257853190134,8.140930514865467],[39.636639743381103,8.142396375868072],[39.63844841851131,8.154001871744809],[39.643711005316867,8.157677883572065],[39.647955661349854,8.158988783094635],[39.6520443386502,8.161844550238731],[39.654166666666697,8.1625],[39.654733954535615,8.173043823242203],[39.657766045464442,8.17695617675783],[39.659184095594647,8.182482571072065],[39.664710489908884,8.183900621202273],[39.668622843424508,8.186932712131092],[39.673043823242217,8.18806728786894],[39.689456176757844,8.20359937879776],[39.695094468858535,8.205046251085086],[39.696400621202287,8.213246663411475],[39.692233954535617,8.218622843424496],[39.691099378797773,8.223043823242204],[39.687103949652808,8.22819892035592],[39.683333333333358,8.229166666666684],[39.683988104926243,8.236527167426232],[39.693622843424507,8.245266045464426],[39.699603949652804,8.246801079644115],[39.703599378797769,8.25195617675783],[39.705017428927981,8.257482571072066],[39.710543823242219,8.258900621202274],[39.718622843424505,8.26609937879776],[39.723043823242215,8.267233954535607],[39.726956176757838,8.270266045464428],[39.729166666666693,8.27083333333335],[39.730381605360272,8.26609937879776],[39.744932386610273,8.267322794596371],[39.746801079644129,8.274603949652796],[39.75208333333336,8.278698052300365],[39.756122843424507,8.275567287868942],[39.7625,8.275],[39.778253173828155,8.275607638888907],[39.779166666666697,8.279166666666685],[39.78248257107208,8.28001742892797],[39.784184095594647,8.286649237738732],[39.789710489908884,8.288067287868941],[39.793622843424508,8.29109937879776],[39.804166666666696,8.291666666666684],[39.805054050021731,8.288208346896718],[39.814710489908883,8.286932712131094],[39.818622843424507,8.283900621202275],[39.856377156575547,8.282766045464427],[39.860289510091178,8.279733954535608],[39.86994594997833,8.278458319769982],[39.870833333333366,8.275],[39.910757785373292,8.27464667426217],[39.918408881293431,8.267019992404531],[39.923257785373295,8.266313340928837],[39.939242214626766,8.250353325737864],[39.944091118706631,8.24964667426217],[39.951742214626769,8.242019992404531],[39.9625,8.241666666666685],[39.9625,8.245833333333351],[39.962853325737861,8.252424452039948],[39.966313340928835,8.25590888129342],[39.966666666666683,8.266666666666683],[39.963350931803397,8.267517428927968],[39.9625,8.27083333333335],[39.958961147732218,8.27174140082467],[39.957766045464425,8.292413330078142],[39.961932712131087,8.297789510091164],[39.963067287868938,8.30907999674481],[39.958900621202268,8.31445617675783],[39.958333333333364,8.320833333333351],[39.960543823242205,8.321400621202274],[39.964456176757828,8.324432712131095],[39.969982401529961,8.325850762261302],[39.971400621202271,8.331377156575538],[39.97443271213109,8.335289510091163],[39.975567287868941,8.339710489908873],[39.986932712131093,8.351956176757831],[39.988387383355047,8.357624986436651],[39.999112616644979,8.359041680230053],[40.0,8.3625],[39.996572028266073,8.363379584418421],[39.995266045464426,8.37157999674481],[39.999432712131089,8.376956176757831],[40.0,8.379166666666684],[40.000661214192725,8.386600409613735],[40.007672119140636,8.388399590386303],[40.008333333333347,8.395833333333352],[40.010543823242202,8.396400621202275],[40.022789510091158,8.407766045464427],[40.04068756103517,8.408966064453143],[40.045266045464423,8.414456176757831],[40.046801079644112,8.42043728298613],[40.051956176757827,8.424432712131095],[40.057937452528229,8.425967746310782],[40.06306728786894,8.432586669921893],[40.061932712131089,8.435543823242206],[40.058068678114168,8.440529378255228],[40.066270785861562,8.44263441297745],[40.070266045464422,8.447789510091164],[40.071684265136732,8.4533159044054],[40.078315734863295,8.45501742892797],[40.079733954535605,8.460543823242206],[40.082766045464425,8.464456176757832],[40.084037611219635,8.474080403645853],[40.089587571885865,8.478708902994811],[40.097789510091161,8.471400621202276],[40.10221048990887,8.470266045464429],[40.110289510091164,8.463067287868942],[40.1125,8.4625],[40.113067287868937,8.464710489908873],[40.116099378797756,8.468622843424498],[40.117634412977445,8.474603949652797],[40.12278951009116,8.478599378797762],[40.127210489908869,8.479733954535609],[40.131122843424492,8.482766045464428],[40.137104119194895,8.484301079644116],[40.141099378797762,8.489456176757832],[40.142375183105486,8.499112616644984],[40.14583333333335,8.5],[40.14583333333335,8.508333333333352],[40.146801079644113,8.512103949652797],[40.151956176757828,8.516099378797762],[40.157482401529961,8.51751742892797],[40.159232923719635,8.524338785807311],[40.166666666666686,8.525],[40.170833333333348,8.525],[40.1729934692383,8.525617472330749],[40.177006530761737,8.528549194335957],[40.183036634657135,8.530273098415819],[40.191049024793855,8.539506361219637],[40.192284308539513,8.543826972113735],[40.199382358127188,8.552006361219638],[40.20073513454863,8.565864054361999],[40.212168884277361,8.567528279622415],[40.216049024793854,8.572839694552972],[40.217593044704877,8.578240288628493],[40.220833333333353,8.579166666666687],[40.225,8.579166666666687],[40.227424452039948,8.579519992404535],[40.230908881293416,8.582980007595506],[40.245833333333351,8.583333333333353],[40.246186659071199,8.585757785373284],[40.253813340928836,8.593408881293422],[40.254519992404532,8.598257785373285],[40.257980007595506,8.601742214626757],[40.258686659071195,8.610757785373284],[40.262146674262169,8.614242214626756],[40.2625,8.616666666666687],[40.265815734863295,8.617517428927972],[40.266666666666687,8.620833333333353],[40.27083333333335,8.620833333333353],[40.271400621202275,8.623043823242208],[40.274432712131095,8.626956176757833],[40.275890604654968,8.632637193467902],[40.297789510091164,8.653599378797765],[40.303770785861559,8.655134412977452],[40.307766045464426,8.660289510091166],[40.309184265136736,8.665815904405402],[40.3158157348633,8.667517428927972],[40.31723395453561,8.673043823242208],[40.320266045464429,8.676956176757834],[40.321400621202272,8.681377156575541],[40.332766045464425,8.6936228434245],[40.334220716688385,8.69929165310332],[40.343877156575537,8.700567287868944],[40.351956176757831,8.707766045464432],[40.35637715657554,8.708900621202279],[40.37695617675783,8.728599378797764],[40.379166666666684,8.729166666666687],[40.379519992404532,8.735757785373284],[40.382980007595506,8.739242214626756],[40.383333333333354,8.741666666666688],[40.387104119194895,8.742634412977452],[40.391099378797762,8.747789510091167],[40.39256625705297,8.753505452473981],[40.406377156575537,8.754733954535611],[40.410289510091161,8.757766045464431],[40.4125,8.758333333333354],[40.412857733832482,8.760788302951411],[40.422575547960086,8.770480007595507],[40.425,8.770833333333355],[40.435757785373283,8.771186659071201],[40.447575547960085,8.782980007595508],[40.452424452039949,8.783686659071202],[40.455908881293425,8.787146674262175],[40.460757785373282,8.787853325737869],[40.464242214626758,8.791313340928841],[40.466666666666683,8.791666666666689],[40.470187547471809,8.792570326063389],[40.48276604546443,8.8061228434245],[40.483900621202274,8.81054382324221],[40.491099378797763,8.818622843424501],[40.492586432562952,8.824417114257834],[40.50195617675783,8.832766045464432],[40.511612616644982,8.834041680230056],[40.513399590386307,8.841005452473981],[40.52083333333335,8.841666666666688],[40.521400621202275,8.843877156575543],[40.525395880805142,8.849032253689259],[40.532482401529968,8.850850762261306],[40.533900621202278,8.856377156575544],[40.536932712131097,8.860289510091167],[40.5375,8.866666666666688],[40.537853325737863,8.869091118706619],[40.541313340928838,8.872575547960093],[40.541666666666686,8.875],[40.54387715657554,8.875567287868947],[40.549032253689255,8.879562717013911],[40.550567287868944,8.885543823242209],[40.563145785861565,8.899096340603322],[40.56998240152997,8.900850762261307],[40.570833333333354,8.90416666666669],[40.58333333333335,8.90416666666669],[40.5907670762804,8.903505452473981],[40.591666666666683,8.9],[40.604166666666686,8.9],[40.60501759847007,8.903315904405405],[40.608333333333356,8.90416666666669],[40.610757785373281,8.903813340928842],[40.61495378282337,8.899646674262176],[40.631591118706616,8.90035332573787],[40.644116889105923,8.912853325737871],[40.652424452039952,8.912146674262175],[40.655908881293421,8.908686659071204],[40.681591118706621,8.907980007595508],[40.685075547960089,8.904519992404536],[40.6875,8.90416666666669],[40.694120449490036,8.904521687825543],[40.699646674262176,8.910075547960092],[40.700357733832483,8.914954969618078],[40.710784064398894,8.92535332573787],[40.714924452039952,8.924646674262176],[40.71875,8.920847913954017],[40.722575547960091,8.924646674262176],[40.727424452039955,8.92535332573787],[40.730908881293423,8.928813340928842],[40.733333333333356,8.929166666666688],[40.733686659071203,8.931591118706621],[40.757980007595506,8.955908881293425],[40.758333333333354,8.9625],[40.758333333333354,8.96666666666669],[40.761649068196633,8.967517428927975],[40.7625,8.970833333333356],[40.7625,8.975],[40.768877156575542,8.975567287868946],[40.772789510091165,8.978599378797766],[40.779913330078145,8.979733954535613],[40.785289510091168,8.975567287868946],[40.792413330078148,8.974432712131099],[40.797789510091164,8.978599378797766],[40.803315734863304,8.980017428927974],[40.804166666666688,8.983333333333356],[40.807482401529967,8.984184095594641],[40.808333333333351,8.9875],[40.810757785373283,8.987146674262176],[40.814242214626759,8.983686659071203],[40.816666666666691,8.983333333333356],[40.81998240152997,8.984184095594641],[40.821732923719637,8.991005452473981],[40.835543823242212,8.992233954535614],[40.847789510091168,9.003599378797766],[40.858333333333356,9.00416666666669],[40.860757785373288,9.003813340928843],[40.864242214626756,9.000353325737871],[40.875,9.0],[40.883333333333354,9.0],[40.884232923719637,9.003505452473981],[40.891666666666687,9.00416666666669],[40.892019992404535,9.010757785373286],[40.895480007595509,9.014242214626758],[40.896186659071205,9.019091118706621],[40.903813340928842,9.02674221462676],[40.904519992404538,9.039924452039955],[40.912146674262175,9.047575547960093],[40.9125,9.0625],[40.914710489908877,9.063067287868947],[40.918622843424501,9.066099378797766],[40.924149237738739,9.067517428927975],[40.925567287868944,9.073043823242212],[40.932766045464433,9.081122843424502],[40.934228854709225,9.086822848849851],[40.951956176757832,9.103599378797767],[40.956377156575542,9.104733954535615],[40.960416666666688,9.107864718967038],[40.964583333333358,9.10463528103301],[40.968622843424498,9.107766045464434],[40.970833333333353,9.108333333333357],[40.975,9.108333333333357],[40.975353325737871,9.114924452039954],[40.978813340928845,9.118408881293426],[40.979166666666693,9.120833333333358],[40.979519992404533,9.123257785373289],[40.982980007595508,9.126742214626761],[40.983333333333356,9.129166666666691],[40.985757785373288,9.129519992404539],[40.989242214626756,9.13298000759551],[40.998257785373283,9.133686659071206],[41.005908881293422,9.141313340928845],[41.014924452039956,9.142019992404538],[41.018408881293425,9.145480007595511],[41.025,9.145833333333357],[41.028559027777803,9.146746826171899],[41.02916666666669,9.1625],[41.031591118706622,9.162853325737872],[41.043408881293423,9.174646674262178],[41.045833333333356,9.175],[41.046186659071203,9.177424452039954],[41.051709662543423,9.182975260416692],[41.056591118706621,9.183686659071206],[41.066311645507838,9.193381076388913],[41.067019992404539,9.205879550510009],[41.062853325737869,9.210075547960095],[41.0625,9.225],[41.063067287868947,9.227210489908879],[41.066099378797766,9.231122843424505],[41.067233954535617,9.235543823242212],[41.070266045464436,9.239456176757837],[41.071541680230055,9.24911261664499],[41.077210489908879,9.250567287868948],[41.081122843424502,9.253599378797768],[41.089710489908875,9.254733954535617],[41.093622843424505,9.257766045464436],[41.098043823242215,9.258900621202283],[41.106122843424501,9.266099378797769],[41.129166666666691,9.266666666666692],[41.133333333333354,9.266666666666692],[41.133333333333354,9.275],[41.156591118706622,9.275353325737873],[41.160786946614607,9.27951999240454],[41.185757785373291,9.278813340928846],[41.189242214626759,9.275353325737873],[41.195833333333354,9.275],[41.19672071668839,9.278458150227891],[41.206377156575542,9.279733954535615],[41.210289510091172,9.282766045464435],[41.214710489908882,9.283900621202282],[41.222789510091168,9.291099378797769],[41.227210489908877,9.292233954535616],[41.231122843424501,9.295266045464436],[41.23554382324221,9.296400621202283],[41.244913736979193,9.304749552408879],[41.245833333333358,9.308333333333358],[41.249149237738742,9.309184265136745],[41.250567287868947,9.31471048990888],[41.253599378797766,9.318622843424505],[41.254733954535617,9.323043823242212],[41.257766045464436,9.32695617675784],[41.258333333333361,9.329166666666692],[41.270833333333357,9.329166666666692],[41.273257785373289,9.32951999240454],[41.276742214626765,9.332980007595513],[41.289952256944467,9.333688184950113],[41.299646674262178,9.343408881293428],[41.300353325737873,9.352424452039957],[41.303813340928848,9.355908881293429],[41.304524400499155,9.360788472493516],[41.314242214626759,9.370480007595512],[41.319091118706623,9.371186659071206],[41.323286946614608,9.375353325737873],[41.327424452039956,9.374646674262179],[41.335784233940998,9.366313340928846],[41.352424452039955,9.36701999240454],[41.35625,9.370818752712701],[41.360075547960093,9.36701999240454],[41.366666666666696,9.366666666666692],[41.367322455512181,9.359293111165391],[41.374149915907147,9.353599378797769],[41.377210489908883,9.354733954535616],[41.382586669921899,9.358900621202283],[41.385543823242216,9.357766045464436],[41.38945617675784,9.354733954535616],[41.393877156575549,9.353599378797769],[41.397789510091172,9.35056728786895],[41.40331590440541,9.34914906819664],[41.405134412977453,9.342062547471814],[41.410416666666691,9.337968783908446],[41.414456176757838,9.341099378797768],[41.420833333333363,9.341666666666693],[41.425,9.341666666666693],[41.429166666666696,9.341666666666693],[41.42978413899742,9.347993469238308],[41.43395080566409,9.353697543674071],[41.432715861002627,9.35632680257164],[41.428899129231795,9.361551411946641],[41.439660305447077,9.363117641872856],[41.443673027886312,9.366049024793863],[41.456326972113743,9.367284308539523],[41.460339694552978,9.37021569146053],[41.464660305447076,9.371450975206189],[41.468673027886311,9.374382358127196],[41.472993638780409,9.375617641872857],[41.477006361219644,9.378549024793863],[41.485493638780412,9.379784308539524],[41.489583333333357,9.382771809895861],[41.49375,9.379728190104192],[41.497839694552979,9.382715691460529],[41.502160305447077,9.38395097520619],[41.506173027886312,9.386882358127195],[41.535493638780409,9.388117641872856],[41.539506361219644,9.391049024793864],[41.55,9.391666666666694],[41.550353325737873,9.394091118706623],[41.553813340928848,9.397575547960095],[41.554524400499162,9.40245446099178],[41.568408881293429,9.416313340928847],[41.575,9.416666666666693],[41.578315904405407,9.415815734863308],[41.580134412977458,9.408729214138482],[41.585289510091172,9.404733954535617],[41.5875,9.404166666666693],[41.588183254665829,9.396667141384576],[41.594618733723983,9.395395575629367],[41.596741739908879,9.403443230523029],[41.607424926757844,9.404890102810356],[41.609585571289088,9.413079833984401],[41.627197943793433,9.411920166015651],[41.63125,9.408825683593776],[41.635302056206626,9.411920166015651],[41.648031277126762,9.413079833984401],[41.651968722873292,9.416086832682318],[41.65833333333336,9.416666666666693],[41.6625,9.416666666666693],[41.673257785373295,9.417019992404541],[41.680908881293433,9.42464667426218],[41.695833333333361,9.425],[41.7,9.425],[41.700353325737879,9.427424452039958],[41.707980007595516,9.435075547960096],[41.708333333333364,9.441666666666693],[41.723257785373292,9.441313340928847],[41.727453613281277,9.437146674262181],[41.731591118706625,9.437853325737874],[41.735075547960101,9.441313340928847],[41.7375,9.441666666666693],[41.7375,9.454166666666694],[41.7375,9.458333333333361],[41.745833333333366,9.458333333333361],[41.758333333333361,9.458333333333361],[41.759184095594648,9.461649068196643],[41.764710489908886,9.463067287868951],[41.772789510091172,9.470266045464436],[41.78333333333336,9.47083333333336],[41.784301079644123,9.467062547471816],[41.789456176757838,9.463067287868951],[41.793877156575547,9.461932712131103],[41.797789510091178,9.458900621202284],[41.807404242621558,9.457630411783882],[41.816099378797773,9.448043823242214],[41.817566257052981,9.442327880859402],[41.825,9.441666666666693],[41.835757785373296,9.442019992404541],[41.843408881293435,9.44964667426218],[41.869091118706628,9.450353325737874],[41.874644978841175,9.455879550510009],[41.875,9.4625],[41.894917805989614,9.461901516384575],[41.896684095594651,9.455017598470079],[41.902210489908882,9.453599378797771],[41.906122843424512,9.45056728786895],[41.911649237738743,9.449149068196641],[41.9125,9.445833333333361],[41.916021050347254,9.446736823187962],[41.92859937879777,9.460289510091172],[41.930134412977459,9.466270785861571],[41.935289510091174,9.470266045464436],[41.944945949978326,9.471541849772162],[41.94704827202694,9.479733954535618],[41.953304714626768,9.478358968098986],[41.955075751410618,9.471456909179715],[41.966666666666697,9.47083333333336],[41.975,9.47083333333336],[41.975357564290377,9.473287455240913],[41.993408881293419,9.491313340928848],[42.002424452039946,9.492019992404542],[42.005908881293415,9.495480007595514],[42.008333333333347,9.49583333333336],[42.0125,9.49583333333336],[42.081591118706612,9.496186659071208],[42.085075547960088,9.499646674262181],[42.095833333333346,9.5],[42.099149068196631,9.500850931803413],[42.1008509318034,9.507482401529975],[42.104166666666686,9.508333333333361],[42.11575741238066,9.508956909179716],[42.116666666666681,9.5125],[42.125,9.5125],[42.135757785373279,9.512853325737876],[42.139242214626755,9.516313340928846],[42.144091118706612,9.517019992404542],[42.147575547960088,9.520480007595513],[42.154166666666683,9.520833333333361],[42.160757785373278,9.520480007595513],[42.164583333333347,9.516681247287353],[42.16912044949003,9.521186659071208],[42.181591118706613,9.520480007595513],[42.185075547960082,9.517019992404542],[42.189924452039946,9.516313340928846],[42.193408881293422,9.512853325737876],[42.198288472493509,9.512142266167562],[42.207980007595502,9.502424452039957],[42.208688015408001,9.489215257432754],[42.222575547960083,9.475353325737874],[42.225,9.475],[42.22721048990887,9.475567287868952],[42.231122843424494,9.478599378797771],[42.240779283311646,9.479875183105495],[42.242634412977445,9.487104119194905],[42.24778951009116,9.49109937879777],[42.25,9.491666666666694],[42.250353325737862,9.494091118706624],[42.253813340928836,9.497575547960096],[42.254166666666684,9.5],[42.256591118706616,9.499646674262181],[42.260075547960085,9.496186659071208],[42.264924452039949,9.495480007595514],[42.26875,9.491681247287353],[42.273287116156702,9.496186659071208],[42.294091118706618,9.495480007595514],[42.297575547960086,9.492019992404542],[42.304166666666681,9.491666666666694],[42.306591118706613,9.492019992404542],[42.31214107937285,9.497542148166261],[42.312853325737862,9.501712883843343],[42.308686659071199,9.505908881293429],[42.307980007595503,9.514215596516955],[42.316313340928836,9.522575547960097],[42.316666666666684,9.525],[42.323257785373279,9.525353325737875],[42.326742214626755,9.528813340928847],[42.335757785373282,9.529519992404541],[42.339242214626751,9.532980007595514],[42.344091118706615,9.533686659071208],[42.352451070149755,9.542019992404541],[42.373257785373283,9.541313340928847],[42.377083333333353,9.537514580620687],[42.381620449490036,9.542019992404541],[42.398257785373282,9.541313340928847],[42.402453782823372,9.53714667426218],[42.410757785373285,9.537853325737874],[42.414242214626753,9.541313340928847],[42.419091118706618,9.542019992404541],[42.422575547960086,9.545480007595515],[42.431591118706613,9.546186659071209],[42.435075547960089,9.549646674262181],[42.439924452039946,9.550353325737875],[42.444120449490036,9.554519992404542],[42.452424452039949,9.553813340928848],[42.456620449490039,9.549646674262181],[42.469091118706615,9.550353325737875],[42.480908881293423,9.562146674262181],[42.4875,9.5625],[42.488387383355054,9.559041849772163],[42.499080573187953,9.557629055447077],[42.503599378797759,9.552210489908882],[42.504166666666684,9.55],[42.510543823242209,9.550567287868951],[42.514456176757832,9.55359937879777],[42.518877156575542,9.554733954535617],[42.524253336588558,9.558900621202284],[42.540762837727883,9.557688903808621],[42.54251759847007,9.550850931803414],[42.549149068196634,9.549149068196643],[42.550967746310782,9.542062547471815],[42.556122843424497,9.538067287868952],[42.568877156575539,9.536932712131104],[42.576956176757832,9.529733954535619],[42.579166666666687,9.529166666666693],[42.582482401529965,9.53001759847008],[42.58333333333335,9.53333333333336],[42.583976067437085,9.539635043674073],[42.587789238823802,9.545012749566],[42.602135043674068,9.546476067437094],[42.606198289659311,9.549357265896294],[42.614635043674063,9.550642734103761],[42.618698289659307,9.553523932562962],[42.627135043674066,9.554809400770427],[42.631198289659309,9.557690599229629],[42.645113457573807,9.559110005696642],[42.645833333333357,9.570833333333361],[42.669916280110698,9.57142622205949],[42.671801079644119,9.578770785861574],[42.676956176757834,9.582766045464437],[42.6875,9.583333333333361],[42.694091118706616,9.582980007595514],[42.698287116156706,9.578813340928846],[42.702424452039949,9.579519992404542],[42.706620449490039,9.583686659071208],[42.723284573025197,9.582978820800809],[42.737146674262171,9.569091118706625],[42.737857733832485,9.564211527506538],[42.748284064398895,9.553813340928848],[42.789924452039955,9.554519992404542],[42.793408881293423,9.557980007595514],[42.795833333333356,9.558333333333362],[42.802424452039951,9.558686659071208],[42.80662044949004,9.562853325737874],[42.823257785373286,9.562146674262181],[42.827453782823369,9.557980007595514],[42.835757785373289,9.558686659071208],[42.843408881293428,9.566313340928847],[42.845833333333353,9.566666666666695],[42.846494547526063,9.574100409613743],[42.85,9.575],[42.852160305447072,9.574382358127199],[42.860339694552977,9.567284308539524],[42.864660305447067,9.566049024793864],[42.86867302788631,9.563117641872857],[42.8729936387804,9.561882358127198],[42.877006361219642,9.558950975206191],[42.890864054361998,9.557598198784749],[42.892528279622418,9.546164449056018],[42.897839694552971,9.542284308539525],[42.90416666666669,9.541666666666694],[42.906591118706622,9.541313340928847],[42.910075547960091,9.537853325737874],[42.914924452039955,9.53714667426218],[42.91912027994794,9.532980007595514],[42.948257785373286,9.533686659071208],[42.951742214626762,9.53714667426218],[42.973257785373285,9.537853325737874],[42.989242214626756,9.553813340928848],[42.991666666666688,9.554166666666694],[42.995124986436657,9.55327928331166],[42.996400621202277,9.543622843424506],[43.007766045464436,9.531377156575548],[43.00890062120228,9.51445617675784],[43.012031385633705,9.510416666666694],[43.008801947699673,9.50625],[43.011932712131099,9.502210489908881],[43.01313171386721,9.484327189127631],[43.022789510091172,9.475567287868952],[43.027210489908875,9.474432712131104],[43.031122843424505,9.471400621202283],[43.035543823242207,9.470266045464436],[43.039456176757838,9.467233954535617],[43.043877156575547,9.46609937879777],[43.051956176757834,9.458900621202284],[43.05765618218318,9.457437811957492],[43.074541219075542,9.439596048990913],[43.07140062120228,9.435543823242215],[43.070833333333354,9.429166666666694],[43.070833333333354,9.425],[43.067405531141517,9.424120246039523],[43.066099378797766,9.415920003255234],[43.070266045464436,9.410543823242215],[43.07140062120228,9.406122843424505],[43.074432712131099,9.402210489908882],[43.075,9.4],[43.083333333333357,9.4],[43.094924248589436,9.399376424153672],[43.09583333333336,9.395833333333361],[43.103267076280403,9.395172119140652],[43.104166666666693,9.391666666666694],[43.105017428927972,9.388350931803412],[43.108333333333356,9.3875],[43.109184095594642,9.384184265136746],[43.1125,9.38333333333336],[43.113098483615474,9.363415696885877],[43.118877156575543,9.361932712131102],[43.122789510091167,9.358900621202283],[43.128583780924501,9.357413567437092],[43.136932712131099,9.348043823242215],[43.13806728786895,9.343622843424505],[43.141099378797769,9.33971048990888],[43.142233954535612,9.335289510091172],[43.145266045464432,9.331377156575547],[43.145833333333357,9.329166666666692],[43.145833333333357,9.308333333333358],[43.149338785807316,9.307433742947074],[43.150567287868945,9.293622843424505],[43.157766045464435,9.285543823242213],[43.158900621202278,9.276956176757839],[43.163067287868948,9.271579996744817],[43.161932712131097,9.24778951009117],[43.158900621202278,9.243877156575547],[43.157766045464435,9.218622843424505],[43.154635281033009,9.214583333333358],[43.157864718967041,9.210416666666692],[43.154733954535615,9.206377156575545],[43.15416666666669,9.2],[43.154519992404538,9.197575547960094],[43.157980007595512,9.194091118706622],[43.15833333333336,9.191666666666691],[43.15833333333336,9.166666666666691],[43.157980007595512,9.160075547960094],[43.154519992404538,9.156591118706622],[43.15416666666669,9.154166666666692],[43.157482571072073,9.153315904405407],[43.158900621202278,9.147789510091171],[43.161932712131097,9.143877156575545],[43.1625,9.133333333333358],[43.166068183051237,9.132417805989608],[43.166666666666693,9.1125],[43.174100409613743,9.111838785807315],[43.175,9.108333333333357],[43.178315904405409,9.107482571072072],[43.179733954535614,9.101956176757836],[43.182766045464433,9.098043823242211],[43.184184095594645,9.092517428927975],[43.190815904405405,9.090815904405407],[43.192233954535617,9.085289510091169],[43.203599378797769,9.073043823242212],[43.204166666666694,9.070833333333358],[43.207672119140646,9.069933742947072],[43.208333333333357,9.0625],[43.210790337456622,9.062141927083356],[43.216313340928842,9.056591118706621],[43.21666666666669,9.05],[43.216099378797765,9.031122843424502],[43.20796746148006,9.021996392144121],[43.216005452473986,9.019933742947071],[43.21666666666669,9.0125],[43.219123670789955,9.012141927083357],[43.224646674262175,9.00659111870662],[43.225,9.00416666666669],[43.23161790635853,9.003811984592037],[43.249646674262181,8.985757785373288],[43.250353325737869,8.976742214626759],[43.257980007595513,8.96909111870662],[43.258686659071202,8.960075547960091],[43.262853325737872,8.955879720052106],[43.262146674262176,8.951742214626758],[43.258331976996551,8.947900729709225],[43.264242214626762,8.942019992404536],[43.269123670789952,8.941308593750023],[43.274646674262179,8.935757785373287],[43.275,8.925],[43.275353325737875,8.922575547960092],[43.278813340928842,8.91909111870662],[43.279519992404538,8.893408881293425],[43.282980007595512,8.889924452039953],[43.283686659071208,8.880908881293426],[43.287146674262175,8.877424452039953],[43.287853325737871,8.872575547960093],[43.291313340928845,8.869091118706619],[43.291666666666693,8.85],[43.292019992404541,8.847575547960091],[43.295480007595515,8.844091118706618],[43.295833333333356,8.841666666666688],[43.299639553493947,8.840578545464432],[43.311882527669297,8.82716030544707],[43.313117472330752,8.822839694552973],[43.31604919433596,8.818826972113737],[43.31746927897138,8.809068467881966],[43.325,8.808333333333355],[43.32556728786895,8.8061228434245],[43.328599378797769,8.802210489908877],[43.329774305555581,8.771746826171896],[43.335543823242212,8.770266045464432],[43.339456176757835,8.767233954535612],[43.344982571072073,8.765815904405404],[43.346970621744816,8.758068847656272],[43.353420003255238,8.763067287868946],[43.365717230902803,8.761831665039084],[43.370266045464433,8.756377156575542],[43.370833333333358,8.745833333333355],[43.389924452039956,8.745480007595507],[43.401742214626765,8.733686659071202],[43.429166666666696,8.733333333333354],[43.429519992404543,8.730908881293423],[43.432980007595511,8.727424452039951],[43.433686659071206,8.722575547960091],[43.449646674262176,8.706591118706619],[43.450358072916693,8.701709662543424],[43.455908881293432,8.696186659071202],[43.4625,8.695833333333354],[43.466666666666697,8.695833333333354],[43.477424452039955,8.695480007595506],[43.489242214626763,8.683686659071201],[43.498257785373291,8.682980007595507],[43.501742214626766,8.679519992404535],[43.506591118706623,8.678813340928841],[43.510075547960099,8.675353325737868],[43.53333333333336,8.675],[43.534184095594647,8.671684095594639],[43.539710489908884,8.67026604546443],[43.543622843424508,8.667233954535611],[43.548043823242217,8.666099378797764],[43.560289510091174,8.654733954535612],[43.581377156575549,8.653599378797765],[43.589456176757842,8.646400621202277],[43.593877156575552,8.64526604546443],[43.597789510091175,8.642233954535611],[43.604166666666693,8.641666666666687],[43.606377156575547,8.641099378797763],[43.610289510091171,8.638067287868944],[43.61887715657555,8.636932712131097],[43.622789510091174,8.633900621202278],[43.627210489908883,8.632766045464431],[43.631122843424507,8.62973395453561],[43.640779283311659,8.628458319769987],[43.641666666666694,8.625],[43.644091118706626,8.624646674262173],[43.647575547960095,8.621186659071201],[43.656591118706629,8.620480007595507],[43.664242214626768,8.612853325737866],[43.669091118706625,8.612146674262172],[43.67328694661461,8.607980007595506],[43.681591118706628,8.6086866590712],[43.689242214626766,8.616313340928841],[43.695833333333361,8.616666666666687],[43.706591118706626,8.616313340928841],[43.710075547960095,8.612853325737866],[43.714924452039959,8.612146674262172],[43.722575547960098,8.604519992404533],[43.731591118706625,8.60381334092884],[43.735075547960101,8.600353325737867],[43.744119601779545,8.599644639756963],[43.753813340928851,8.58992445203995],[43.754166666666698,8.5875],[43.754519992404539,8.58507554796009],[43.757980007595513,8.581591118706617],[43.758333333333361,8.579166666666687],[43.758900621202287,8.576956176757832],[43.778599378797772,8.55637715657554],[43.780054050021732,8.550708346896721],[43.789710489908884,8.549432712131097],[43.793622843424508,8.546400621202277],[43.799417114257842,8.544913736979186],[43.80776604546444,8.535543823242207],[43.809184095594645,8.530017428927971],[43.815958319769997,8.528279283311651],[43.817233954535617,8.518622843424499],[43.824432712131106,8.510543823242207],[43.825,8.504166666666686],[43.827424452039963,8.503813340928838],[43.835075547960102,8.496186659071199],[43.839924452039959,8.495480007595505],[43.851742214626768,8.4836866590712],[43.858333333333363,8.483333333333352],[43.857980007595515,8.480908881293422],[43.854519992404541,8.47742445203995],[43.8541666666667,8.4625],[43.853813340928852,8.455908881293421],[43.849646674262182,8.451713053385436],[43.850353325737878,8.435075547960089],[43.854519992404541,8.430879720052102],[43.853813340928852,8.426742214626755],[43.849646674262182,8.422546386718768],[43.850353325737878,8.418408881293422],[43.857980007595515,8.410757785373283],[43.858686659071211,8.401742214626754],[43.866313340928848,8.394091118706616],[43.866666666666696,8.3875],[43.869982571072079,8.386649237738734],[43.870833333333366,8.383333333333351],[43.871187676323814,8.37254672580297],[43.876742214626766,8.367019992404533],[43.879166666666698,8.366666666666685],[43.879733954535602,8.360289510091164],[43.882766045464422,8.356377156575538],[43.884184265136732,8.350850762261302],[43.891270785861558,8.349032253689254],[43.895266045464425,8.343877156575539],[43.896400621202268,8.33945617675783],[43.899432712131087,8.335543823242205],[43.900567287868938,8.331122843424497],[43.903599378797757,8.327210489908872],[43.904733954535601,8.322789510091164],[43.941099378797759,8.285543823242206],[43.942233954535602,8.281122843424496],[43.945266045464422,8.277210489908871],[43.946400621202272,8.272789510091163],[43.949432712131092,8.268877156575538],[43.95,8.258333333333351],[43.95,8.245833333333351],[43.946494547526058,8.244933742947065],[43.945833333333361,8.2375],[43.946186659071195,8.23090888129342],[43.950353325737865,8.226713053385433],[43.949646674262169,8.210075547960086],[43.946186659071195,8.206591118706614],[43.945480007595499,8.201742214626753],[43.942019992404525,8.198257785373281],[43.941313340928836,8.19340888129342],[43.937853325737862,8.189924452039946],[43.9375,8.1875],[43.934184265136736,8.186649237738731],[43.933333333333366,8.183333333333366],[43.935790167914512,8.182975260416683],[43.941313340928836,8.177424452039947],[43.941666666666698,8.175],[43.948285420735694,8.174645317925364],[43.957980007595502,8.164924452039948],[43.95833333333335,8.1625],[43.96079016791451,8.162141927083367],[43.966313340928835,8.156591118706629],[43.966666666666683,8.154166666666699],[43.969982401529961,8.153315734863314],[43.970833333333346,8.15],[43.979166666666679,8.15],[43.982482401529964,8.149149068196646],[43.983333333333348,8.145833333333366],[43.995833333333351,8.145833333333366],[43.99914906819663,8.14498240152998],[44.0,8.141666666666699],[44.01666666666668,8.141666666666699],[44.035757785373278,8.142019992404546],[44.039953782823368,8.146186659071214],[44.098257785373278,8.145480007595518],[44.110075547960086,8.133686659071213],[44.127424452039946,8.132980007595519],[44.130908881293422,8.129519992404546],[44.135757785373279,8.128813340928852],[44.139242214626755,8.12535332573788],[44.14583333333335,8.125],[44.146400621202275,8.122789510091177],[44.149432712131095,8.118877156575554],[44.150899590386302,8.11316121419274],[44.16471048990887,8.111932712131109],[44.168622843424494,8.10890062120229],[44.181377156575536,8.107766045464441],[44.18528951009116,8.104733954535622],[44.189710489908869,8.103599378797774],[44.193622843424492,8.100567287868955],[44.198043823242202,8.099432712131108],[44.201956176757832,8.096400621202289],[44.207482401529965,8.094982401529981],[44.208900621202275,8.089456176757844],[44.22859937879776,8.068877156575553],[44.230086432562949,8.063082885742219],[44.239456176757827,8.054733954535623],[44.249112616644979,8.053458150227897],[44.250850931803399,8.046684265136751],[44.256377156575539,8.045266045464441],[44.260289510091162,8.042233954535622],[44.2625,8.041666666666698],[44.265815734863295,8.040815734863314],[44.267233954535605,8.035289510091177],[44.270266045464425,8.031377156575552],[44.27083333333335,8.020833333333364],[44.273043823242205,8.020266045464441],[44.301956176757827,7.992233954535621],[44.306377156575536,7.991099378797774],[44.310289510091167,7.988067287868954],[44.3158157348633,7.986649068196646],[44.316666666666684,7.983333333333364],[44.316005452473973,7.975899590386316],[44.308916219075542,7.974080234103764],[44.300567287868944,7.964710489908885],[44.299432712131093,7.956122843424509],[44.296400621202274,7.952210489908885],[44.29526604546443,7.935289510091176],[44.29109937879776,7.929913330078156],[44.292233954535604,7.922789510091176],[44.29526604546443,7.918877156575551],[44.296684265136733,7.913350931803416],[44.302210489908873,7.911932712131107],[44.306122843424497,7.908900621202287],[44.308333333333351,7.908333333333363],[44.308686659071199,7.905908881293433],[44.312146674262173,7.902424452039961],[44.312853325737862,7.889242214626766],[44.316652086046027,7.885416666666697],[44.312853325737862,7.881591118706627],[44.3125,7.879166666666697],[44.3125,7.875],[44.312853325737862,7.855908881293432],[44.316313340928836,7.85242445203996],[44.317019992404532,7.843408881293433],[44.320480007595506,7.839924452039961],[44.320833333333354,7.8375],[44.317327880859395,7.836600409613745],[44.316666666666684,7.829166666666696],[44.314242214626752,7.82881334092885],[44.298257785373281,7.812853325737877],[44.285075547960083,7.812146674262182],[44.264924452039949,7.792019992404544],[44.260075547960085,7.791313340928848],[44.248257785373283,7.779519992404543],[44.243408881293419,7.778813340928849],[44.225355529785176,7.760785251193606],[44.224646674262168,7.751742214626765],[44.221186659071194,7.748257785373293],[44.220480007595505,7.735075547960099],[44.217019992404531,7.731591118706627],[44.216313340928835,7.705908881293432],[44.208686659071198,7.698257785373293],[44.207980007595502,7.693408881293432],[44.18959740532771,7.675000508626331],[44.185757785373283,7.678813340928848],[44.179166666666681,7.679166666666696],[44.179519992404529,7.672575547960098],[44.182980007595503,7.669091118706626],[44.1836881849501,7.655881245931019],[44.193408881293422,7.646186659071208],[44.210757785373282,7.645480007595514],[44.214242214626751,7.642019992404542],[44.220833333333353,7.641666666666695],[44.228395250108527,7.640895250108535],[44.229809400770414,7.62703162299265],[44.23269059922962,7.622968377007407],[44.233976067437084,7.618698289659316],[44.236857265896283,7.614635043674074],[44.2375,7.608333333333361],[44.239924452039951,7.608686659071209],[44.243408881293419,7.612146674262181],[44.25,7.6125],[44.250357564290383,7.610045878092476],[44.268408881293418,7.592019992404541],[44.275,7.591666666666695],[44.275850931803404,7.588350931803413],[44.28293745252823,7.586532253689263],[44.28693271213109,7.581377156575549],[44.288419765896286,7.575582885742215],[44.297789510091164,7.567233954535618],[44.303770785861559,7.56569892035593],[44.307766045464426,7.560543823242215],[44.308333333333351,7.558333333333361],[44.319091118706616,7.557980007595514],[44.322575547960085,7.554519992404542],[44.327455139160172,7.553808932834229],[44.337146674262172,7.544091118706625],[44.337853325737868,7.539242214626764],[44.341313340928835,7.535757785373292],[44.342024739583351,7.530876498752198],[44.347575547960091,7.525353325737875],[44.35,7.525],[44.35,7.520833333333361],[44.350567287868941,7.510289510091173],[44.361932712131093,7.498043823242215],[44.363067287868944,7.489456176757839],[44.367233954535607,7.484079996744819],[44.366099378797763,7.472789510091173],[44.362555440266945,7.468216620551242],[44.3811228434245,7.45056728786895],[44.385543823242209,7.449432712131103],[44.397789510091165,7.43806728786895],[44.403315734863298,7.436649068196641],[44.404733954535608,7.431122843424506],[44.407766045464427,7.42721048990888],[44.408900621202278,7.422789510091173],[44.411932712131097,7.418877156575547],[44.4125,7.416666666666693],[44.413067287868941,7.414456176757839],[44.41609937879776,7.410543823242215],[44.417233954535611,7.406122843424505],[44.42026604546443,7.402210489908881],[44.421400621202274,7.38945617675784],[44.424432712131093,7.385543823242214],[44.425567287868944,7.376956176757838],[44.432766045464426,7.368877156575547],[44.433900621202277,7.360289510091172],[44.436932712131096,7.356377156575547],[44.438350931803406,7.350850931803412],[44.441666666666684,7.35],[44.441666666666684,7.34583333333336],[44.445833333333354,7.34583333333336],[44.45,7.34583333333336],[44.4508995903863,7.342327880859401],[44.45833333333335,7.341666666666693],[44.45833333333335,7.333333333333359],[44.460757785373282,7.332980007595513],[44.468408881293421,7.325353325737873],[44.470833333333353,7.325],[44.482327440049929,7.324381679958793],[44.491099378797763,7.31471048990888],[44.492517598470073,7.309184265136745],[44.495833333333351,7.308333333333358],[44.49619140625002,7.305876498752196],[44.501742214626752,7.300353325737873],[44.504166666666684,7.3],[44.504519992404532,7.297575547960095],[44.507980007595506,7.294091118706623],[44.508686659071202,7.289242214626762],[44.516313340928839,7.281591118706623],[44.517019992404535,7.276742214626761],[44.520480007595502,7.273257785373289],[44.521186659071198,7.264242214626762],[44.524646674262172,7.26075778537329],[44.525357733832486,7.255878872341605],[44.539242214626753,7.242019992404539],[44.544091118706618,7.241313340928844],[44.551742214626756,7.233686659071205],[44.560757785373283,7.232980007595511],[44.568408881293422,7.225353325737872],[44.573257785373286,7.224646674262178],[44.576742214626755,7.221186659071206],[44.581591118706619,7.220480007595511],[44.589242214626758,7.212853325737872],[44.594091118706615,7.212146674262177],[44.597575547960091,7.208686659071205],[44.604166666666686,7.208333333333359],[44.619091118706621,7.207980007595511],[44.626742214626759,7.200353325737872],[44.631591118706616,7.199646674262178],[44.635787116156706,7.195480007595511],[44.639924452039949,7.196186659071206],[44.643408881293425,7.199646674262178],[44.65,7.2],[44.650850931803404,7.196684265136744],[44.65416666666669,7.195833333333358],[44.654733954535608,7.193622843424504],[44.657766045464427,7.18971048990888],[44.658900621202278,7.181122843424504],[44.66609937879776,7.173043823242212],[44.66751759847007,7.167517598470077],[44.674354214138475,7.16576317681209],[44.686932712131096,7.152210489908878],[44.688350931803406,7.146684095594642],[44.693877156575539,7.145266045464434],[44.701956176757832,7.138067287868948],[44.710543823242205,7.136932712131101],[44.714456176757835,7.133900621202281],[44.71666666666669,7.133333333333358],[44.717019992404538,7.135757785373288],[44.720480007595505,7.13924221462676],[44.721191406250021,7.144123670789956],[44.727083672417557,7.149986436631969],[44.735075547960093,7.142019992404538],[44.7375,7.141666666666691],[44.740815734863304,7.140815904405406],[44.742233954535614,7.13528951009117],[44.745266045464433,7.131377156575545],[44.746400621202277,7.126956176757837],[44.753599378797766,7.118877156575545],[44.75473395453561,7.11028951009117],[44.757766045464429,7.106377156575546],[44.75922071668839,7.100708346896726],[44.769945949978322,7.099291653103323],[44.771400621202275,7.093622843424503],[44.786932712131097,7.077210489908878],[44.788161214192726,7.063399590386309],[44.79387715657554,7.0619327121311],[44.797916666666687,7.058801947699676],[44.802083333333357,7.062031385633704],[44.806122843424504,7.05890062120228],[44.814710489908876,7.057766045464433],[44.826956176757832,7.046400621202281],[44.831377156575542,7.045266045464434],[44.835289510091165,7.042233954535615],[44.840815734863305,7.040815904405406],[44.842634412977453,7.033729383680579],[44.847789510091168,7.029733954535613],[44.852210489908877,7.028599378797766],[44.856122843424501,7.025567287868947],[44.870833333333358,7.025],[44.875,7.025],[44.875353325737869,7.022575547960093],[44.878813340928843,7.019091118706621],[44.879166666666691,7.016666666666691],[44.88007032606339,7.013145616319468],[44.893622843424502,7.000567287868947],[44.898043823242212,6.9994327121311],[44.906122843424498,6.992233954535614],[44.910543823242207,6.991099378797767],[44.914456176757838,6.988067287868947],[44.919982571072069,6.986649237738739],[44.921400621202281,6.981122843424503],[44.9244327121311,6.977210489908877],[44.925,6.975],[44.928315904405402,6.974149237738738],[44.929166666666688,6.970833333333356],[44.935757785373283,6.970480007595509],[44.939242214626759,6.967019992404537],[44.944091118706623,6.966313340928842],[44.968408881293428,6.942019992404536],[44.970833333333353,6.94166666666669],[44.971400621202278,6.939456176757835],[44.995266045464433,6.914710489908877],[44.996400621202277,6.910289510091168],[45.003599378797766,6.902210489908876],[45.00473395453561,6.881122843424501],[45.011932712131099,6.87304382324221],[45.01306728786895,6.868622843424502],[45.016099378797769,6.864710489908877],[45.01758626302086,6.858916219075542],[45.026956176757835,6.850567287868946],[45.033900621202278,6.848785061306446],[45.032766045464435,6.826956176757834],[45.028599378797765,6.821579996744814],[45.029733954535615,6.801956176757834],[45.041099378797767,6.789710489908876],[45.041666666666693,6.783333333333355],[45.040694851345506,6.779935031467035],[45.028549194335959,6.778167046440993],[45.029784138997421,6.760339694552973],[45.032715861002629,6.756326972113737],[45.03333333333336,6.741666666666688],[45.031122843424505,6.741099378797765],[45.025967746310783,6.737103949652798],[45.024432712131102,6.731122843424501],[45.021400621202282,6.727210489908876],[45.020266045464432,6.706122843424501],[45.016464233398459,6.701217312283007],[45.011649915907142,6.699432712131097],[45.004870944552977,6.705086263020855],[45.003599378797766,6.714710489908875],[44.999009535047769,6.720214165581618],[44.975909084743947,6.721456909179709],[44.974432712131097,6.727210489908876],[44.967233954535615,6.735289510091167],[44.96666666666669,6.7375],[44.963350762261307,6.736649237738737],[44.961932712131102,6.731122843424501],[44.911477661132835,6.679784138997416],[44.9,6.679166666666688],[44.893622843424502,6.678599378797763],[44.889710489908879,6.675567287868944],[44.88528951009117,6.674432712131097],[44.881377156575546,6.671400621202277],[44.87204827202693,6.67026604546443],[44.870833333333358,6.675],[44.867517428927975,6.674149237738736],[44.866666666666688,6.670833333333354],[44.866311645507835,6.664213053385437],[44.860757785373288,6.658686659071201],[44.858333333333356,6.658333333333355],[44.85776604546443,6.651956176757833],[44.853599378797767,6.646579996744812],[44.854733954535611,6.6311228434245],[44.8619327121311,6.623043823242208],[44.863067287868944,6.618622843424499],[44.878599378797766,6.602210489908874],[44.87973395453561,6.597789510091166],[44.882766045464429,6.593877156575541],[44.88390062120228,6.585289510091165],[44.887031385633705,6.58125],[44.882766045464429,6.575746663411478],[44.88390062120228,6.556122843424498],[44.895266045464432,6.54387715657554],[44.896684095594637,6.538350762261304],[44.903315904405403,6.536649237738734],[44.904733954535615,6.531122843424498],[44.907766045464435,6.527210489908874],[44.908900621202278,6.522789510091165],[44.911932712131097,6.51887715657554],[44.9125,6.516666666666686],[44.912853325737871,6.510075547960088],[44.917019992404533,6.505879720052103],[44.916313340928845,6.489242214626755],[44.912853325737871,6.485757785373282],[44.912146674262175,6.480908881293422],[44.900353325737868,6.469091118706617],[44.9,6.466666666666686],[44.90416666666669,6.466666666666686],[44.906591118706622,6.466313340928838],[44.914242214626761,6.4586866590712],[44.919123670789951,6.457975260416686],[44.924646674262178,6.452424452039949],[44.925,6.425],[44.924646674262178,6.422575547960088],[44.921186659071203,6.419091118706616],[44.920480007595508,6.414242214626755],[44.916313340928845,6.410046386718768],[44.917019992404533,6.405908881293422],[44.925353325737866,6.397549099392379],[44.924646674262178,6.393408881293421],[44.921186659071203,6.389924452039949],[44.920480007595508,6.385075547960088],[44.916313340928845,6.380879720052102],[44.917019992404533,6.372575547960087],[44.921186659071203,6.368379720052102],[44.920480007595508,6.364242214626755],[44.916313340928845,6.360046386718768],[44.917019992404533,6.355908881293421],[44.921186659071203,6.351713053385435],[44.920480007595508,6.305908881293421],[44.908686659071201,6.294091118706614],[44.908333333333353,6.291666666666684],[44.907980007595512,6.289242214626753],[44.904519992404538,6.285757785373281],[44.90416666666669,6.283333333333351],[44.897575547960088,6.282980007595503],[44.892024739583356,6.277457004123281],[44.891666666666687,6.275],[44.895833333333357,6.275],[44.902452256944464,6.274645317925365],[44.912146674262175,6.264924452039947],[44.9125,6.258333333333351],[44.9125,6.25],[44.914924452039955,6.24964667426217],[44.918408881293423,6.246186659071197],[44.923290337456621,6.245475260416685],[44.928813340928841,6.239924452039948],[44.929519992404536,6.235075547960086],[44.932980007595511,6.231591118706614],[44.933686659071199,6.226742214626753],[44.937146674262173,6.223257785373281],[44.9375,6.220833333333351],[44.935075547960089,6.220480007595503],[44.931591118706621,6.217019992404531],[44.929166666666688,6.216666666666684],[44.922789510091171,6.21609937879776],[44.914710489908877,6.208900621202273],[44.908994547526063,6.207433742947066],[44.907766045464435,6.193622843424496],[44.904635281033009,6.18958333333335],[44.907766045464435,6.185543823242204],[44.908333333333353,6.17083333333335],[44.908686659071201,6.164242214626753],[44.916313340928845,6.156591118706613],[44.917019992404533,6.147575547960086],[44.920480007595508,6.144091118706614],[44.920833333333356,6.141666666666683],[44.9375,6.141666666666683],[44.948284912109401,6.141312323676232],[44.957980007595509,6.131591118706614],[44.958686659071205,6.126742214626752],[44.970480007595512,6.114924452039947],[44.970833333333353,6.1],[44.967517428927977,6.099149237738732],[44.966099378797765,6.093622843424495],[44.958900621202282,6.085543823242204],[44.958333333333357,6.079166666666683],[44.95923292371964,6.075661214192724],[44.96666666666669,6.075],[44.968877156575545,6.074432712131092],[44.972789510091168,6.071400621202272],[44.977210489908877,6.070266045464425],[44.981122843424501,6.067233954535606],[44.988067287868944,6.065451727973106],[44.9869327121311,6.056122843424495],[44.983900621202281,6.05221048990887],[44.983333333333356,6.05],[44.983686659071203,6.047575547960101],[44.987146674262178,6.044091118706628],[44.9875,6.0375],[44.991270616319468,6.036532253689268],[44.995266045464433,6.031377156575553],[44.99654168023006,6.021720716688399],[45.003315904405405,6.01998240152998],[45.005066257052974,6.01316121419274],[45.0125,6.0125],[45.011932712131099,5.997789510091177],[45.007766045464436,5.992413330078156],[45.00890062120228,5.985289510091177],[45.011932712131099,5.981377156575552],[45.01306728786895,5.960289510091177],[45.016099378797769,5.956377156575552],[45.017517428927974,5.950850931803416],[45.020833333333357,5.95],[45.020480007595509,5.947575547960101],[45.017019992404535,5.944091118706628],[45.016666666666687,5.9375],[45.017517428927974,5.93418426513675],[45.0246039496528,5.9323655870226],[45.028599378797765,5.927210489908885],[45.030017428927977,5.921684265136749],[45.03333333333336,5.920833333333364],[45.033994547526063,5.913399590386316],[45.0375,5.9125],[45.039924452039955,5.912146674262184],[45.043408881293423,5.908686659071211],[45.048290337456621,5.907975260416697],[45.053813340928841,5.902424452039961],[45.054166666666688,5.9],[45.056591118706621,5.899646674262183],[45.060075547960096,5.896186659071211],[45.066666666666691,5.895833333333364],[45.089950900607661,5.895479668511316],[45.099646674262175,5.885757785373294],[45.1,5.883333333333363],[45.1,5.879166666666681],[45.099646674262175,5.876742214626766],[45.092019992404538,5.869091118706628],[45.09166666666669,5.8625],[45.09166666666669,5.858333333333348],[45.09166666666669,5.854166666666696],[45.102210489908877,5.853599378797773],[45.106122843424501,5.850567287868953],[45.111649237738739,5.849149068196644],[45.113714938693597,5.841099378797773],[45.118877156575543,5.842233954535621],[45.122789510091167,5.84526604546444],[45.143877156575542,5.846400621202287],[45.147789510091172,5.849432712131106],[45.15,5.85],[45.150850762261307,5.846684265136749],[45.15416666666669,5.845833333333363],[45.157482571072073,5.844982401529978],[45.15833333333336,5.841666666666697],[45.15833333333336,5.833333333333363],[45.161838785807319,5.832433742947078],[45.1625,5.825],[45.157766045464435,5.823785061306454],[45.158984035915822,5.809297519260012],[45.165816582573811,5.803599378797773],[45.17721048990888,5.80473395453562],[45.182586669921896,5.808900621202287],[45.185543823242213,5.807766045464439],[45.189456176757837,5.80473395453562],[45.191666666666691,5.804166666666696],[45.191666666666691,5.795833333333363],[45.190815904405405,5.792517598470082],[45.183916219075542,5.790746900770429],[45.1744327121311,5.780103895399336],[45.175567287868951,5.772789510091176],[45.17859937879777,5.768877156575551],[45.179733954535614,5.756122843424508],[45.182766045464433,5.752210489908883],[45.183333333333358,5.725],[45.183333333333358,5.716666666666695],[45.194118245442731,5.716312493218345],[45.203813340928846,5.706591118706626],[45.204166666666694,5.6875],[45.214951578776066,5.687145826551678],[45.224646674262175,5.677424452039959],[45.225,5.675],[45.225353325737871,5.672575547960098],[45.228813340928845,5.669091118706626],[45.229519992404541,5.664242214626764],[45.233686659071203,5.660046217176678],[45.232980007595508,5.626742214626764],[45.229519992404541,5.623257785373292],[45.228813340928845,5.597575547960098],[45.225353325737871,5.594091118706626],[45.224646674262175,5.585075547960098],[45.221186659071208,5.581591118706624],[45.220480007595512,5.576742214626764],[45.217019992404538,5.573257785373292],[45.216313340928842,5.547575547960097],[45.208347235785617,5.539584011501764],[45.212146674262179,5.535757785373292],[45.212853325737875,5.526742214626763],[45.216313340928842,5.523257785373291],[45.21666666666669,5.520833333333361],[45.21666666666669,5.516666666666694],[45.206198459201417,5.516023932562962],[45.197968207465301,5.508976067437093],[45.183622572157141,5.507512749566],[45.179772949218773,5.502083333333361],[45.182690429687526,5.497968377007406],[45.183976236979191,5.485364956325983],[45.186857096354188,5.481301710340739],[45.188298882378497,5.467168002658447],[45.19936625162763,5.457690599229627],[45.202134874131971,5.458976067437093],[45.206198459201417,5.461857265896294],[45.210468207465304,5.46314273410376],[45.215791151258706,5.466916910807319],[45.21666666666669,5.458333333333361],[45.221400621202278,5.457118394639783],[45.218877156575545,5.454733954535618],[45.21666666666669,5.454166666666694],[45.21666666666669,5.45],[45.216099378797765,5.426956176757839],[45.213067287868945,5.423043823242214],[45.21164923773874,5.417517598470079],[45.204562717013914,5.415698920355929],[45.20056728786895,5.410543823242215],[45.2,5.40833333333336],[45.2,5.404166666666693],[45.2,5.4],[45.202160305447073,5.399382358127196],[45.206173027886308,5.396450975206189],[45.216005113389784,5.395020039876329],[45.217321099175372,5.359337531195773],[45.22083333333336,5.358333333333359],[45.221970621744816,5.353902011447509],[45.226956176757838,5.357766045464436],[45.232482571072076,5.359184265136745],[45.233333333333356,5.3625],[45.258333333333361,5.3625],[45.258686659071202,5.360075547960095],[45.266313340928846,5.352424452039957],[45.266666666666694,5.316666666666693],[45.272993638780406,5.316049024793863],[45.277006361219641,5.313117641872855],[45.283219401041691,5.311341179741779],[45.286882527669299,5.30632680257164],[45.288294135199678,5.296627468533012],[45.297993638780405,5.295215691460529],[45.30617302788631,5.288117641872855],[45.312203301323812,5.286393568250894],[45.32021586100263,5.277160135904973],[45.321759711371556,5.271759711371553],[45.328774007161485,5.26975436740454],[45.345215861002629,5.252160135904973],[45.34583333333336,5.25],[45.349149237738743,5.24914906819664],[45.350567287868948,5.243622843424504],[45.354733954535618,5.238246663411484],[45.353599378797767,5.222789510091171],[45.350567287868948,5.218877156575546],[45.349432712131104,5.214456176757837],[45.346400621202285,5.210543823242213],[45.34583333333336,5.204166666666691],[45.366666666666696,5.204166666666691],[45.374100409613739,5.203505452473983],[45.375567287868947,5.197789510091171],[45.378599378797766,5.193877156575546],[45.379166666666691,5.179166666666692],[45.375,5.179166666666692],[45.375,5.175],[45.383333333333361,5.175],[45.389710489908879,5.174432712131101],[45.393622843424502,5.171400621202281],[45.40323757595489,5.170130411783878],[45.411932712131104,5.160543823242213],[45.413067287868948,5.156122843424503],[45.416099378797767,5.152210489908878],[45.417380777994815,5.142512342664955],[45.422052001953148,5.141465250651066],[45.428420003255233,5.146400621202281],[45.440770128038224,5.145159573025198],[45.442634412977455,5.137896050347246],[45.44778951009117,5.133900621202281],[45.45,5.133333333333358],[45.45,5.129166666666691],[45.448841349283882,5.125113932291691],[45.44382697211374,5.121450805664087],[45.434305148654538,5.12006496853301],[45.432715861002627,5.114506361219642],[45.42978413899742,5.110493638780406],[45.428398301866345,5.100971815321205],[45.421759711371557,5.09907362196183],[45.419906955295168,5.092593044704885],[45.414506361219644,5.091049194335961],[45.410493638780409,5.088117472330753],[45.400971815321206,5.086731635199676],[45.399382527669296,5.081173027886308],[45.396450805664088,5.077160305447073],[45.394861518012178,5.071601698133705],[45.38306579589846,5.069884914822072],[45.388117472330755,5.062969292534746],[45.3868825276693,5.056173027886309],[45.379784138997422,5.047993638780405],[45.37854919433596,5.043673027886308],[45.375617472330752,5.039660305447072],[45.374231635199678,5.030138481987871],[45.370833333333358,5.02916666666669],[45.371684095594645,5.025850762261308],[45.378315904405412,5.024149237738738],[45.379166666666691,5.020833333333357],[45.385543823242216,5.020266045464433],[45.38945617675784,5.017233954535614],[45.393877156575549,5.016099378797767],[45.397789510091172,5.013067287868947],[45.407400173611137,5.011797417534746],[45.420266045464437,4.998043823242211],[45.421720716688398,4.992375013563391],[45.432413736979193,4.990962388780405],[45.438067287868947,4.984183417426238],[45.436932712131103,4.972789510091169],[45.432766045464433,4.967413330078148],[45.434583197699681,4.962677341037349],[45.439456176757837,4.95890062120228],[45.441666666666691,4.958333333333356],[45.448257785373293,4.958686659071203],[45.451742214626762,4.962146674262176],[45.464924452039959,4.96285332573787],[45.468408881293428,4.966313340928842],[45.47083333333336,4.96666666666669],[45.47083333333336,4.9625],[45.473257785373292,4.962146674262176],[45.480908881293431,4.954519992404537],[45.483333333333363,4.95416666666669],[45.484184095594642,4.950850762261307],[45.491270616319468,4.949032253689259],[45.495266045464433,4.943877156575544],[45.496801079644122,4.937896050347245],[45.501956176757837,4.93390062120228],[45.506377156575546,4.932766045464433],[45.51445617675784,4.925567287868946],[45.518877156575549,4.924432712131098],[45.531122843424505,4.913067287868946],[45.53333333333336,4.9125],[45.534316338433186,4.909316338433182],[45.53962232801652,4.907677883572071],[45.547877671983535,4.900655449761308],[45.552122328016523,4.899344550238737],[45.565999348958357,4.886844550238738],[45.572955661349852,4.888155449761307],[45.578920830620689,4.892322116427974],[45.584916856553846,4.889003499348981],[45.588141886393259,4.88306816948787],[45.583988783094647,4.877122328016515],[45.583333333333364,4.8625],[45.58664923773874,4.861649237738737],[45.588067287868952,4.856122843424501],[45.599432712131104,4.843877156575543],[45.60085076226131,4.838350762261307],[45.607624986436662,4.836612616644987],[45.608900621202288,4.826956176757834],[45.61609937879777,4.818877156575542],[45.616666666666696,4.816666666666689],[45.616666666666696,4.8125],[45.619982571072079,4.811649237738737],[45.620833333333358,4.808333333333355],[45.624231635199678,4.807361518012175],[45.625794135199683,4.796627468533008],[45.636896430121553,4.795011393229188],[45.649382527669296,4.781326972113737],[45.650617472330758,4.747839694552972],[45.653549194335966,4.743826972113736],[45.654784138997421,4.735339694552973],[45.657715861002629,4.731326972113736],[45.659194946289091,4.721164279513911],[45.664506361219644,4.717284138997417],[45.670116170247425,4.715680270724848],[45.671450805664094,4.702006361219639],[45.679784138997427,4.692403496636306],[45.678549194335965,4.660339694552972],[45.675617472330757,4.656326972113735],[45.673841349283883,4.650113932291687],[45.668826972113742,4.646450805664083],[45.656173027886311,4.645215861002624],[45.652160305447076,4.642284138997416],[45.635339694552982,4.641049194335958],[45.63132697211374,4.63811747233075],[45.627006361219642,4.636882527669291],[45.618826972113744,4.629784138997416],[45.616666666666696,4.629166666666687],[45.616666666666696,4.608333333333354],[45.623286946614613,4.607978312174499],[45.628813340928851,4.60242445203995],[45.629166666666691,4.6],[45.6375,4.6],[45.63806728786895,4.597789510091166],[45.661932712131104,4.573043823242207],[45.663350762261317,4.567517428927971],[45.668877156575547,4.566099378797762],[45.672789510091171,4.563067287868943],[45.683333333333358,4.5625],[45.683333333333358,4.554166666666687],[45.682980007595518,4.551742214626756],[45.679519992404543,4.548257785373284],[45.679166666666696,4.545833333333353],[45.679166666666696,4.5375],[45.678813340928848,4.518408881293422],[45.675353325737873,4.51492445203995],[45.675,4.5125],[45.675353325737873,4.505908881293422],[45.683686659071206,4.49754909939238],[45.682980007595518,4.493408881293422],[45.679519992404543,4.48992445203995],[45.678813340928848,4.476742214626755],[45.675353325737873,4.473257785373283],[45.674646674262178,4.455908881293421],[45.671186659071211,4.452424452039949],[45.670833333333363,4.45],[45.671186659071211,4.443408881293422],[45.674646674262178,4.43992445203995],[45.675353325737873,4.435075547960088],[45.678813340928848,4.431591118706616],[45.679519992404543,4.426742214626755],[45.682980007595518,4.423257785373282],[45.683686659071206,4.418408881293422],[45.687146674262181,4.41492445203995],[45.6875,4.4],[45.6875,4.395833333333352],[45.684184095594645,4.394982571072067],[45.683333333333358,4.391666666666685],[45.686876424153674,4.390757581922761],[45.6875,4.379166666666685],[45.687853325737876,4.347575547960087],[45.691313340928851,4.344091118706615],[45.692019992404539,4.330908881293421],[45.699646674262183,4.323257785373282],[45.700358072916693,4.318376329210087],[45.705908881293432,4.312853325737866],[45.714924452039959,4.31214667426217],[45.726742214626768,4.300353325737865],[45.735757785373295,4.299646674262171],[45.739242214626763,4.296186659071198],[45.744123670789961,4.295475260416684],[45.749646674262181,4.289924452039948],[45.75,4.2625],[45.753315904405412,4.261649237738732],[45.754166666666698,4.258333333333351],[45.754733954535617,4.25195617675783],[45.757766045464436,4.248043823242204],[45.758900621202287,4.243622843424497],[45.76306728786895,4.238246663411475],[45.761932712131106,4.235289510091163],[45.758900621202287,4.231377156575538],[45.75770229763458,4.21350436740453],[45.735543823242217,4.192233954535607],[45.730017428927979,4.190815904405399],[45.729166666666693,4.1875],[45.732672119140652,4.186600409613732],[45.733333333333363,4.179166666666683],[45.733900621202288,4.176956176757829],[45.736932712131107,4.173043823242204],[45.738208346896727,4.163387383355051],[45.741666666666696,4.1625],[45.742019992404543,4.155908881293419],[45.745480007595518,4.152424452039947],[45.746186659071206,4.147575547960086],[45.749646674262181,4.144091118706614],[45.75,4.141666666666683],[45.752457004123293,4.141308593750017],[45.757980007595513,4.13575778537328],[45.758333333333361,4.13333333333335],[45.761649237738744,4.132482571072065],[45.7625,4.129166666666682],[45.762853325737879,4.126742214626752],[45.766313340928846,4.12325778537328],[45.766666666666694,4.12083333333335],[45.771400621202289,4.119618394639773],[45.770238240559927,4.080177137586821],[45.764710489908886,4.075567287868939],[45.758333333333361,4.075],[45.757766045464436,4.072789510091178],[45.753599378797773,4.067413330078158],[45.754733954535617,4.047789510091178],[45.757766045464436,4.043877156575554],[45.759184095594648,4.038350931803418],[45.764710489908886,4.036932712131109],[45.768622843424509,4.03390062120229],[45.773043823242219,4.032766045464442],[45.785289510091175,4.021400621202289],[45.795833333333363,4.020833333333366],[45.794924248589439,4.017290242513053],[45.78333333333336,4.016666666666699],[45.776742214626765,4.016313340928852],[45.771187676323812,4.010786607530414],[45.770480007595516,3.993408881293435],[45.764957004123289,3.987858072916699],[45.7625,3.9875],[45.763161214192735,3.980066257052983],[45.766666666666694,3.979166666666698],[45.766666666666694,3.954166666666699],[45.766666666666694,3.95],[45.766313340928846,3.943408881293434],[45.762853325737879,3.939924452039962],[45.762146674262183,3.935075547960101],[45.757980007595513,3.930879550510014],[45.758686659071209,3.918408881293434],[45.762146674262183,3.914924452039962],[45.7625,3.908333333333365],[45.761649237738744,3.905017598470084],[45.758333333333361,3.904166666666698],[45.758686659071209,3.901742214626768],[45.766313340928846,3.894091118706628],[45.767019992404542,3.889242214626767],[45.770480007595516,3.885757785373295],[45.771186659071212,3.876742214626767],[45.774646674262179,3.873257785373295],[45.775,3.870833333333365],[45.775915527343777,3.867265150282149],[45.795833333333363,3.866666666666698],[45.798257785373295,3.867019992404545],[45.801742214626763,3.870480007595517],[45.804166666666696,3.870833333333365],[45.805017428927982,3.874149068196646],[45.808333333333366,3.875],[45.808900621202284,3.872789510091177],[45.820266045464436,3.860543823242219],[45.821801079644125,3.854562547471819],[45.82695617675784,3.850567287868955],[45.831377156575549,3.849432712131107],[45.851956176757845,3.829733954535621],[45.857937282986143,3.828198920355934],[45.861932712131107,3.823043823242218],[45.863067287868951,3.81862284342451],[45.874432712131103,3.806377156575552],[45.875567287868954,3.797789510091176],[45.878599378797773,3.793877156575551],[45.879733954535624,3.789456176757843],[45.886932712131106,3.781377156575551],[45.888067287868957,3.772789510091176],[45.891099378797776,3.768877156575551],[45.892233954535619,3.764456176757843],[45.895266045464439,3.760543823242218],[45.896541680230065,3.750887383355065],[45.902210489908882,3.749432712131107],[45.910289510091175,3.74223395453562],[45.936588202582499,3.741052415635881],[45.9375,3.7375],[45.937853325737862,3.7350755479601],[45.945480007595499,3.727424452039961],[45.945833333333361,3.704166666666696],[45.945266045464443,3.701956176757842],[45.942233954535624,3.698043823242217],[45.940958319769997,3.688387383355064],[45.935289510091174,3.686932712131106],[45.927210489908887,3.67973395453562],[45.9125,3.679166666666696],[45.909184095594647,3.678315734863311],[45.90833333333336,3.675],[45.9089762369792,3.672864956325984],[45.911857096354197,3.668801710340742],[45.913142903645863,3.656198289659318],[45.916651407877637,3.651249864366349],[45.908309936523466,3.648738437228762],[45.90480957031253,3.643801710340741],[45.903523763020864,3.614531622992651],[45.90064290364586,3.610468377007408],[45.89873826768666,3.604143100314699],[45.893801540798641,3.600642734103761],[45.887515258789094,3.598750135633709],[45.891023763020861,3.593801710340741],[45.892309570312527,3.58953162299265],[45.896476236979197,3.58365512424048],[45.895040215386317,3.571602376302112],[45.879938083224857,3.570061916775202],[45.879166666666698,3.5625],[45.875623575846369,3.561590745714004],[45.875,3.55],[45.874470520019543,3.543585035536053],[45.87030385335288,3.538440789116782],[45.871362813313816,3.535251702202719],[45.875529479980486,3.530107455783448],[45.87408803304038,3.525766499837268],[45.870833333333366,3.525],[45.871494547526055,3.51756625705298],[45.878770785861562,3.515698920355931],[45.882766045464422,3.510543823242216],[45.883333333333361,3.495833333333362],[45.885543823242202,3.496400621202285],[45.893622843424495,3.503599378797771],[45.902210489908867,3.504733954535618],[45.907196214463987,3.508597988552546],[45.90833333333336,3.504166666666695],[45.911876424153661,3.503257412380671],[45.913067287868941,3.481122843424507],[45.91609937879776,3.477210489908882],[45.917233954535604,3.468622843424507],[45.920266045464423,3.464710489908882],[45.921753099229612,3.458916219075549],[45.931122843424497,3.450567287868951],[45.935543823242199,3.449432712131104],[45.93945617675783,3.446400621202285],[45.95320688883465,3.445177374945774],[45.958900621202268,3.43835008409291],[45.957766045464425,3.435289510091173],[45.949432712131092,3.425937228732666],[45.950567287868935,3.40195617675784],[45.953599378797755,3.398043823242215],[45.954166666666694,3.3875],[45.954733954535605,3.385289510091173],[45.961932712131087,3.377210489908881],[45.963387383355048,3.371541849772163],[45.9730438232422,3.370266045464437],[45.978029547797327,3.36640201144751],[45.980381605360257,3.375567287868951],[45.99640062120227,3.359398735894124],[45.995266045464426,3.343622843424506],[45.986932712131093,3.334270562065999],[45.988122728135863,3.313487413194471],[45.993622843424497,3.308900621202284],[46.010543823242202,3.307766045464436],[46.018622843424495,3.30056728786895],[46.024291483561214,3.299112616644992],[46.025567287868938,3.289456176757839],[46.028697882758259,3.285416666666693],[46.025468783908437,3.28125],[46.028599378797757,3.277210489908881],[46.029733954535608,3.272789510091172],[46.032766045464427,3.268877156575547],[46.033900621202271,3.264456176757839],[46.03693271213109,3.260543823242214],[46.038067287868941,3.256122843424505],[46.04109937879776,3.25221048990888],[46.042562188042552,3.246510484483533],[46.06028951009116,3.229733954535616],[46.064710489908869,3.228599378797769],[46.068622843424492,3.225567287868949],[46.086594306098107,3.224362352159314],[46.088350931803404,3.217517598470078],[46.093877156575537,3.216099378797769],[46.106122843424494,3.204733954535616],[46.11179114447701,3.203279283311658],[46.136932712131092,3.17721048990888],[46.138067287868942,3.168622843424505],[46.141099378797762,3.16471048990888],[46.141666666666701,3.158333333333359],[46.144091118706612,3.157980007595512],[46.147575547960088,3.15451999240454],[46.15,3.154166666666692],[46.150850931803404,3.15085076226131],[46.154166666666683,3.15],[46.154166666666683,3.141666666666692],[46.151742214626751,3.141313340928845],[46.148257785373282,3.137853325737872],[46.14583333333335,3.1375],[46.144982401529965,3.134184095594643],[46.136932712131092,3.132118394639782],[46.138067287868942,3.118622843424504],[46.141099378797762,3.114710489908879],[46.14166666666668,3.1125],[46.14166666666668,3.108333333333358],[46.129166666666684,3.108333333333358],[46.129166666666684,3.104166666666692],[46.128813340928836,3.093408881293428],[46.125353325737862,3.089924452039956],[46.125,3.079166666666691],[46.101956176757831,3.078599378797768],[46.0980438232422,3.075567287868948],[46.092517598470067,3.07414923773874],[46.091666666666683,3.070833333333358],[46.089242214626751,3.070480007595511],[46.081591118706612,3.062853325737872],[46.075,3.0625],[46.074646674262169,3.047575547960094],[46.071186659071195,3.044091118706622],[46.070480007595499,3.01424221462676],[46.067019992404532,3.010757785373288],[46.066666666666684,3.004166666666691],[46.064242214626752,3.004519992404538],[46.060757785373276,3.00798000759551],[46.058333333333351,3.008333333333358],[46.054827880859392,3.007433742947073],[46.054166666666696,3.0],[46.057482401529967,2.999149237738739],[46.05890062120227,2.993622843424503],[46.061932712131089,2.989710489908878],[46.06320851643882,2.980054050021725],[46.069982401529963,2.978315904405406],[46.071400621202272,2.97278951009117],[46.074432712131092,2.968877156575545],[46.075567287868942,2.964456176757837],[46.082766045464425,2.956377156575545],[46.083900621202275,2.926956176757836],[46.086932712131095,2.923043823242211],[46.0875,2.920833333333357],[46.068408881293415,2.92048000759551],[46.064924452039946,2.917019992404537],[46.060075547960082,2.916313340928843],[46.05452473958335,2.910790337456621],[46.053813340928833,2.905908881293426],[46.046186659071196,2.898257785373287],[46.045833333333348,2.8875],[46.043622843424494,2.888067287868947],[46.0355438232422,2.895266045464433],[46.030017598470067,2.896684095594642],[46.029166666666683,2.9],[46.025708516438819,2.900887383355058],[46.024432712131095,2.910543823242211],[46.020437452528228,2.915698920355926],[46.01666666666668,2.91666666666669],[46.016005452473976,2.909232923719641],[46.010289510091162,2.907766045464433],[46.006377156575539,2.904733954535614],[46.000582885742205,2.903247070312523],[45.992233954535607,2.893877156575544],[45.991099378797756,2.889456176757836],[45.983900621202274,2.881377156575544],[45.983333333333348,2.875],[45.982482401529964,2.871684095594641],[45.979166666666679,2.870833333333357],[45.975,2.870833333333357],[45.975,2.86666666666669],[45.981288994683176,2.866011216905405],[45.997877671983524,2.850655449761308],[46.003183661566858,2.849016994900197],[46.004822116427967,2.843711005316863],[46.012959120008695,2.834145779079884],[46.0,2.833333333333356],[46.0,2.829166666666689],[45.99778951009116,2.828599378797766],[45.985543823242203,2.817233954535613],[45.98001759847007,2.815815904405405],[45.97859937879776,2.810289510091168],[45.975567287868941,2.806377156575544],[45.975,2.804166666666689],[45.972839864095064,2.80354919433596],[45.960493469238294,2.792284138997418],[45.956173197428399,2.79104919433596],[45.950861443413643,2.787169053819467],[45.949205864800362,2.775794135199675],[45.939506530761733,2.774382527669293],[45.934492153591592,2.770719401041689],[45.932715691460515,2.76450636121964],[45.92978430853951,2.760493638780404],[45.928549024793853,2.757864040798633],[45.932715691460515,2.752160305447071],[45.93395097520618,2.749263170030404],[45.925617641872847,2.739660305447071],[45.92430792914498,2.721826850043425],[45.920833333333348,2.720833333333355],[45.914242214626753,2.720480007595508],[45.906591118706615,2.712853325737869],[45.895833333333364,2.7125],[45.889242214626748,2.712853325737869],[45.885757785373279,2.716313340928841],[45.873285590277789,2.717019992404536],[45.867021518283437,2.710786946614605],[45.866666666666681,2.704166666666688],[45.864242214626749,2.703813340928841],[45.860757785373281,2.700353325737869],[45.858333333333348,2.7],[45.8541666666667,2.7],[45.847575547960083,2.699646674262175],[45.842024739583344,2.694123670789952],[45.841313340928835,2.689242214626758],[45.835787116156695,2.683688354492209],[45.82916666666668,2.683333333333355],[45.825,2.683333333333355],[45.825,2.670833333333355],[45.822575547960099,2.670480007595508],[45.810757785373291,2.658686659071202],[45.808333333333366,2.658333333333355],[45.807413736979193,2.654749552408876],[45.798043823242217,2.646400621202278],[45.792517428927979,2.64498257107207],[45.791666666666693,2.641666666666688],[45.7875,2.641666666666688],[45.786649237738743,2.638350762261306],[45.779843817816868,2.636604478624153],[45.76306728786895,2.618877156575542],[45.7625,2.608333333333354],[45.759184095594648,2.60748257107207],[45.757766045464436,2.601956176757834],[45.750567287868954,2.593877156575542],[45.749432712131103,2.589456176757833],[45.745437282986138,2.584301079644118],[45.741666666666696,2.583333333333354],[45.741666666666696,2.570833333333354],[45.741313340928848,2.568408881293423],[45.737853325737873,2.564924452039951],[45.737142266167567,2.560045030381965],[45.727424452039962,2.550353325737868],[45.722575547960098,2.549646674262173],[45.698257785373293,2.525353325737868],[45.695833333333361,2.525],[45.695833333333361,2.520833333333353],[45.694913736979196,2.517249552408874],[45.685543823242213,2.508900621202277],[45.680017428927982,2.507482571072069],[45.679166666666696,2.504166666666687],[45.676742214626763,2.504519992404534],[45.669091118706625,2.512146674262173],[45.664953613281277,2.512853325737868],[45.660757785373292,2.508686659071201],[45.647575547960095,2.507980007595506],[45.631591118706623,2.492019992404534],[45.626742214626766,2.49131334092884],[45.619091118706628,2.483686659071201],[45.616666666666696,2.483333333333353],[45.61609937879777,2.476956176757832],[45.613067287868951,2.473043823242207],[45.611649237738746,2.467517428927971],[45.604749552408883,2.46574707031252],[45.596400621202285,2.456377156575541],[45.59583333333336,2.45],[45.596186659071208,2.447575547960089],[45.600001356336833,2.443734063042554],[45.594091118706622,2.437853325737867],[45.580908881293432,2.437146674262173],[45.577424452039956,2.4336866590712],[45.566666666666691,2.433333333333353],[45.5625,2.433333333333353],[45.562146674262181,2.422575547960089],[45.554519992404543,2.41492445203995],[45.554166666666696,2.4],[45.551956176757841,2.399432712131096],[45.539710489908884,2.388067287868943],[45.518622843424509,2.386932712131096],[45.513467746310788,2.38293728298613],[45.511932712131106,2.376956176757832],[45.508900621202287,2.373043823242207],[45.507196044921905,2.366402180989602],[45.502210489908883,2.370266045464429],[45.495833333333358,2.370833333333353],[45.495266045464433,2.368622843424498],[45.492233954535614,2.364710489908873],[45.49109937879777,2.351956176757831],[45.4869327121311,2.34657999674481],[45.488173760308186,2.334229871961824],[45.491666666666696,2.333333333333352],[45.491137017144126,2.331085205078144],[45.482803683810793,2.321916368272588],[45.483862982855932,2.318585205078144],[45.488029649522595,2.313440619574672],[45.486518012152807,2.308889092339428],[45.466666666666697,2.308333333333352],[45.464242214626765,2.307980007595505],[45.460757785373289,2.304519992404532],[45.441666666666691,2.304166666666685],[45.439456176757837,2.303599378797762],[45.435543823242213,2.300567287868942],[45.431122843424504,2.299432712131095],[45.422018093533012,2.291320122612866],[45.420266045464437,2.28675333658856],[45.4244327121311,2.281377156575539],[45.425567287868951,2.278229437934046],[45.417233954535618,2.268877156575539],[45.41576707628041,2.263161214192726],[45.401956176757835,2.261932712131095],[45.396489122178849,2.25737338595922],[45.395833333333357,2.25],[45.393622843424502,2.249432712131095],[45.389710489908879,2.246400621202275],[45.380054050021727,2.24512498643665],[45.378315904405412,2.238350762261303],[45.375,2.2375],[45.375353325737876,2.235075547960088],[45.378813340928843,2.231591118706615],[45.379519992404539,2.222575547960087],[45.382980007595513,2.219091118706615],[45.383333333333361,2.216666666666685],[45.382766045464436,2.20195617675783],[45.379733954535617,2.198043823242205],[45.37845831976999,2.188387383355052],[45.372789510091174,2.186932712131094],[45.36471048990888,2.179733954535608],[45.35097283257381,2.178511895073802],[45.342233954535615,2.168877156575538],[45.34166666666669,2.1625],[45.339242214626765,2.162853325737865],[45.335757785373289,2.166313340928837],[45.326742214626762,2.167019992404531],[45.323257785373286,2.170480007595504],[45.318408881293429,2.171186659071198],[45.314924452039953,2.17464667426217],[45.308333333333358,2.175],[45.304804484049505,2.174094306098108],[45.30359937879777,2.156122843424497],[45.294860500759576,2.146488104926233],[45.2875,2.145833333333351],[45.286932712131104,2.135289510091163],[45.283900621202285,2.131377156575538],[45.282445949978325,2.125708346896718],[45.272789510091172,2.124432712131094],[45.268877156575549,2.121400621202274],[45.26445617675784,2.120266045464427],[45.260543823242216,2.117233954535608],[45.258333333333361,2.116666666666684],[45.258333333333361,2.1125],[45.258333333333361,2.10833333333335],[45.257978651258703,2.101714409722239],[45.248257785373291,2.092019992404531],[45.230908881293431,2.091313340928836],[45.227424452039955,2.087853325737864],[45.205880059136312,2.087145657009565],[45.200353325737872,2.081591118706614],[45.199646674262176,2.072575547960086],[45.196186659071202,2.069091118706614],[45.195480007595513,2.064242214626753],[45.192019992404539,2.06075778537328],[45.191313340928843,2.055908881293419],[45.187853325737869,2.052424452039947],[45.1875,2.05],[45.187145996093776,2.035047064887169],[45.181591118706621,2.02951999240453],[45.172575547960093,2.028813340928836],[45.169091118706618,2.025353325737864],[45.164242214626761,2.024646674262169],[45.160757785373285,2.021186659071197],[45.15,2.020833333333349],[45.149090915256103,2.017290242513037],[45.1375,2.016666666666683],[45.136649237738737,2.013350762261301],[45.131122843424507,2.011932712131093],[45.125746663411483,2.007766045464426],[45.118622843424504,2.008900621202273],[45.113246663411481,2.01306728786894],[45.097789510091168,2.011932712131093],[45.089710489908875,2.004733954535606],[45.084184095594644,2.003315904405398],[45.082451375325547,1.996563042534738],[45.042715115017387,1.957766045464425],[45.022789510091172,1.958900621202273],[45.018877156575542,1.961932712131092],[45.016666666666687,1.9625],[45.009232923719644,1.961838785807323],[45.007766045464436,1.956122843424511],[45.000567287868947,1.948043823242219],[44.999392361111134,1.917579989963139],[44.993622843424504,1.916099378797774],[44.988155788845511,1.911540222168],[44.986838785807315,1.896732923719649],[44.983333333333356,1.895833333333365],[44.960075547960095,1.895480007595518],[44.956591118706619,1.892019992404545],[44.954166666666687,1.891666666666698],[44.953315904405407,1.888350931803417],[44.95,1.8875],[44.946759711371548,1.886573621961837],[44.945215861002623,1.881173197428417],[44.942284138997415,1.877160135904979],[44.940872531467036,1.867460801866351],[44.93117302788631,1.866049024793868],[44.922993638780405,1.858950975206194],[44.918673027886307,1.857715691460534],[44.913361612955754,1.853835550944042],[44.911882527669292,1.843673197428416],[44.908219401041691,1.838658820258277],[44.902006361219641,1.836882358127201],[44.893826972113736,1.829784308539527],[44.889506361219638,1.828549024793868],[44.885493638780403,1.82561764187286],[44.872839694552972,1.824382358127201],[44.868826972113737,1.821450975206194],[44.86450636121964,1.820215691460534],[44.860416666666687,1.817228190104197],[44.856326972113735,1.820215691460534],[44.853429836697067,1.821450975206194],[44.842773098415819,1.812203301323815],[44.841049024793861,1.806173197428416],[44.838117641872849,1.802160135904979],[44.836573621961826,1.796759711371558],[44.833333333333357,1.795833333333364],[44.832725863986568,1.780079989963138],[44.826956176757832,1.778599378797773],[44.818877156575539,1.771400621202287],[44.81320851643882,1.769945949978329],[44.811795722113736,1.75925276014543],[44.806377156575543,1.754733954535621],[44.801956176757834,1.753599378797773],[44.79804382324221,1.750567287868954],[44.77599046495228,1.749380832248294],[44.771400621202275,1.743877156575551],[44.769865587022593,1.737895880805151],[44.764710489908879,1.733900621202287],[44.76028951009117,1.73276604546444],[44.756377156575539,1.72973395453562],[44.75,1.729166666666697],[44.746684265136743,1.728315734863311],[44.745266045464433,1.722789510091176],[44.742233954535614,1.718877156575551],[44.741099378797763,1.714456176757842],[44.732404073079451,1.704869588216176],[44.722789510091168,1.703599378797773],[44.718877156575545,1.700567287868954],[44.706122843424502,1.699432712131106],[44.700704277886302,1.694913906521297],[44.699432712131099,1.685289510091176],[44.695437452528232,1.68013441297746],[44.68945617675783,1.678599378797772],[44.685543823242206,1.675567287868953],[44.681122843424497,1.674432712131106],[44.66887715657554,1.663067287868953],[44.664456176757831,1.661932712131106],[44.660543823242207,1.658900621202287],[44.656122843424498,1.657766045464439],[44.652210489908875,1.65473395453562],[44.65,1.654166666666696],[44.649080234103749,1.650582885742217],[44.639710489908872,1.642233954535619],[44.63528951009117,1.641099378797772],[44.623043823242206,1.629733954535619],[44.618622843424497,1.628599378797772],[44.61054382324221,1.621400621202286],[44.606122843424501,1.620266045464439],[44.598043823242207,1.613067287868953],[44.588419426812088,1.611795722113744],[44.583900621202275,1.60637715657555],[44.582482401529965,1.600850931803414],[44.576956176757832,1.599432712131105],[44.564710489908876,1.588067287868952],[44.560289510091167,1.586932712131105],[44.53971048990887,1.567233954535619],[44.535289510091168,1.566099378797772],[44.527210489908875,1.558900621202286],[44.522789510091165,1.557766045464438],[44.514710489908872,1.550567287868952],[44.510289510091162,1.549432712131105],[44.498043823242206,1.538067287868952],[44.491666666666688,1.5375],[44.491308932834222,1.535045539008275],[44.477424452039948,1.521186659071209],[44.472575547960091,1.520480007595514],[44.460757785373282,1.508686659071209],[44.455908881293425,1.507980007595514],[44.448257785373279,1.500353325737875],[44.443408881293422,1.499646674262181],[44.423257785373281,1.479519992404542],[44.418408881293423,1.478813340928848],[44.406591118706615,1.467019992404542],[44.401742214626751,1.466313340928847],[44.389924452039949,1.454519992404542],[44.3875,1.454166666666695],[44.386649068196633,1.450850931803413],[44.3811228434245,1.449432712131104],[44.360543823242203,1.429733954535618],[44.356122843424494,1.428599378797771],[44.348043823242207,1.421400621202284],[44.345833333333353,1.420833333333361],[44.344982401529968,1.417517598470079],[44.341666666666683,1.416666666666694],[44.341309102376322,1.414212544759142],[44.323257785373279,1.396186659071208],[44.318408881293422,1.395480007595514],[44.306591118706613,1.383686659071208],[44.301742214626756,1.382980007595513],[44.277424452039945,1.358686659071207],[44.272575547960088,1.357980007595513],[44.244091118706613,1.329519992404541],[44.239242214626756,1.328813340928846],[44.202424452039949,1.292019992404541],[44.197575547960085,1.291313340928846],[44.185757785373283,1.27951999240454],[44.179166666666681,1.279166666666693],[44.178813340928833,1.276742214626763],[44.175353325737866,1.27325778537329],[44.174646674262171,1.268408881293429],[44.167019992404533,1.26075778537329],[44.166666666666686,1.25833333333336],[44.160289510091161,1.257766045464436],[44.127210489908869,1.225567287868949],[44.121684265136736,1.22414906819664],[44.119982401529967,1.217517598470078],[44.114456176757827,1.216099378797769],[44.093877156575537,1.196400621202283],[44.0875,1.195833333333359],[44.086649068196628,1.192517598470078],[44.081122843424495,1.191099378797769],[44.077210489908872,1.188067287868949],[44.07147911919489,1.186596510145425],[44.05890062120227,1.173043823242213],[44.058333333333351,1.170833333333359],[44.057766045464426,1.168622843424505],[44.054733954535607,1.16471048990888],[44.053198920355918,1.15872921413848],[44.048043823242203,1.154733954535616],[44.043622843424494,1.153599378797769],[44.031377156575537,1.142233954535615],[44.025395880805135,1.140698920355928],[44.021400621202275,1.135543823242213],[44.019982401529965,1.130017428927977],[44.014456176757825,1.128599378797768],[43.998043823242199,1.113067287868949],[43.993622843424497,1.111932712131102],[43.985543823242203,1.104733954535615],[43.983333333333348,1.104166666666692],[43.980908881293416,1.103813340928844],[43.964924452039945,1.087853325737872],[43.9625,1.0875],[43.961474778917115,1.083818562825546],[43.939672682020415,1.063104926215302],[43.935327317979613,1.061895073784747],[43.93125,1.058872138129365],[43.92554066975913,1.063104926215302],[43.917382812500016,1.061670260959226],[43.915951368543851,1.046672566731795],[43.910506015353747,1.042271592881969],[43.906160651312945,1.041061740451414],[43.898006015353744,1.033938259548635],[43.89583333333335,1.033333333333358],[43.895172119140639,1.025899590386309],[43.889456176757825,1.024432712131101],[43.877210489908869,1.013067287868948],[43.87278951009116,1.011932712131101],[43.864710489908866,1.004733954535614],[43.860289510091157,1.003599378797767],[43.85221048990887,0.996400621202281],[43.847789510091161,0.995266045464434],[43.827210489908865,0.975567287868948],[43.822789510091162,0.9744327121311],[43.818877156575532,0.971400621202281],[43.809262593587256,0.970130411783878],[43.800567287868937,0.960543823242211],[43.799149068196627,0.955017428927975],[43.795833333333348,0.954166666666691],[43.794982401529964,0.950850762261309],[43.788145785861559,0.949096340603322],[43.775567287868938,0.935543823242211],[43.774149068196628,0.930017428927975],[43.768622843424495,0.928599378797767],[43.756377156575532,0.917233954535614],[43.751956176757822,0.916099378797766],[43.739710489908866,0.904733954535614],[43.735289510091157,0.903599378797766],[43.71887715657553,0.888067287868947],[43.716666666666683,0.8875],[43.716308593750014,0.885042995876759],[43.710757785373275,0.879519992404537],[43.705908881293418,0.878813340928843],[43.702424452039942,0.875353325737871],[43.7,0.875],[43.699080234103747,0.871416219075544],[43.689710489908869,0.863067287868946],[43.684184265136729,0.861649237738738],[43.68248240152996,0.855017428927975],[43.676956176757827,0.853599378797766],[43.6605438232422,0.838067287868947],[43.642645772298188,0.836867268880231],[43.638067287868935,0.831377156575543],[43.636932712131092,0.826956176757835],[43.633900621202272,0.82304382324221],[43.632365587022583,0.817062717013912],[43.627210489908869,0.813067287868946],[43.625,0.8125],[43.624432712131089,0.810289510091168],[43.62140062120227,0.806377156575544],[43.61998240152996,0.800850762261307],[43.614456176757827,0.799432712131099],[43.568877156575532,0.754733954535613],[43.564456176757822,0.753599378797765],[43.560543823242199,0.750567287868946],[43.558333333333344,0.75],[43.557975769042983,0.747546725802974],[43.506591118706609,0.696186659071202],[43.501742214626745,0.695480007595508],[43.498257785373276,0.692019992404536],[43.495833333333344,0.691666666666688],[43.495480007595496,0.689242214626758],[43.492019992404522,0.685757785373286],[43.491309102376313,0.680880059136306],[43.448257785373272,0.637853325737868],[43.445833333333347,0.6375],[43.445480007595499,0.635075547960091],[43.383686659071188,0.573257785373285],[43.383333333333361,0.570833333333354],[43.380908881293429,0.570480007595507],[43.371191067165825,0.560788302951409],[43.370480007595511,0.555908881293423],[43.364957004123291,0.550358072916687],[43.360075547960093,0.549646674262173],[43.335757785373289,0.525353325737868],[43.308333333333358,0.525],[43.301742214626763,0.524646674262173],[43.298257785373288,0.521186659071201],[43.291666666666693,0.520833333333353],[43.291313340928845,0.514242214626756],[43.287853325737871,0.510757785373284],[43.2875,0.504166666666687],[43.2875,0.495833333333354],[43.2875,0.491666666666687],[43.296083577473986,0.4907911512587],[43.292309570312526,0.485468207465298],[43.29102376302086,0.481198459201409],[43.279809570312523,0.468801540798631],[43.278247748480929,0.458552720811652],[43.272968207465304,0.45480957031252],[43.26351420084638,0.453368801540818],[43.261535644531278,0.446797688802103],[43.255131022135444,0.444868977864603],[43.253202311197938,0.43846435546877],[43.245809936523465,0.436238267686651],[43.242309570312528,0.431301540798631],[43.24065246582034,0.425797865125888],[43.231198459201416,0.424357096354186],[43.218801540798637,0.413142903645853],[43.21666666666669,0.4125],[43.216308593750021,0.410042995876756],[43.210757785373289,0.404519992404533],[43.201713731553845,0.403811306423631],[43.192019992404539,0.394091118706617],[43.191666666666691,0.391666666666686],[43.190815904405405,0.388350762261304],[43.1875,0.3875],[43.187146674262181,0.380908881293422],[43.183686659071206,0.37742445203995],[43.183333333333358,0.375],[43.166666666666693,0.375],[43.131198459201414,0.375642903645852],[43.127134874131968,0.378523763020853],[43.084248860677107,0.379809570312519],[43.083333333333357,0.370833333333353],[43.083333333333357,0.354166666666686],[43.081173027886308,0.353549194335956],[43.075664605034746,0.34914347330731],[43.074382527669293,0.31766628689238],[43.085493638780406,0.316049194335956],[43.089506361219641,0.313117472330748],[43.09166666666669,0.3125],[43.091308932834224,0.310045030381963],[43.081591118706619,0.300353325737866],[43.076742214626762,0.299646674262172],[43.073257785373286,0.296186659071199],[43.070833333333354,0.295833333333352],[43.067327880859395,0.294933742947067],[43.066666666666691,0.2875],[43.064242214626759,0.287146674262171],[43.060757785373291,0.283686659071199],[43.03333333333336,0.283333333333352],[43.032645331488737,0.271642727322067],[43.022839694552971,0.270215861002622],[43.018826972113736,0.267284138997414],[43.014506361219638,0.266049194335956],[43.010493638780403,0.263117472330747],[42.971838717990472,0.261849636501754],[42.970833333333353,0.258333333333352],[42.968408881293428,0.258686659071199],[42.964924452039952,0.262146674262171],[42.941666666666691,0.2625],[42.940815904405405,0.259184095594637],[42.935289510091167,0.257766045464428],[42.931377156575543,0.254733954535609],[42.90416666666669,0.254166666666685],[42.903808593750021,0.251709662543421],[42.898257785373289,0.246186659071199],[42.891666666666687,0.245833333333351],[42.888350762261304,0.244982571072067],[42.886932712131099,0.239456176757831],[42.88390062120228,0.235543823242205],[42.882766045464429,0.231122843424497],[42.87973395453561,0.227210489908872],[42.878599378797766,0.22425333658856],[42.882766045464429,0.218877156575539],[42.883333333333354,0.216666666666685],[42.882978651258703,0.210048421223976],[42.869091118706621,0.196186659071198],[42.864209662543423,0.195475260416684],[42.858686659071203,0.189924452039948],[42.857975260416687,0.185042995876754],[42.852424452039955,0.179519992404531],[42.84166666666669,0.179166666666684],[42.839242214626758,0.179519992404531],[42.835415988498283,0.183319430881094],[42.82535773383249,0.173288302951407],[42.825,0.170833333333351],[42.822575547960092,0.170480007595504],[42.819091118706616,0.167019992404531],[42.814242214626759,0.166313340928837],[42.804524400499155,0.156621636284739],[42.804166666666688,0.154166666666684],[42.804166666666688,0.15],[42.797575547960093,0.150353325737865],[42.794091118706618,0.153813340928837],[42.789242214626761,0.154519992404531],[42.785757785373285,0.157980007595504],[42.780908881293421,0.158686659071198],[42.777424452039952,0.16214667426217],[42.772575547960088,0.162853325737865],[42.767024739583356,0.168376329210087],[42.766666666666687,0.170833333333351],[42.766666666666687,0.175],[42.769091118706619,0.175353325737865],[42.782975599500887,0.189212375217032],[42.783686659071201,0.194091118706615],[42.787146674262175,0.197575547960087],[42.787853325737871,0.227424452039949],[42.791652086046028,0.23125],[42.787853325737871,0.235075547960088],[42.787146674262175,0.248257785373282],[42.783686659071201,0.251742214626754],[42.783333333333353,0.275],[42.780908881293421,0.275353325737866],[42.777424452039952,0.278813340928838],[42.775,0.279166666666685],[42.775353325737868,0.281591118706616],[42.779152086046025,0.285416666666685],[42.775353325737868,0.289242214626755],[42.774646674262172,0.293379720052102],[42.778813340928842,0.297575547960088],[42.779519992404538,0.314924452039949],[42.785043165418855,0.320475260416686],[42.789924452039955,0.321186659071199],[42.79964514838327,0.330881076388908],[42.800353325737866,0.344091118706616],[42.803813340928841,0.347575547960088],[42.804519992404536,0.35242445203995],[42.807980007595511,0.355908881293422],[42.808333333333351,0.358333333333352],[42.807766045464433,0.360543823242207],[42.800567287868944,0.368622843424498],[42.7994327121311,0.373043823242207],[42.796400621202281,0.376956176757832],[42.79526604546443,0.384079996744811],[42.800395880805141,0.390698920355922],[42.807706027560783,0.392575073242207],[42.808900621202277,0.413437228732658],[42.800567287868944,0.422789510091165],[42.799392530653236,0.453253173828145],[42.795833333333356,0.454166666666687],[42.796186659071203,0.469091118706617],[42.799646674262178,0.472575547960089],[42.800353325737866,0.481591118706617],[42.803813340928841,0.485075547960089],[42.804166666666688,0.491666666666687],[42.799735344780835,0.492803955078145],[42.803599378797763,0.497789510091166],[42.804733954535614,0.506377156575541],[42.807766045464433,0.510289510091166],[42.808900621202277,0.514710489908874],[42.811932712131096,0.518622843424499],[42.813067287868947,0.529913330078145],[42.808900621202277,0.535289510091166],[42.807433742947069,0.541005452473979],[42.793622843424501,0.542233954535611],[42.791099378797767,0.544618394639778],[42.79804382324221,0.546400621202277],[42.801956176757834,0.549432712131097],[42.807734849717903,0.550915527343771],[42.808333333333351,0.570833333333354],[42.807980007595511,0.573257785373285],[42.796186659071203,0.58507554796009],[42.795480007595508,0.589924452039952],[42.792019992404533,0.593408881293424],[42.791313340928838,0.598257785373285],[42.787853325737871,0.601742214626757],[42.7875,0.604166666666688],[42.787853325737871,0.610757785373285],[42.795480007595508,0.618408881293424],[42.796186659071203,0.647546386718771],[42.792019992404533,0.651742214626757],[42.791313340928838,0.656591118706618],[42.78751458062068,0.660416666666688],[42.791313340928838,0.664242214626757],[42.792019992404533,0.668379720052105],[42.787853325737871,0.672575547960091],[42.7875,0.675],[42.788067287868948,0.677210489908876],[42.79526604546443,0.685289510091168],[42.796400621202281,0.689710489908876],[42.804733954535614,0.699062771267383],[42.803599378797763,0.702210489908876],[42.800567287868944,0.706122843424501],[42.7994327121311,0.718877156575543],[42.79526604546443,0.724253336588564],[42.796400621202281,0.731377156575543],[42.800567287868944,0.736753336588564],[42.7994327121311,0.752210489908876],[42.79526604546443,0.757586669921897],[42.796400621202281,0.764710489908877],[42.800567287868944,0.770086669921897],[42.7994327121311,0.77304382324221],[42.79526604546443,0.778420003255231],[42.796400621202281,0.781377156575543],[42.7994327121311,0.785289510091168],[42.801137118869377,0.791931152343773],[42.807196214464,0.787235514322939],[42.809184265136743,0.794982571072071],[42.814710489908876,0.79640062120228],[42.8186228434245,0.799432712131099],[42.827210489908879,0.800567287868946],[42.840495469835091,0.81289740668405],[42.84166666666669,0.808333333333356],[42.844091118706622,0.807980007595509],[42.847575547960091,0.804519992404536],[42.858333333333356,0.804166666666689],[42.858686659071203,0.810757785373287],[42.862146674262178,0.814242214626759],[42.862855021158879,0.827453613281273],[42.868408881293426,0.832980007595509],[42.870833333333358,0.833333333333356],[42.875,0.833333333333356],[42.874432712131096,0.852210489908877],[42.863067287868944,0.864456176757836],[42.8619327121311,0.868877156575544],[42.854733954535611,0.876956176757836],[42.853315904405406,0.882482571072072],[42.847789510091168,0.88390062120228],[42.839710489908875,0.891099378797766],[42.834548272026929,0.892233954535614],[42.832766045464432,0.885289510091169],[42.828989325629365,0.880416531033009],[42.824253336588562,0.878599378797766],[42.818877156575539,0.882766045464433],[42.8,0.883333333333356],[42.79938235812719,0.885493638780405],[42.796450975206184,0.889506361219641],[42.795215691460527,0.897993638780406],[42.792284308539521,0.902006361219641],[42.791049024793857,0.910493638780405],[42.788117641872851,0.914506361219642],[42.786882358127194,0.922993638780405],[42.783219401041691,0.928008015950545],[42.775768195258266,0.930138481987871],[42.774382358127191,0.939660305447072],[42.770565965440561,0.944884914822072],[42.781326802571634,0.946450805664086],[42.786833869086394,0.950855509440128],[42.7875,0.966666666666691],[42.791270785861563,0.967634412977454],[42.79526604546443,0.97278951009117],[42.79668426513674,0.978315904405406],[42.8,0.97916666666669],[42.800353325737866,0.989924452039955],[42.804152764214429,0.993750678168427],[42.796186659071203,1.00174221462676],[42.795480007595508,1.006591118706622],[42.792019992404533,1.010075547960094],[42.791313340928838,1.014924452039955],[42.787853325737871,1.018408881293427],[42.7875,1.025],[42.786932712131097,1.031377156575545],[42.783900621202278,1.03528951009117],[42.782672119140649,1.04910040961374],[42.775661214192731,1.050899590386309],[42.774338785807316,1.065767076280407],[42.768622843424502,1.067233954535615],[42.764710489908879,1.070266045464435],[42.76028951009117,1.071400621202282],[42.756377156575539,1.074432712131101],[42.750850931803406,1.07585076226131],[42.749149068196637,1.082482571072073],[42.743622843424497,1.083900621202282],[42.739583333333357,1.087031385633705],[42.734470452202714,1.083068847656275],[42.732482401529971,1.090815904405407],[42.726956176757831,1.092233954535615],[42.717829895019548,1.100365871853324],[42.715770297580313,1.092340426974851],[42.703420003255232,1.091099378797768],[42.697916666666686,1.095364718967039],[42.69375,1.092135281033011],[42.689710489908876,1.095266045464435],[42.682586669921896,1.096400621202282],[42.677083333333357,1.092135281033011],[42.672916666666687,1.095364718967039],[42.66875,1.092135281033011],[42.664710489908877,1.095266045464435],[42.6625,1.095833333333358],[42.661649068196638,1.09914923773874],[42.656122843424498,1.100567287868949],[42.652210489908875,1.103599378797768],[42.65,1.104166666666692],[42.649100409613737,1.10767211914065],[42.641666666666687,1.108333333333358],[42.642019992404535,1.119091118706622],[42.649646674262172,1.126742214626761],[42.65,1.1375],[42.650567287868945,1.139710489908879],[42.653599378797765,1.143622843424505],[42.654733954535608,1.150746663411484],[42.650567287868945,1.156122843424505],[42.649432712131095,1.163246663411484],[42.653706868489607,1.168761359320772],[42.642233954535612,1.181122843424505],[42.641005452473976,1.194933742947074],[42.634184265136739,1.196684265136744],[42.632766045464429,1.20221048990888],[42.62973395453561,1.206122843424505],[42.628599378797766,1.217413330078151],[42.632766045464429,1.222789510091172],[42.63390062120228,1.22721048990888],[42.636932712131099,1.231122843424505],[42.638067287868942,1.235543823242213],[42.641099378797762,1.239456176757839],[42.641666666666687,1.241666666666693],[42.633333333333354,1.241666666666693],[42.632980007595506,1.244091118706623],[42.629519992404532,1.247575547960095],[42.628813340928836,1.252424452039957],[42.625353325737869,1.255908881293429],[42.624646674262173,1.26075778537329],[42.621186659071199,1.264242214626762],[42.620480007595503,1.27325778537329],[42.612853325737866,1.280908881293429],[42.6125,1.28333333333336],[42.611932712131093,1.28971048990888],[42.608900621202274,1.293622843424506],[42.60776604546443,1.296579996744818],[42.611932712131093,1.301956176757839],[42.613067287868944,1.323043823242214],[42.620266045464433,1.331122843424506],[42.621400621202277,1.363246663411485],[42.617135450575105,1.36875],[42.620266045464433,1.372789510091173],[42.621684265136736,1.378315734863309],[42.628458150227885,1.380054050021728],[42.62973395453561,1.389710489908881],[42.636932712131099,1.397789510091173],[42.638067287868942,1.411285061306451],[42.629827880859395,1.413399590386312],[42.629166666666684,1.420833333333361],[42.628523932562956,1.422968377007406],[42.625642734103749,1.427031622992649],[42.623969862196198,1.43258836534291],[42.609363471137172,1.434078301323813],[42.60769059922962,1.439635043674073],[42.596476067437088,1.452031622992649],[42.594869147406705,1.457369147406712],[42.589531622992638,1.458976067437094],[42.585320875379793,1.461961703830323],[42.582690599229622,1.466988457573813],[42.587750244140643,1.474124484592042],[42.579166666666687,1.475],[42.578813340928839,1.481591118706625],[42.575353325737865,1.485075547960097],[42.575,1.4875],[42.579588826497414,1.488881598578587],[42.578418646918422,1.503445095486139],[42.566666666666684,1.504166666666695],[42.5625,1.504166666666695],[42.561838785807311,1.511600409613743],[42.558333333333351,1.5125],[42.558900621202277,1.527210489908883],[42.561932712131096,1.531122843424507],[42.56320851643882,1.54077928331166],[42.570124816894548,1.54255405002173],[42.57153761121964,1.553247239854629],[42.576956176757832,1.557766045464438],[42.581377156575542,1.558900621202286],[42.589456176757835,1.566099378797772],[42.591666666666683,1.566666666666695],[42.597968377007398,1.567309400770428],[42.606198289659311,1.574357265896296],[42.6104683770074,1.575642734103762],[42.614531622992644,1.578523932562963],[42.623985799153665,1.579964531792564],[42.626209343804277,1.587350124783015],[42.636866251627623,1.596476067437095],[42.643801710340732,1.59519059922963],[42.649124484592036,1.591416422526071],[42.650642734103755,1.606301710340741],[42.653523932562955,1.610364956325984],[42.654809400770418,1.618801710340741],[42.657690599229618,1.622864956325984],[42.659594896104622,1.629190233018692],[42.664531622992641,1.63269059922963],[42.666666666666686,1.633333333333363],[42.682520887586826,1.634001329210099],[42.683950975206187,1.643826802571644],[42.691049024793855,1.652006530761748],[42.69228430853952,1.656326802571644],[42.703549024793858,1.668673197428415],[42.705325486924934,1.674886067708363],[42.710339864095076,1.678549024793866],[42.731326802571637,1.679784308539526],[42.735339864095074,1.682715691460533],[42.7375,1.683333333333363],[42.740815734863304,1.684184265136748],[42.742233954535614,1.689710489908884],[42.745266045464433,1.693622843424509],[42.746400621202277,1.723043823242218],[42.749432712131096,1.726956176757843],[42.750567287868947,1.743877156575551],[42.753599378797766,1.747789510091176],[42.75473395453561,1.752210489908884],[42.75890062120228,1.757586669921905],[42.757766045464429,1.773043823242218],[42.753599378797766,1.778420003255239],[42.75473395453561,1.781377156575551],[42.761932712131099,1.789456176757843],[42.763403489854625,1.795187547471819],[42.776956176757835,1.80776604546444],[42.77916666666669,1.808333333333364],[42.77916666666669,1.816666666666698],[42.779733954535608,1.848043823242218],[42.782766045464427,1.851956176757843],[42.783994547526063,1.865767076280413],[42.7875,1.866666666666698],[42.786838785807312,1.874100409613746],[42.783333333333353,1.875],[42.783333333333353,1.891666666666698],[42.782482401529968,1.894982401529979],[42.77916666666669,1.895833333333365],[42.778813340928842,1.898257785373295],[42.773287116156702,1.903811815049945],[42.760075547960092,1.904519992404545],[42.750354851616777,1.914214579264355],[42.75,1.920833333333365],[42.750353325737869,1.935757785373295],[42.753813340928843,1.939242214626768],[42.754519992404532,1.956591118706629],[42.762146674262176,1.964242214626768],[42.7625,1.966666666666699],[42.762853325737865,1.985757785373296],[42.766313340928839,1.989242214626768],[42.766666666666687,1.991666666666699],[42.767284308539516,1.993826802571647],[42.782715691460524,2.010339864095084],[42.783950975206182,2.01466013590498],[42.79938235812719,2.031173197428418],[42.800617641872854,2.035493469238314],[42.804280598958357,2.040507846408453],[42.810493469238303,2.042284308539529],[42.822839864095073,2.053549024793869],[42.832676527235265,2.054980807834234],[42.833333333333357,2.075],[42.835757785373289,2.07535332573788],[42.839242214626758,2.078813340928853],[42.844091118706622,2.079519992404546],[42.847575547960091,2.082980007595519],[42.852424452039955,2.083686659071213],[42.855908881293423,2.087146674262185],[42.866666666666688,2.0875],[42.871097819010437,2.088637288411475],[42.867233954535614,2.093622843424496],[42.866666666666688,2.09583333333335],[42.870437282986131,2.096801079644114],[42.874432712131096,2.10195617675783],[42.875887383355057,2.107624986436649],[42.886566840277801,2.109035915798628],[42.899432712131102,2.122789510091163],[42.900919596354186,2.128583780924497],[42.910289510091168,2.136932712131093],[42.914710489908877,2.138067287868941],[42.918622843424501,2.14109937879776],[42.924322848849847,2.142562188042552],[42.941099378797766,2.160289510091163],[42.942327880859395,2.174100409613733],[42.945833333333354,2.175],[42.94640062120228,2.177210489908872],[42.949531385633705,2.18125],[42.94640062120228,2.185289510091164],[42.945266045464436,2.193877156575538],[42.94223395453561,2.197789510091164],[42.941099378797766,2.202210489908872],[42.938067287868947,2.206122843424497],[42.936932712131096,2.223043823242206],[42.932937282986131,2.228198920355921],[42.926956176757834,2.229733954535608],[42.921489122178841,2.234293280707483],[42.920172119140645,2.249100409613733],[42.916666666666686,2.25],[42.917019992404533,2.260757785373282],[42.924646674262178,2.268408881293421],[42.925353325737866,2.281591118706616],[42.928813340928841,2.285075547960088],[42.929519992404536,2.314213053385435],[42.925353325737866,2.318408881293422],[42.924646674262178,2.323257785373283],[42.921186659071203,2.326742214626755],[42.920480007595508,2.331591118706616],[42.917019992404533,2.335075547960088],[42.916313340928845,2.360757785373283],[42.912853325737871,2.364242214626755],[42.9125,2.416666666666686],[42.914710489908877,2.41723395453561],[42.918622843424501,2.420266045464429],[42.92304382324221,2.421400621202277],[42.928420003255233,2.425567287868943],[42.940770128038217,2.42432623969186],[42.941666666666691,2.420833333333353],[42.944982571072075,2.419982571072068],[42.945833333333354,2.416666666666686],[42.949291653103323,2.417554050021721],[42.95056728786895,2.427210489908874],[42.957766045464432,2.435289510091165],[42.95894266764325,2.461479695638041],[42.972789510091168,2.474432712131097],[42.975,2.475],[42.974646674262175,2.481591118706617],[42.971186659071201,2.485075547960089],[42.970480007595512,2.494091118706617],[42.958686659071205,2.505908881293423],[42.957980007595509,2.53504638671877],[42.962146674262172,2.539242214626757],[42.962853325737868,2.552424452039951],[42.966313340928842,2.555908881293423],[42.967019992404538,2.560757785373284],[42.974646674262175,2.568408881293423],[42.975353325737871,2.577424452039951],[42.978813340928845,2.580908881293424],[42.979166666666693,2.591666666666688],[42.979166666666693,2.604166666666688],[42.98672858344186,2.604938083224847],[42.988291761610263,2.62026095920141],[43.002031792534744,2.632690429687521],[43.010468207465301,2.633976236979188],[43.014531792534747,2.636857096354188],[43.05,2.6375],[43.054166666666688,2.6375],[43.060757785373291,2.637146674262174],[43.064953613281276,2.632980007595507],[43.077424452039956,2.633686659071202],[43.085784233940998,2.642019992404535],[43.098257785373285,2.641313340928841],[43.101742214626761,2.637853325737868],[43.1125,2.6375],[43.116516791449676,2.638709513346376],[43.124397108289955,2.647911919487869],[43.120190429687526,2.65384487575957],[43.121476236979191,2.656301540798633],[43.124357096354188,2.660365125868077],[43.125642903645854,2.672968207465299],[43.149357096354194,2.697865125868077],[43.15071987575957,2.720056830512175],[43.16463487413197,2.721476236979189],[43.17051154242624,2.725642903645855],[43.172968207465303,2.724357096354189],[43.178844875759573,2.720190429687522],[43.181301540798636,2.721476236979189],[43.202031792534747,2.741023763020856],[43.208333333333357,2.741666666666689],[43.21164923773874,2.742517428927973],[43.213350762261307,2.749149237738738],[43.220124986436659,2.750887383355057],[43.221400621202278,2.76054382324221],[43.228599378797767,2.768622843424501],[43.230054050021728,2.774291653103321],[43.23971048990888,2.775567287868946],[43.247789510091174,2.782766045464432],[43.252210489908876,2.783900621202279],[43.265763007269989,2.7964789496528],[43.266666666666694,2.8],[43.267233954535612,2.806377156575544],[43.286932712131104,2.826956176757835],[43.288067287868948,2.852210489908877],[43.291099378797767,2.856122843424502],[43.292233954535618,2.860543823242211],[43.295266045464437,2.864456176757836],[43.296684095594642,2.869982571072072],[43.3,2.870833333333357],[43.299646674262178,2.88159111870662],[43.296186659071203,2.885075547960093],[43.295833333333356,2.91666666666669],[43.295833333333356,2.920833333333357],[43.299149237738739,2.921684095594641],[43.3,2.925],[43.299646674262178,2.944091118706621],[43.296186659071203,2.947575547960093],[43.295833333333356,2.95],[43.295833333333356,2.9625],[43.295833333333356,2.966666666666691],[43.296191406250024,2.969123670789954],[43.301742214626763,2.974646674262177],[43.304166666666688,2.975],[43.31981370713978,2.975603230794295],[43.328599378797769,2.98528951009117],[43.330066257052977,2.991005452473983],[43.3375,2.991666666666691],[43.34166666666669,2.991666666666691],[43.342554050021725,2.988208346896725],[43.352210489908877,2.9869327121311],[43.356122843424508,2.983900621202281],[43.3875,2.983333333333357],[43.389924452039956,2.983686659071205],[43.393408881293432,2.987146674262177],[43.395833333333357,2.9875],[43.398257785373289,2.987853325737871],[43.401742214626765,2.991313340928844],[43.40416666666669,2.991666666666691],[43.405017428927977,2.988350762261309],[43.410543823242215,2.9869327121311],[43.418622843424508,2.979733954535614],[43.420833333333363,2.97916666666669],[43.423257785373288,2.979519992404538],[43.426742214626763,2.98298000759551],[43.433333333333358,2.983333333333357],[43.4625,2.983333333333357],[43.462853325737875,2.994091118706621],[43.466313340928849,2.997575547960094],[43.466666666666697,3.0],[43.467019992404538,3.002424452039955],[43.470480007595512,3.005908881293427],[43.47083333333336,3.0125],[43.473257785373292,3.012853325737872],[43.476742214626761,3.016313340928844],[43.479166666666693,3.016666666666691],[43.4875,3.016666666666691],[43.488161214192736,3.02410040961374],[43.49387715657555,3.025567287868948],[43.499380832248292,3.030157131618948],[43.5,3.041666666666691],[43.499646674262181,3.044091118706622],[43.495847913954023,3.047916666666691],[43.499985419379371,3.052083333333358],[43.496186659071206,3.055908881293427],[43.495480007595511,3.060046386718775],[43.499646674262181,3.064242214626761],[43.500353325737876,3.069091118706622],[43.512486436631974,3.081249321831622],[43.508686659071209,3.085075547960094],[43.508333333333361,3.091666666666692],[43.511731635199681,3.092638481987872],[43.513307020399331,3.103461032443601],[43.532526312934053,3.104872300889782],[43.534127468533015,3.115872531467039],[43.54509819878475,3.117469278971379],[43.546450805664087,3.131326972113741],[43.553549194335965,3.139506361219643],[43.55478413899742,3.14382697211374],[43.557715861002634,3.147839694552977],[43.558333333333358,3.154166666666692],[43.559184095594645,3.157482401529973],[43.5625,3.158333333333359],[43.565815904405412,3.159184265136744],[43.567517428927978,3.165815734863307],[43.570833333333361,3.166666666666692],[43.570833333333361,3.170833333333359],[43.571186659071209,3.17325778537329],[43.574646674262183,3.176742214626762],[43.575,3.179166666666692],[43.575,3.183333333333359],[43.575353325737872,3.194091118706623],[43.578813340928846,3.197575547960095],[43.579166666666694,3.204166666666692],[43.579519992404542,3.21075778537329],[43.582980007595516,3.214242214626762],[43.583333333333364,3.225],[43.583686659071205,3.227424452039957],[43.599646674262182,3.243408881293429],[43.600353325737878,3.24825778537329],[43.603813340928845,3.251742214626762],[43.604519992404541,3.256591118706623],[43.607980007595515,3.260075547960096],[43.608686659071211,3.264924452039957],[43.620480007595518,3.276742214626763],[43.620833333333358,3.279166666666693],[43.621684095594645,3.282482401529975],[43.627210489908883,3.283900621202283],[43.647789510091172,3.30359937879777],[43.656377156575552,3.304733954535617],[43.660289510091175,3.307766045464436],[43.664710489908884,3.308900621202284],[43.668622843424508,3.311932712131103],[43.689710489908883,3.31306728786895],[43.693622843424507,3.31609937879777],[43.704166666666694,3.316666666666694],[43.707482571072077,3.315815734863308],[43.708333333333364,3.3125],[43.71164923773874,3.313350931803412],[43.713467746310791,3.320437452528239],[43.718622843424505,3.324432712131103],[43.736594306098119,3.325637647840739],[43.738067287868951,3.331377156575547],[43.74109937879777,3.335289510091173],[43.742233954535621,3.348043823242215],[43.74526604546444,3.351956176757839],[43.746494547526069,3.365767076280409],[43.752210489908883,3.367233954535617],[43.785289510091175,3.399432712131104],[43.789710489908884,3.400567287868951],[43.793622843424508,3.40359937879777],[43.798043823242217,3.404733954535618],[43.801956176757841,3.407766045464437],[43.807482571072079,3.409184265136746],[43.809220716688401,3.415958150227892],[43.819904242621554,3.417369588216173],[43.828599378797776,3.42695617675784],[43.83008626302086,3.432750447591173],[43.839456176757842,3.441099378797771],[43.841666666666697,3.441666666666694],[43.842019992404545,3.444091118706625],[43.845480007595519,3.447575547960097],[43.84583333333336,3.454166666666695],[43.847993638780409,3.454784308539524],[43.856173027886314,3.461882358127198],[43.860493638780412,3.463117641872858],[43.864506361219647,3.466049024793865],[43.868826972113744,3.467284308539524],[43.872839694552979,3.470215691460532],[43.881326972113747,3.471450975206191],[43.8854166666667,3.474438476562528],[43.891197374131977,3.470215691460532],[43.902160305447076,3.471450975206191],[43.906173027886318,3.474382358127198],[43.915872531467045,3.475794135199681],[43.917528279622424,3.487168884277372],[43.922839694552984,3.491049024793865],[43.939660305447077,3.492284308539525],[43.94375,3.495271809895861],[43.947839694552982,3.492284308539525],[43.983333333333363,3.491666666666695],[43.985757785373295,3.491313340928848],[43.98995361328128,3.487146674262181],[43.994091118706628,3.487853325737875],[43.997575547960103,3.491313340928848],[44.0,3.491666666666695],[44.0,3.495833333333362],[43.996684265136736,3.496684265136747],[43.995266045464426,3.502210489908882],[43.992233954535607,3.506122843424508],[43.991099378797756,3.510543823242216],[43.987968783908435,3.514583333333362],[43.991099378797756,3.518622843424507],[43.991666666666696,3.529166666666695],[43.994091118706613,3.529519992404542],[43.997575547960082,3.532980007595515],[44.004166666666684,3.533333333333362],[44.004733954535602,3.539710489908883],[44.007766045464422,3.543622843424508],[44.008900621202272,3.54657999674482],[44.004733954535602,3.551956176757841],[44.003599378797759,3.560543823242216],[43.99640062120227,3.568622843424508],[43.995266045464426,3.573043823242216],[43.986917114257828,3.582413567437095],[43.98001759847007,3.584184265136748],[43.97859937879776,3.589710489908883],[43.975567287868941,3.593622843424508],[43.975,3.595833333333362],[43.9625,3.595833333333362],[43.958333333333364,3.595833333333362],[43.957980007595502,3.598257785373293],[43.954519992404528,3.601742214626765],[43.95416666666668,3.604166666666696],[43.950850931803402,3.605017598470081],[43.95,3.608333333333362],[43.943622843424492,3.608900621202286],[43.9382042778863,3.613419426812095],[43.936932712131089,3.623043823242217],[43.93390062120227,3.626956176757842],[43.932766045464426,3.629913330078154],[43.936932712131089,3.635289510091175],[43.93806728786894,3.638246663411488],[43.93390062120227,3.643622843424509],[43.932766045464426,3.652210489908883],[43.929733954535607,3.656122843424509],[43.928599378797756,3.66887715657555],[43.917233954535604,3.681122843424509],[43.916005452473975,3.694933742947078],[43.90918426513673,3.696684265136748],[43.90833333333336,3.7],[43.908333333333346,3.704166666666696],[43.907980007595519,3.71492445203996],[43.904519992404545,3.718408881293433],[43.903813340928849,3.723257785373294],[43.894121636284751,3.732975599500898],[43.889242214626769,3.733686659071211],[43.885757785373293,3.737146674262183],[43.880908881293436,3.737853325737877],[43.877424452039961,3.741313340928849],[43.875,3.741666666666697],[43.874646674262181,3.744091118706627],[43.871186659071213,3.747575547960099],[43.870480007595518,3.752424452039961],[43.862853325737873,3.7600755479601],[43.862146674262185,3.769091118706628],[43.858686659071211,3.7725755479601],[43.857980007595515,3.785757785373294],[43.852457004123295,3.79130859375003],[43.847575547960098,3.792019992404545],[43.829521348741352,3.81004876030819],[43.828813340928846,3.823257785373295],[43.825353325737879,3.826742214626767],[43.824646674262183,3.831591118706628],[43.821186659071209,3.8350755479601],[43.820480007595513,3.839924452039961],[43.817019992404546,3.843408881293433],[43.816666666666698,3.845833333333364],[43.823043823242216,3.846400621202288],[43.82695617675784,3.849432712131107],[43.835543823242219,3.850567287868955],[43.839456176757842,3.853599378797774],[43.849112616644994,3.8548751831055],[43.85,3.858333333333348],[43.852424452039962,3.857980007595517],[43.855908881293431,3.854519992404545],[43.858333333333363,3.854166666666698],[43.869091118706628,3.853813340928851],[43.872575547960096,3.850353325737878],[43.879166666666698,3.85],[43.883333333333361,3.85],[43.883686659071209,3.864924452039962],[43.887146674262183,3.868408881293434],[43.887853325737879,3.897546217176681],[43.883686659071209,3.901742214626768],[43.882980007595513,3.910757785373296],[43.879519992404546,3.914242214626768],[43.878813340928851,3.951712883843348],[43.882980007595513,3.955908881293435],[43.883333333333347,3.9625],[43.879827880859388,3.9633995903863],[43.878599378797759,3.977210489908869],[43.874604119194892,3.982365587022585],[43.870833333333366,3.983333333333348],[43.868408881293433,3.983686659071195],[43.862858072916694,3.989209662543418],[43.8625,3.991666666666682],[43.860075547960101,3.992019992404529],[43.842021348741348,4.010048760308175],[43.841313340928849,4.022549099392377],[43.849646674262182,4.030908881293419],[43.85,4.05],[43.853315904405413,4.0508507622613],[43.854733954535618,4.056377156575536],[43.863067287868951,4.065729437934044],[43.861932712131107,4.07721048990887],[43.850567287868955,4.089456176757828],[43.849432712131104,4.093877156575537],[43.845266045464442,4.099253336588558],[43.846400621202285,4.118877156575537],[43.857766045464437,4.131122843424496],[43.858900621202288,4.148043823242205],[43.861932712131107,4.151956176757829],[43.863067287868951,4.173043823242204],[43.875567287868954,4.186511908637169],[43.874432712131103,4.193877156575537],[43.87026604546444,4.199253336588558],[43.871400621202284,4.202210489908872],[43.875567287868954,4.207586669921891],[43.874432712131103,4.218877156575537],[43.87026604546444,4.224253336588559],[43.871400621202284,4.248043823242204],[43.874432712131103,4.25195617675783],[43.875631713867215,4.26983947753908],[43.885289510091177,4.278599378797761],[43.891270616319474,4.280134412977448],[43.895266045464439,4.285289510091163],[43.896494547526075,4.299100409613732],[43.9,4.3],[43.9,4.304166666666685],[43.9,4.3125],[43.899149068196628,4.315815904405399],[43.895833333333364,4.316666666666684],[43.896186659071198,4.319091118706615],[43.907980007595498,4.330908881293421],[43.908691406250014,4.335790337456615],[43.914242214626753,4.341313340928838],[43.916666666666679,4.341666666666685],[43.917233954535604,4.343877156575539],[43.920266045464423,4.347789510091165],[43.921400621202274,4.352210489908872],[43.925395880805134,4.357365587022588],[43.93248240152996,4.359184095594636],[43.933333333333351,4.3625],[43.932980007595503,4.369091118706615],[43.929519992404529,4.372575547960087],[43.928813340928833,4.389215766059046],[43.937146674262166,4.397575547960088],[43.9375,4.4],[43.944091118706609,4.400353325737866],[43.947575547960085,4.403813340928838],[43.952424452039942,4.404519992404532],[43.955908881293418,4.407980007595505],[43.960757785373275,4.408686659071199],[43.964242214626751,4.412146674262171],[43.970833333333346,4.4125],[43.97168426513673,4.415815904405401],[43.97721048990887,4.417233954535609],[43.981122843424494,4.420266045464428],[43.986917114257828,4.421752929687519],[43.995266045464426,4.431122843424498],[43.996536254882827,4.44073757595488],[44.006122843424492,4.449432712131095],[44.010543823242202,4.450567287868942],[44.014456176757825,4.453599378797762],[44.01666666666668,4.454166666666685],[44.016313340928832,4.456591118706616],[44.012853325737865,4.460075547960088],[44.012146674262169,4.468379720052102],[44.016313340928832,4.472575547960089],[44.01666666666668,4.475],[44.013411966959652,4.475766669379359],[44.011970520019545,4.480107286241338],[44.016137186686215,4.485251871744811],[44.01666666666668,4.491666666666686],[44.016313340928832,4.494091118706617],[44.010790167914514,4.499641927083353],[44.005908881293415,4.500353325737867],[44.002424452039946,4.503813340928838],[43.989242214626749,4.504519992404534],[43.981591118706611,4.512146674262173],[43.954166666666694,4.5125],[43.953315734863295,4.515815904405401],[43.95,4.516666666666686],[43.926956176757827,4.516099378797763],[43.918877156575533,4.508900621202276],[43.911753336588554,4.507766045464429],[43.90625,4.5120313856337],[43.901137118869372,4.508068847656269],[43.9,4.5125],[43.900353325737861,4.51492445203995],[43.903813340928835,4.518408881293422],[43.904519992404531,4.535046386718769],[43.900353325737861,4.539242214626755],[43.9,4.55],[43.9,4.5625],[43.902210489908867,4.563067287868943],[43.904733954535601,4.565451727973111],[43.9,4.566666666666686],[43.9,4.575],[43.9,4.579166666666687],[43.9,4.583333333333353],[43.896684095594651,4.584184095594638],[43.895266045464439,4.589710489908875],[43.888067287868957,4.597789510091166],[43.886932712131106,4.602210489908874],[43.883801947699681,4.60625],[43.886932712131106,4.610289510091166],[43.888067287868957,4.618877156575541],[43.891099378797776,4.622789510091167],[43.892233954535619,4.631377156575541],[43.895374552408882,4.635429212782139],[43.879733954535624,4.651956176757833],[43.878599378797773,4.656377156575541],[43.871400621202284,4.664456176757833],[43.87026604546444,4.673043823242208],[43.867233954535621,4.676956176757834],[43.86609937879777,4.688246663411479],[43.870364718967046,4.69375],[43.867233954535621,4.697789510091167],[43.86609937879777,4.721579996744813],[43.87026604546444,4.726956176757834],[43.871400621202284,4.739710489908875],[43.874432712131103,4.7436228434245],[43.875,4.745833333333355],[43.877424452039961,4.746186659071202],[43.882978312174508,4.751713053385438],[43.883686659071209,4.764924452039952],[43.887146674262183,4.768408881293424],[43.8875,4.770833333333355],[43.887853325737879,4.773257785373286],[43.895480007595516,4.780908881293424],[43.896186659071212,4.785757785373285],[43.899646674262186,4.789242214626758],[43.9,4.795833333333356],[43.899646674262186,4.806591118706619],[43.887853325737879,4.818408881293425],[43.8875,4.829166666666689],[43.885075547960099,4.829519992404536],[43.877424452039961,4.837146674262175],[43.860075547960101,4.83785332573787],[43.856591118706625,4.841313340928842],[43.8541666666667,4.841666666666688],[43.853813340928852,4.877424452039953],[43.846186659071208,4.885075547960092],[43.84583333333336,4.895833333333355],[43.845480007595519,4.90659111870662],[43.842019992404545,4.910075547960092],[43.841313340928849,4.939924452039953],[43.833686659071212,4.947575547960092],[43.832980007595516,4.964924452039954],[43.829519992404542,4.968408881293426],[43.828813340928846,4.977424452039953],[43.825353325737879,4.980908881293425],[43.824646674262183,5.006591118706621],[43.821186659071209,5.010075547960093],[43.820480007595513,5.014924452039955],[43.817019992404546,5.018408881293427],[43.816313340928851,5.023257785373287],[43.812853325737876,5.02674221462676],[43.8125,5.045833333333357],[43.811838785807325,5.053267076280406],[43.806122843424511,5.054733954535614],[43.80221048990888,5.057766045464433],[43.794896104600724,5.05890062120228],[43.785425482855935,5.050461832682315],[43.781377156575552,5.053599378797767],[43.7625,5.05416666666669],[43.751742214626766,5.054519992404538],[43.748257785373291,5.05798000759551],[43.744120279947943,5.058686659071205],[43.739583333333364,5.05418124728735],[43.735757785373295,5.05798000759551],[43.725,5.058333333333357],[43.724432712131104,5.060543823242211],[43.72043728298614,5.065698920355926],[43.713161214192738,5.067566257052976],[43.7125,5.075],[43.710289510091172,5.075567287868948],[43.706377156575549,5.078599378797767],[43.700850762261311,5.080017428927976],[43.699149237738744,5.086649237738739],[43.693622843424507,5.088067287868947],[43.684252929687531,5.096416219075545],[43.68276604546444,5.102210489908878],[43.679733954535621,5.106122843424503],[43.67859937879777,5.110543823242212],[43.673989868164092,5.11607089572485],[43.635289510091177,5.117233954535615],[43.625603230794297,5.126019626193601],[43.625,5.141666666666691],[43.624086507161486,5.145225694444469],[43.592580159505239,5.146440972222247],[43.59081590440541,5.153315904405407],[43.5875,5.154166666666692],[43.580908881293432,5.153813340928844],[43.577424452039956,5.150353325737871],[43.570833333333361,5.15],[43.570266045464436,5.164710489908879],[43.567233954535617,5.168622843424504],[43.565779283311656,5.174291483561222],[43.556122843424504,5.175567287868948],[43.55221048990888,5.178599378797768],[43.547789510091171,5.179733954535616],[43.542634412977456,5.183729214138479],[43.541099378797767,5.18971048990888],[43.538067287868948,5.193622843424504],[43.536649237738743,5.19914906819664],[43.53333333333336,5.2],[43.533900621202285,5.206377156575545],[43.536932712131104,5.210289510091171],[43.538067287868948,5.218877156575546],[43.541099378797767,5.222789510091171],[43.542233954535618,5.227210489908879],[43.54537455240888,5.231262715657577],[43.529733954535615,5.247789510091171],[43.528599378797772,5.256377156575546],[43.525468614366346,5.260416666666692],[43.529733954535615,5.265920003255234],[43.528599378797772,5.268877156575546],[43.525567287868952,5.272789510091171],[43.524432712131102,5.27721048990888],[43.521400621202282,5.281122843424505],[43.520266045464439,5.293877156575546],[43.516099378797769,5.299253336588567],[43.517233954535619,5.306377156575547],[43.521400621202282,5.311753336588568],[43.520266045464439,5.318877156575547],[43.516099378797769,5.324253336588567],[43.517233954535619,5.335543823242213],[43.524432712131102,5.343622843424505],[43.52589959038631,5.349338785807317],[43.53333333333336,5.35],[43.533900621202285,5.35221048990888],[43.541099378797767,5.360289510091172],[43.542233954535618,5.36471048990888],[43.545266045464437,5.368622843424506],[43.546400621202281,5.37721048990888],[43.549432712131107,5.381122843424505],[43.550567287868951,5.385543823242214],[43.554562717013916,5.390698920355929],[43.561649237738742,5.392517598470079],[43.5625,5.39583333333336],[43.561649237738742,5.399149068196641],[43.556122843424504,5.400567287868951],[43.55221048990888,5.40359937879777],[43.536753336588568,5.404733954535617],[43.531377156575545,5.400567287868951],[43.524062771267388,5.399432712131103],[43.514710489908879,5.407766045464436],[43.508333333333361,5.40833333333336],[43.493622843424504,5.407766045464436],[43.48971048990888,5.404733954535617],[43.485289510091171,5.40359937879777],[43.481377156575547,5.400567287868951],[43.47585076226131,5.399149068196641],[43.475,5.39583333333336],[43.475,5.391666666666693],[43.44778951009117,5.39109937879777],[43.442634412977455,5.387104119194905],[43.441099378797773,5.381122843424505],[43.433900621202284,5.373043823242214],[43.432695515950549,5.355072360568602],[43.429166666666696,5.354166666666693],[43.429166666666696,5.358333333333359],[43.426742214626763,5.358686659071207],[43.417024400499159,5.368378194173204],[43.416666666666693,5.37083333333336],[43.410075547960098,5.371186659071206],[43.406591118706622,5.374646674262179],[43.401742214626765,5.375353325737874],[43.398257785373289,5.378813340928845],[43.395833333333357,5.379166666666693],[43.380908881293429,5.37951999240454],[43.373257785373291,5.387146674262179],[43.368408881293426,5.387853325737874],[43.364924452039958,5.391313340928846],[43.360075547960093,5.39201999240454],[43.352424452039955,5.399646674262179],[43.343408881293428,5.400353325737873],[43.339924452039959,5.403813340928846],[43.329166666666694,5.404166666666693],[43.297575547960093,5.40451999240454],[43.29375,5.408318752712701],[43.289583333333361,5.404181247287353],[43.285757785373292,5.407980007595512],[43.281616889105926,5.408686659071208],[43.269091118706619,5.396186659071207],[43.264242214626762,5.395480007595513],[43.260757785373286,5.39201999240454],[43.247575547960096,5.391313340928846],[43.244091118706621,5.387853325737874],[43.214242214626758,5.387146674262179],[43.210757785373289,5.383686659071207],[43.206620279947941,5.382980007595513],[43.202083333333356,5.387485419379367],[43.198257785373286,5.383686659071207],[43.194118923611136,5.382980007595513],[43.18785807291669,5.38920983208553],[43.1875,5.391666666666693],[43.185075547960096,5.391313340928846],[43.173257785373288,5.37951999240454],[43.164242214626761,5.378813340928845],[43.160757785373285,5.375353325737874],[43.15416666666669,5.375],[43.15,5.375],[43.147575547960095,5.375353325737874],[43.142021687825547,5.380879550510009],[43.141666666666694,5.3875],[43.139242214626762,5.387146674262179],[43.135757785373286,5.383686659071207],[43.114953613281273,5.382980007595513],[43.110416666666694,5.387485419379367],[43.106591118706618,5.383686659071207],[43.093408881293428,5.382980007595513],[43.089924452039952,5.37951999240454],[43.085075547960095,5.378813340928845],[43.081591118706619,5.375353325737874],[43.077453613281271,5.374646674262179],[43.072916666666693,5.379152086046034],[43.06875,5.375014580620686],[43.064924452039953,5.378813340928845],[43.055908881293426,5.37951999240454],[43.052424452039951,5.382980007595513],[43.05,5.38333333333336],[43.043408881293423,5.382980007595513],[43.039924452039955,5.37951999240454],[43.030908881293428,5.378813340928845],[43.023257785373289,5.371186659071206],[43.0,5.37083333333336],[42.999149237738735,5.37414906819664],[42.993622843424504,5.37556728786895],[42.98971048990888,5.37859937879777],[42.982586669921901,5.379733954535617],[42.977210489908877,5.37556728786895],[42.969845241970511,5.374432712131103],[42.956377156575542,5.386932712131102],[42.94778951009117,5.38806728786895],[42.942634412977455,5.392062547471815],[42.941099378797766,5.398043823242213],[42.929733954535614,5.410289510091173],[42.929166666666688,5.416666666666693],[42.906122843424498,5.417233954535616],[42.893877156575542,5.42859937879777],[42.889456176757832,5.429733954535617],[42.885543823242209,5.432766045464437],[42.882586669921899,5.433900621202284],[42.877210489908876,5.429733954535617],[42.871684095594638,5.428315734863308],[42.870833333333358,5.425],[42.863399590386308,5.424338785807318],[42.8625,5.42083333333336],[42.858333333333356,5.42083333333336],[42.857482571072069,5.417517598470079],[42.854166666666686,5.416666666666693],[42.8375,5.416666666666693],[42.836532253689256,5.412895880805149],[42.831377156575542,5.408900621202283],[42.826956176757832,5.407766045464436],[42.823043823242209,5.404733954535617],[42.8186228434245,5.40359937879777],[42.810543823242206,5.396400621202283],[42.804827880859399,5.394933742947075],[42.804166666666688,5.3875],[42.800661214192729,5.388399590386311],[42.8,5.39583333333336],[42.797575547960093,5.396186659071207],[42.794091118706618,5.399646674262179],[42.769120449490039,5.400353325737873],[42.764924452039949,5.396186659071207],[42.758333333333354,5.39583333333336],[42.757672119140643,5.403267076280408],[42.751956176757837,5.404733954535617],[42.748043823242206,5.407766045464436],[42.743622843424497,5.408900621202283],[42.739710489908873,5.411932712131103],[42.735289510091164,5.41306728786895],[42.73137715657554,5.416099378797769],[42.710289510091165,5.417233954535616],[42.706377156575542,5.420266045464436],[42.701956176757832,5.421400621202284],[42.693877156575539,5.42859937879777],[42.691666666666684,5.429166666666694],[42.691099378797766,5.431377156575548],[42.682750447591168,5.440746900770426],[42.675623575846373,5.442575920952718],[42.674432712131093,5.464710489908882],[42.666083780924502,5.474080234103759],[42.6625,5.475],[42.656122843424498,5.475567287868951],[42.652210489908875,5.47859937879777],[42.647789510091165,5.479733954535617],[42.643877156575542,5.482766045464437],[42.639456176757832,5.483900621202284],[42.635543823242209,5.486932712131104],[42.6311228434245,5.488067287868951],[42.627210489908876,5.49109937879777],[42.614456176757834,5.492233954535617],[42.61054382324221,5.495266045464437],[42.606122843424501,5.496400621202284],[42.598043823242207,5.50359937879777],[42.588387383355055,5.504875183105496],[42.586600409613737,5.511838785807319],[42.571732923719637,5.513161214192736],[42.570833333333354,5.516666666666694],[42.568408881293422,5.517019992404541],[42.564924452039946,5.520480007595514],[42.5625,5.520833333333361],[42.545833333333356,5.520833333333361],[42.54494594997832,5.524291483561226],[42.535289510091168,5.525567287868951],[42.531377156575537,5.528599378797771],[42.522789510091165,5.529733954535618],[42.518877156575542,5.532766045464437],[42.511753336588562,5.533900621202284],[42.506377156575539,5.529733954535618],[42.499253336588559,5.528599378797771],[42.493877156575536,5.532766045464437],[42.476956176757831,5.533900621202284],[42.473043823242207,5.536932712131104],[42.470833333333353,5.5375],[42.470480007595505,5.548257785373291],[42.462853325737868,5.55590888129343],[42.462146674262172,5.560757785373291],[42.446186659071202,5.576742214626764],[42.445833333333354,5.579166666666694],[42.430908881293419,5.578813340928847],[42.427424452039951,5.575353325737876],[42.422575547960086,5.574646674262181],[42.41875,5.570847913954021],[42.414924452039948,5.574646674262181],[42.401742214626751,5.575353325737876],[42.394091118706612,5.582980007595514],[42.381620449490036,5.583686659071208],[42.377424452039946,5.579519992404542],[42.372575547960089,5.578813340928847],[42.364924452039951,5.571186659071208],[42.3625,5.570833333333361],[42.359184265136733,5.569982401529976],[42.358333333333348,5.566666666666695],[42.347575547960091,5.567019992404542],[42.339924452039945,5.574646674262181],[42.325,5.575],[42.320833333333354,5.575],[42.316666666666684,5.575],[42.315779283311649,5.578458150227893],[42.306122843424497,5.579733954535618],[42.298043823242203,5.586932712131104],[42.290920003255223,5.588067287868951],[42.285543823242207,5.583900621202285],[42.282396104600714,5.582766045464437],[42.273043823242205,5.591099378797772],[42.27083333333335,5.591666666666695],[42.270480007595502,5.606591118706625],[42.262853325737865,5.614242214626764],[42.2625,5.629166666666695],[42.25499640570748,5.629882812500028],[42.253561570909305,5.638040669759143],[42.257728237575975,5.643660651312962],[42.258938429090726,5.646374003092476],[42.253983222113732,5.653057522243952],[42.24782731797962,5.654771762424074],[42.24277581108943,5.658516777886313],[42.241061570909302,5.664672682020428],[42.238105095757398,5.668660651312963],[42.2375,5.670833333333362],[42.234184265136733,5.671684265136747],[42.233333333333348,5.675],[42.229166666666686,5.675],[42.228267076280396,5.678505452473987],[42.220833333333353,5.679166666666696],[42.220266045464427,5.685543823242217],[42.217233954535608,5.689456176757841],[42.215958150227884,5.699112616644994],[42.210289510091165,5.700567287868953],[42.206377156575535,5.703599378797772],[42.197789510091162,5.704733954535619],[42.181377156575536,5.720266045464439],[42.172789510091164,5.721400621202286],[42.16887715657554,5.724432712131105],[42.154166666666683,5.725],[42.150850931803404,5.725850931803414],[42.149432712131095,5.73137715657555],[42.145437452528228,5.736532253689266],[42.14166666666668,5.7375],[42.14166666666668,5.75],[42.139242214626755,5.749646674262182],[42.135757785373279,5.74618665907121],[42.130908881293422,5.745480007595516],[42.127424452039946,5.742019992404543],[42.116666666666681,5.741666666666696],[42.116666666666681,5.770833333333362],[42.119091118706613,5.77118665907121],[42.124644978841161,5.776712883843345],[42.125353325737862,5.789215596516957],[42.117019992404529,5.797575547960099],[42.116313340928833,5.80242445203996],[42.1107871161567,5.80797848171661],[42.097575547960083,5.80868665907121],[42.092022365993941,5.814212205674943],[42.091313340928835,5.823257785373293],[42.085787116156702,5.828811815049943],[42.079166666666701,5.829166666666696],[42.078813340928832,5.839924452039961],[42.075353325737865,5.843408881293433],[42.074646674262169,5.848257785373294],[42.071186659071195,5.851742214626766],[42.070480007595499,5.864215596516957],[42.078813340928832,5.8725755479601],[42.079519992404528,5.885046217176679],[42.075353325737865,5.889242214626766],[42.075,5.9],[42.0625,5.9],[42.055908881293419,5.900353325737878],[42.052424452039944,5.90381334092885],[42.05,5.904166666666697],[42.047789510091164,5.904733954535621],[42.042634412977449,5.908729214138486],[42.04109937879776,5.914710489908884],[42.029733954535608,5.926956176757843],[42.028599378797757,5.939710489908885],[42.025567287868938,5.94362284342451],[42.024432712131095,5.952210489908885],[42.017233954535605,5.960289510091177],[42.016099378797762,5.964710489908885],[42.013067287868935,5.968622843424511],[42.011932712131092,5.977210489908885],[42.00056728786894,5.989456176757844],[41.99914906819663,5.994982401529979],[41.992517598470066,5.99668426513675],[41.991666666666681,6.0],[41.99075741238066,6.003543090820328],[41.9791666666667,6.004166666666698],[41.972789510091175,6.003599378797775],[41.96875,6.000468783908452],[41.963637288411491,6.004431321885882],[41.9625,6.0],[41.958333333333364,6.0],[41.957766045464439,6.002210489908886],[41.949417114257841,6.011580234103764],[41.942517428927985,6.013350931803417],[41.940815904405412,6.01998240152998],[41.934184095594645,6.02168426513675],[41.93276604546444,6.027210489908885],[41.928206719292568,6.032677374945778],[41.914456176757845,6.033900621202289],[41.910543823242215,6.036932712131108],[41.906122843424512,6.038067287868955],[41.902210489908882,6.041099378797774],[41.897789510091172,6.042233954535622],[41.888419596354197,6.050582885742219],[41.886649237738744,6.057482401529979],[41.880017428927978,6.05918426513675],[41.878599378797773,6.064710489908886],[41.875567287868954,6.068622843424511],[41.874376424153674,6.090757412380674],[41.868622843424511,6.092233954535622],[41.859252929687528,6.100582885742219],[41.857419840494821,6.107725863986577],[41.841666666666697,6.108333333333365],[41.841666666666697,6.1125],[41.833333333333364,6.1125],[41.825899590386314,6.111838785807324],[41.825,6.108333333333365],[41.818408881293429,6.108686659071212],[41.810757785373291,6.116313340928851],[41.805908881293433,6.117019992404546],[41.798257785373295,6.124646674262185],[41.793408881293431,6.12535332573788],[41.789924452039962,6.128813340928851],[41.776742214626765,6.129519992404546],[41.773257785373296,6.132980007595519],[41.768408881293432,6.133686659071213],[41.764924452039956,6.137146674262185],[41.760075547960099,6.137853325737879],[41.756591118706623,6.141313340928852],[41.754166666666698,6.141666666666699],[41.753279283311663,6.145124816894564],[41.743622843424511,6.146400621202289],[41.734036254882838,6.155095926920605],[41.732766045464437,6.164710489908886],[41.707624647352461,6.190779283311665],[41.704166666666694,6.191666666666683],[41.703559027777807,6.207419840494809],[41.7,6.20833333333335],[41.7,6.2125],[41.7,6.216666666666684],[41.699646674262183,6.219091118706615],[41.696186659071209,6.222575547960087],[41.695833333333361,6.23333333333335],[41.6875,6.23333333333335],[41.6875,6.2375],[41.679166666666696,6.2375],[41.676742214626763,6.237853325737865],[41.673257785373295,6.241313340928837],[41.668408881293431,6.242019992404531],[41.660757785373292,6.24964667426217],[41.65,6.25],[41.649646674262179,6.252424452039948],[41.637853325737872,6.264242214626753],[41.637146674262183,6.273257785373281],[41.629519992404539,6.280908881293421],[41.628813340928851,6.285046386718768],[41.632980007595513,6.289242214626753],[41.633686659071209,6.298257785373282],[41.637146674262183,6.301742214626754],[41.637853325737872,6.310049099392379],[41.629519992404539,6.31840888129342],[41.628813340928851,6.327424452039948],[41.625353325737876,6.330908881293421],[41.624646674262181,6.335757785373282],[41.612853325737873,6.347575547960087],[41.612146674262178,6.356591118706616],[41.608686659071211,6.360075547960088],[41.608333333333363,6.3625],[41.608333333333363,6.366666666666685],[41.607672119140652,6.374100409613733],[41.604166666666693,6.375],[41.604166666666693,6.379166666666685],[41.604166666666693,6.383333333333352],[41.603315904405406,6.386649237738734],[41.6,6.3875],[41.5875,6.3875],[41.583333333333364,6.3875],[41.583333333333364,6.391666666666685],[41.582482571072077,6.394982571072067],[41.57695617675784,6.396400621202275],[41.571801079644125,6.400396050347241],[41.570266045464436,6.406377156575539],[41.567233954535617,6.410289510091165],[41.566666666666691,6.420833333333352],[41.539242214626761,6.421186659071199],[41.535757785373292,6.424646674262172],[41.530908881293428,6.425353325737866],[41.523257785373289,6.432980007595505],[41.510075547960099,6.433686659071199],[41.506591118706623,6.437146674262172],[41.502453613281276,6.437853325737866],[41.498257785373291,6.433686659071199],[41.483333333333363,6.433333333333352],[41.480908881293431,6.433686659071199],[41.477424452039955,6.437146674262172],[41.472575547960098,6.437853325737866],[41.469091118706622,6.441313340928838],[41.464242214626765,6.442019992404532],[41.460757785373289,6.445480007595505],[41.451742214626762,6.446186659071199],[41.448257785373293,6.449646674262172],[41.445833333333361,6.45],[41.445480007595513,6.452424452039949],[41.437853325737876,6.460075547960088],[41.437146674262181,6.464924452039949],[41.429519992404543,6.472575547960089],[41.428813340928848,6.501715766059047],[41.437486097547769,6.510415988498283],[41.433686659071206,6.514242214626755],[41.432980007595511,6.519091118706617],[41.429519992404543,6.52257554796009],[41.428813340928848,6.52742445203995],[41.425353325737873,6.530908881293422],[41.425,6.545833333333353],[41.425353325737873,6.548257785373284],[41.428813340928848,6.551742214626756],[41.429519992404543,6.556591118706617],[41.432980007595511,6.560075547960089],[41.433686659071206,6.577424452039951],[41.437146674262181,6.580908881293423],[41.437854682074679,6.594118923611131],[41.447575547960099,6.60381334092884],[41.458333333333357,6.604166666666687],[41.457766045464439,6.606377156575541],[41.45056728786895,6.614456176757832],[41.44939744737416,6.649085489908875],[41.445833333333361,6.65],[41.446483018663223,6.674184841579882],[41.456326972113743,6.67561747233075],[41.460339694552978,6.678549194335958],[41.4625,6.679166666666688],[41.461932712131102,6.681377156575541],[41.458900621202282,6.685289510091167],[41.457766045464439,6.689710489908875],[41.454733954535619,6.6936228434245],[41.453505452473983,6.707433742947069],[41.44778951009117,6.708900621202278],[41.442634412977455,6.712896050347243],[41.441099378797773,6.718877156575542],[41.438067287868947,6.722789510091166],[41.436932712131103,6.727210489908876],[41.429733954535614,6.735289510091167],[41.429166666666696,6.7375],[41.428505452473985,6.74493374294707],[41.425,6.745833333333355],[41.424646674262178,6.748257785373285],[41.421186659071211,6.751742214626757],[41.420833333333363,6.7625],[41.420833333333363,6.766666666666688],[41.418408881293431,6.767019992404535],[41.414924452039955,6.770480007595507],[41.401742214626765,6.771186659071202],[41.398257785373289,6.774646674262174],[41.383333333333361,6.775],[41.360075547960093,6.775353325737869],[41.356591118706625,6.778813340928841],[41.3375,6.779166666666688],[41.337146674262179,6.781591118706618],[41.325353325737872,6.793408881293424],[41.324646674262176,6.798257785373286],[41.321186659071209,6.801742214626758],[41.320480007595513,6.806591118706619],[41.300353325737873,6.826742214626758],[41.299646674262178,6.830879720052105],[41.303813340928848,6.835075547960091],[41.304519992404536,6.839924452039952],[41.308319430881099,6.843750678168425],[41.300353325737873,6.851742214626759],[41.299646674262178,6.864924452039952],[41.29584791395402,6.86875],[41.299646674262178,6.872575547960092],[41.3,6.87916666666669],[41.28333333333336,6.87916666666669],[41.266666666666694,6.87916666666669],[41.260075547960092,6.879519992404536],[41.256591118706623,6.882980007595508],[41.243408881293426,6.883686659071203],[41.239924452039958,6.887146674262175],[41.2375,6.8875],[41.235075547960093,6.887146674262175],[41.229524739583361,6.881623670789953],[41.228813340928845,6.876742214626758],[41.223290337456625,6.871191406250022],[41.22083333333336,6.870833333333356],[41.210075547960095,6.871186659071203],[41.206591118706619,6.874646674262175],[41.197575547960092,6.875353325737869],[41.194091118706623,6.878813340928842],[41.189242214626759,6.879519992404536],[41.185757785373291,6.882980007595508],[41.176742214626763,6.883686659071203],[41.173257785373288,6.887146674262175],[41.170833333333356,6.8875],[41.170172119140652,6.894933742947071],[41.166666666666693,6.895833333333355],[41.1660098605686,6.915852525499155],[41.154901801215303,6.917469278971376],[41.153549194335959,6.931326972113737],[41.150617472330751,6.935339694552974],[41.149073621961833,6.940740288628495],[41.143673027886308,6.942284138997419],[41.139660305447073,6.945215861002627],[41.134259711371548,6.94675971137155],[41.13271586100263,6.952160305447071],[41.113117472330757,6.972839694552974],[41.111502414279535,6.978489515516516],[41.1,6.979166666666689],[41.09583333333336,6.979166666666689],[41.095480007595512,6.98159111870662],[41.087853325737868,6.98924221462676],[41.087146674262179,6.994091118706621],[41.083686659071205,6.997575547960093],[41.082980007595509,7.002424452039953],[41.079519992404535,7.005908881293426],[41.078813340928846,7.019091118706621],[41.075353325737872,7.022575547960093],[41.074646674262176,7.03159111870662],[41.071186659071202,7.035075547960092],[41.070480007595506,7.03921305338544],[41.074646674262176,7.043408881293427],[41.075353325737872,7.05171305338544],[41.070847913954019,7.05625],[41.074646674262176,7.060075547960093],[41.075353325737872,7.064213053385441],[41.071186659071202,7.068408881293426],[41.070480007595506,7.080879720052107],[41.074646674262176,7.085075547960093],[41.075,7.091666666666691],[41.0686228434245,7.092233954535614],[41.056377156575543,7.103599378797767],[41.050850762261305,7.105017428927976],[41.049149237738739,7.111649237738739],[41.043622843424501,7.113067287868947],[41.035543823242207,7.120266045464434],[41.02916666666669,7.120833333333358],[41.028813340928842,7.123257785373289],[41.023286946614604,7.128811645507836],[41.016666666666687,7.129166666666691],[41.016099378797769,7.131377156575545],[40.99932284884985,7.149104478624157],[40.993622843424504,7.150567287868948],[40.98554382324221,7.157766045464435],[40.979827880859396,7.159232923719642],[40.979166666666693,7.166666666666691],[40.977006361219644,7.166049024793861],[40.968826972113739,7.158950975206188],[40.964506361219641,7.157715691460528],[40.960493638780406,7.154784138997421],[40.952006361219638,7.153549194335962],[40.947907172309051,7.150554741753497],[40.930245632595508,7.1670593261719],[40.928549194335957,7.172993469238306],[40.92561747233075,7.177006530761743],[40.924382527669295,7.18132680257164],[40.920719401041687,7.186341179741778],[40.913426378038217,7.188426378038219],[40.911528184678843,7.195065138075112],[40.900794135199675,7.196627468533011],[40.899382527669296,7.20632680257164],[40.895719401041688,7.211341179741778],[40.891666666666687,7.2125],[40.891666666666687,7.229166666666692],[40.893877156575542,7.229733954535615],[40.897789510091165,7.232766045464435],[40.903543090820335,7.234242587619383],[40.90416666666669,7.245833333333358],[40.9,7.245833333333358],[40.897575547960088,7.246186659071206],[40.894091118706619,7.249646674262178],[40.8875,7.25],[40.886649237738737,7.253315734863307],[40.883333333333354,7.254166666666692],[40.860075547960093,7.254519992404539],[40.852424452039955,7.262146674262178],[40.843408881293428,7.262853325737872],[40.839924452039952,7.266313340928845],[40.826742214626755,7.267019992404539],[40.823257785373286,7.270480007595511],[40.793408881293423,7.271186659071207],[40.789583333333354,7.274985419379366],[40.785757785373285,7.271186659071207],[40.772575547960088,7.270480007595511],[40.76875,7.266681247287352],[40.764924452039949,7.270480007595511],[40.7625,7.270833333333359],[40.760364956325972,7.270190599229626],[40.75079888237849,7.261998664008273],[40.749221123589429,7.246531168619817],[40.733333333333356,7.245833333333358],[40.71666666666669,7.245833333333358],[40.715815734863298,7.242517598470077],[40.710289510091165,7.241099378797768],[40.704913330078142,7.236932712131102],[40.692563035753061,7.238173760308185],[40.691666666666684,7.241666666666692],[40.685289510091167,7.241099378797768],[40.681377156575543,7.238067287868949],[40.676956176757834,7.236932712131102],[40.67304382324221,7.233900621202283],[40.668622843424501,7.232766045464435],[40.656377156575545,7.221400621202282],[40.651956176757835,7.220266045464435],[40.648043823242205,7.217233954535615],[40.643622843424502,7.216099378797768],[40.639710489908872,7.213067287868949],[40.62695617675783,7.211932712131102],[40.623043823242206,7.208900621202282],[40.609232923719638,7.20767211914065],[40.608333333333356,7.204166666666691],[40.604166666666686,7.204166666666691],[40.601742214626753,7.203813340928845],[40.596191406250021,7.198290167914521],[40.595833333333353,7.195833333333358],[40.591666666666683,7.195833333333358],[40.5875,7.195833333333358],[40.586649068196635,7.19914906819664],[40.580017598470072,7.20085093180341],[40.578253343370243,7.20772586398657],[40.547789510091164,7.208900621202282],[40.54387715657554,7.211932712131102],[40.535289510091168,7.213067287868949],[40.530134412977446,7.217062547471813],[40.528599378797765,7.223043823242213],[40.524020894368512,7.2285339355469],[40.5061228434245,7.229733954535615],[40.493877156575536,7.241099378797768],[40.488350931803403,7.242517598470077],[40.4875,7.245833333333358],[40.495833333333351,7.245833333333358],[40.496746656629796,7.249392530653237],[40.5125,7.25],[40.516666666666687,7.25],[40.517019992404535,7.252424452039955],[40.524646674262172,7.260075547960095],[40.525353325737868,7.264924452039956],[40.532980007595505,7.272575547960095],[40.533686659071201,7.285757785373289],[40.537146674262175,7.289242214626762],[40.537853325737863,7.29825778537329],[40.541313340928838,7.301742214626762],[40.542019992404533,7.306591118706622],[40.545480007595508,7.310075547960095],[40.545833333333356,7.3125],[40.545480007595508,7.314924452039957],[40.537853325737863,7.322575547960096],[40.537146674262175,7.327424452039956],[40.533686659071201,7.330908881293428],[40.533333333333353,7.333333333333359],[40.526742214626758,7.333686659071207],[40.523257785373282,7.337146674262179],[40.518408881293425,7.337853325737873],[40.514924452039949,7.341313340928846],[40.5125,7.341666666666693],[40.5125,7.34583333333336],[40.512146674262169,7.34825778537329],[40.506621466742644,7.353810797797335],[40.498287116156703,7.354519992404541],[40.494091118706613,7.350353325737873],[40.464953782823372,7.349646674262178],[40.460757785373282,7.353813340928846],[40.45833333333335,7.354166666666693],[40.458900621202275,7.343622843424505],[40.461932712131095,7.33971048990888],[40.463067287868945,7.335289510091172],[40.467233954535608,7.329913330078151],[40.465992906358522,7.317563035753064],[40.460289510091165,7.31609937879777],[40.452210489908872,7.308900621202283],[40.45,7.308333333333358],[40.449344041612434,7.300959777832057],[40.443877156575539,7.296400621202283],[40.438350931803406,7.294982401529973],[40.436932712131096,7.289456176757838],[40.433900621202277,7.285543823242213],[40.432766045464426,7.281122843424505],[40.429733954535607,7.27721048990888],[40.428315734863297,7.271684265136744],[40.42026604546443,7.269618394639783],[40.421400621202274,7.260289510091171],[40.424531216091601,7.25625],[40.421400621202274,7.25221048990888],[40.420833333333348,7.25],[40.421186659071196,7.243408881293428],[40.428813340928841,7.23575778537329],[40.429166666666688,7.233333333333358],[40.426918368869373,7.232803853352889],[40.414748297797324,7.221362813313827],[40.394892544216596,7.22030385335289],[40.388499281141513,7.2254820081923],[40.384105936686218,7.224113633897595],[40.383333333333354,7.220833333333358],[40.375899590386304,7.22017211914065],[40.375,7.216666666666692],[40.372789510091167,7.217233954535615],[40.368877156575536,7.220266045464435],[40.363350931803403,7.221684265136744],[40.361932712131093,7.227210489908879],[40.353583780924495,7.236580234103758],[40.347789510091161,7.238067287868949],[40.339710489908875,7.245266045464435],[40.33333333333335,7.245833333333358],[40.329166666666687,7.245833333333358],[40.328813340928839,7.252424452039955],[40.325353325737865,7.255908881293428],[40.324646674262169,7.273257785373289],[40.321186659071195,7.276742214626761],[40.320833333333354,7.283333333333359],[40.301956176757827,7.283900621202283],[40.298043823242203,7.286932712131102],[40.29251759847007,7.288350931803411],[40.29109937879776,7.293877156575546],[40.287104119194893,7.299032253689262],[40.281122843424498,7.300567287868949],[40.260543823242202,7.320266045464436],[40.258333333333347,7.32083333333336],[40.258686659071195,7.33575778537329],[40.262146674262169,7.339242214626762],[40.2625,7.354166666666693],[40.260327317979616,7.354771762424072],[40.248006015353752,7.366061570909315],[40.242369927300366,7.367631022135443],[40.240950520833351,7.382503594292562],[40.232792663574237,7.383938429090739],[40.227172682020417,7.379771762424071],[40.216666666666683,7.379166666666693],[40.209232923719632,7.378505452473984],[40.207482401529965,7.371684265136745],[40.201956176757832,7.370266045464436],[40.198043823242202,7.367233954535616],[40.186753336588559,7.366099378797769],[40.181377156575536,7.370266045464436],[40.176956176757827,7.371400621202284],[40.16471048990887,7.382766045464436],[40.131122843424492,7.383900621202283],[40.118877156575536,7.395266045464436],[40.111753336588556,7.396400621202283],[40.106241183810781,7.392128499348985],[40.0980438232422,7.399432712131103],[40.093622843424498,7.400567287868951],[40.089710489908867,7.40359937879777],[40.0875,7.404166666666693],[40.085075547960088,7.40451999240454],[40.081591118706612,7.407980007595512],[40.075,7.40833333333336],[40.074028354220935,7.41173180474178],[40.063235134548627,7.413302612304713],[40.0625,7.42083333333336],[40.055908881293419,7.421186659071207],[40.052424452039944,7.42464667426218],[40.029166666666683,7.425],[40.01666666666668,7.425],[40.008333333333347,7.425],[39.997575547960082,7.425353325737873],[39.994091118706613,7.428813340928846],[39.989242214626749,7.429519992404541],[39.985757785373281,7.432980007595512],[39.956620449490032,7.433686659071207],[39.952424452039942,7.429519992404541],[39.920833333333348,7.429166666666694],[39.920266045464423,7.426956176757839],[39.917233954535604,7.423043823242214],[39.915815734863294,7.417517598470079],[39.908916219075536,7.415746900770426],[39.900567287868938,7.406377156575547],[39.899338785807309,7.392566257052978],[39.892517598470064,7.390815734863308],[39.891666666666694,7.3875],[39.890508015950552,7.383447265625026],[39.88549363878041,7.379784308539523],[39.881173027886312,7.378549024793863],[39.877160305447077,7.375617641872856],[39.870947265625027,7.373841179741779],[39.867284138997427,7.368826802571641],[39.865859646267388,7.359038967556449],[39.847839694552981,7.35771569146053],[39.843826972113746,7.354784308539523],[39.841666666666697,7.354166666666693],[39.841099378797772,7.339456176757839],[39.82556728786895,7.323043823242213],[39.824032253689268,7.317062547471814],[39.818877156575553,7.313067287868949],[39.810289510091174,7.311932712131102],[39.80637715657555,7.308900621202283],[39.801956176757841,7.307766045464435],[39.798043823242217,7.304733954535616],[39.792517428927979,7.303315734863308],[39.790698920355929,7.296229214138481],[39.785543823242215,7.292233954535616],[39.781122843424505,7.291099378797769],[39.777210489908882,7.288067287868949],[39.772789510091172,7.286932712131102],[39.768877156575549,7.283900621202283],[39.763208685980935,7.282445949978325],[39.738067287868951,7.256377156575546],[39.736932712131107,7.251956176757838],[39.733900621202288,7.248043823242213],[39.733333333333363,7.241666666666692],[39.7125,7.241666666666692],[39.712146674262179,7.235075547960095],[39.704519992404542,7.227424452039956],[39.704166666666694,7.220833333333358],[39.701742214626762,7.221186659071206],[39.698257785373293,7.224646674262178],[39.694120279947946,7.225353325737872],[39.689924452039961,7.221186659071206],[39.6875,7.220833333333358],[39.686532253689265,7.217062547471813],[39.68137715657555,7.213067287868949],[39.675850762261312,7.211649068196639],[39.674086507161483,7.20477413601348],[39.65833333333336,7.204166666666691],[39.658900621202285,7.197789510091171],[39.661932712131104,7.193877156575546],[39.663161214192733,7.180066257052976],[39.666666666666693,7.179166666666692],[39.666666666666693,7.175],[39.667517428927979,7.171684265136744],[39.670833333333363,7.170833333333357],[39.669865587022599,7.167062547471813],[39.664710489908884,7.163067287868948],[39.660289510091175,7.161932712131101],[39.656377156575552,7.158900621202282],[39.650850762261314,7.157482401529972],[39.649432712131102,7.151956176757837],[39.642233954535619,7.143877156575545],[39.641666666666694,7.141666666666691],[39.642233954535619,7.139456176757837],[39.645266045464439,7.135543823242212],[39.646684095594644,7.130017428927976],[39.65331590440541,7.128315904405406],[39.654733954535615,7.12278951009117],[39.657766045464442,7.118877156575545],[39.658900621202285,7.106122843424503],[39.661932712131104,7.102210489908878],[39.663067287868955,7.09778951009117],[39.667233954535618,7.092413330078148],[39.666099378797774,7.089456176757837],[39.663067287868955,7.085543823242212],[39.661932712131104,7.081122843424503],[39.658900621202285,7.077210489908878],[39.65833333333336,7.05416666666669],[39.657766045464442,7.051956176757836],[39.654733954535615,7.048043823242211],[39.65331590440541,7.042517428927975],[39.65,7.041666666666691],[39.649344211154542,7.034293280707489],[39.643877156575549,7.029733954535613],[39.63945617675784,7.028599378797766],[39.635543823242216,7.025567287868947],[39.629827880859402,7.024100409613739],[39.629166666666691,7.016666666666691],[39.629733954535617,7.006122843424503],[39.633320109049507,7.00149570041235],[39.627210489908883,6.99640062120228],[39.621494547526069,6.994933742947072],[39.62026604546444,6.981122843424503],[39.617233954535621,6.977210489908877],[39.61609937879777,6.972789510091169],[39.608900621202288,6.964710489908877],[39.607429673936657,6.958978949652801],[39.593877156575552,6.94640062120228],[39.588350762261314,6.944982571072071],[39.5875,6.94166666666669],[39.587146674262179,6.935075547960093],[39.583686659071205,6.931591118706621],[39.583333333333364,6.929166666666689],[39.582672119140653,6.921732923719641],[39.575708346896732,6.919945949978321],[39.574432712131106,6.910289510091168],[39.571400621202287,6.906377156575543],[39.570833333333361,6.904166666666689],[39.564242214626766,6.903813340928842],[39.558691406250027,6.89829033745662],[39.558333333333358,6.895833333333355],[39.557980007595511,6.885075547960092],[39.554519992404543,6.88159111870662],[39.553813340928848,6.868408881293425],[39.550013902452285,6.864582655164953],[39.557980007595511,6.85659111870662],[39.558333333333358,6.854166666666689],[39.55,6.854166666666689],[39.545833333333363,6.854166666666689],[39.543408881293431,6.854519992404536],[39.539924452039955,6.857980007595508],[39.527453613281274,6.858686659071203],[39.523257785373289,6.854519992404536],[39.518408881293432,6.853813340928841],[39.514924452039956,6.850353325737869],[39.491666666666696,6.85],[39.4875,6.85],[39.4869327121311,6.847789510091168],[39.483900621202281,6.843877156575543],[39.482413736979197,6.838082885742209],[39.473043823242215,6.829733954535612],[39.467517428927977,6.828315904405404],[39.466666666666697,6.825],[39.466313340928849,6.818408881293425],[39.462853325737875,6.814924452039953],[39.462146674262179,6.805908881293425],[39.458686659071205,6.802424452039952],[39.457980007595509,6.797575547960092],[39.453813340928846,6.793379720052105],[39.454519992404542,6.785075547960091],[39.457980007595509,6.781591118706618],[39.458333333333357,6.779166666666688],[39.455908881293432,6.778813340928841],[39.444091118706623,6.767019992404535],[39.441666666666691,6.766666666666688],[39.440815904405412,6.763350762261306],[39.435289510091174,6.761932712131098],[39.43125,6.758801947699673],[39.425746663411488,6.763067287868945],[39.409237331814261,6.761855400933181],[39.40833333333336,6.758333333333354],[39.40416666666669,6.758333333333354],[39.401742214626765,6.758686659071202],[39.396189032660615,6.764212036132834],[39.395480007595509,6.773257785373286],[39.392019992404542,6.776742214626758],[39.391313340928846,6.781591118706618],[39.387853325737872,6.785075547960091],[39.387146674262176,6.789924452039952],[39.381623670789956,6.795475260416689],[39.376742214626759,6.796186659071202],[39.373257785373291,6.799646674262174]]]}},
{"type":"Feature","properties":{"name":"Juba","part":"upstream_of_somalia","area_km2":142136,"n_basins":1109},"geometry":{"type":"Polygon","coordinates":[[[38.573257785373286,4.174646674262169],[38.55662044949004,4.175353325737865],[38.552424452039951,4.171186659071197],[38.544120449490038,4.170480007595502],[38.539924452039948,4.174646674262169],[38.535075547960091,4.175353325737865],[38.53125,4.179152086046024],[38.527424452039952,4.175353325737865],[38.518408881293425,4.174646674262169],[38.514924452039949,4.171186659071197],[38.510787116156706,4.170480007595502],[38.506591118706616,4.174646674262169],[38.501742214626752,4.175353325737865],[38.494091118706613,4.182980007595503],[38.4857871161567,4.183686659071197],[38.481591118706618,4.179519992404531],[38.479166666666686,4.179166666666683],[38.476956176757831,4.179733954535607],[38.473043823242207,4.182766045464426],[38.468622843424498,4.183900621202273],[38.464710489908875,4.186932712131093],[38.442575920952706,4.188123575846371],[38.44078691270618,4.195094468858524],[38.432586669921896,4.196400621202274],[38.427210489908873,4.192233954535607],[38.422789510091164,4.19109937879776],[38.41875,4.187968614366336],[38.41471048990887,4.19109937879776],[38.411753336588561,4.192233954535607],[38.406377156575537,4.18806728786894],[38.393622843424495,4.186932712131093],[38.389710489908872,4.183900621202273],[38.3875,4.18333333333335],[38.385075547960085,4.183686659071197],[38.369091118706613,4.199646674262169],[38.360075547960086,4.200353325737864],[38.356591118706618,4.203813340928837],[38.351742214626753,4.204519992404531],[38.342024400499149,4.214211697048628],[38.341666666666683,4.216666666666684],[38.340815734863298,4.219982571072066],[38.335289510091165,4.221400621202275],[38.323043823242202,4.232766045464427],[38.31338738335505,4.234041680230051],[38.3125,4.2375],[38.310075547960089,4.23714667426217],[38.306591118706613,4.233686659071198],[38.301742214626756,4.232980007595503],[38.298257785373281,4.229519992404531],[38.293408881293416,4.228813340928836],[38.285416327582482,4.220846218533003],[38.269091118706612,4.23714667426217],[38.2625,4.2375],[38.261649068196633,4.240815904405399],[38.256122843424492,4.242233954535608],[38.246753099229615,4.250582885742205],[38.245266045464426,4.256377156575538],[38.242233954535607,4.260289510091163],[38.241099378797763,4.264710489908872],[38.238067287868944,4.268622843424497],[38.236932712131093,4.273043823242205],[38.233900621202274,4.27695617675783],[38.23276604546443,4.281377156575538],[38.229733954535604,4.285289510091163],[38.22859937879776,4.298043823242205],[38.225567287868941,4.30195617675783],[38.225,4.304166666666685],[38.224646674262168,4.323257785373282],[38.221186659071194,4.326742214626754],[38.220480007595505,4.331591118706616],[38.217019992404531,4.335075547960088],[38.216313340928835,4.339924452039948],[38.212853325737861,4.343408881293421],[38.2125,4.345833333333351],[38.212146674262172,4.360757785373282],[38.20834723578561,4.364584011501755],[38.216313340928835,4.372575547960087],[38.217019992404531,4.377424452039949],[38.220480007595505,4.380908881293421],[38.221186659071194,4.385757785373283],[38.224985419379358,4.389583333333352],[38.221186659071194,4.393408881293421],[38.220480007595505,4.398257785373282],[38.217019992404531,4.401742214626754],[38.216313340928835,4.406591118706616],[38.208686659071198,4.414242214626755],[38.20833333333335,4.420833333333352],[38.20833333333335,4.425],[38.207980007595502,4.427424452039949],[38.204519992404528,4.430908881293421],[38.203813340928839,4.435757785373283],[38.200353325737865,4.439242214626755],[38.2,4.445833333333352],[38.2125,4.445833333333352],[38.213350931803404,4.449149237738734],[38.218877156575537,4.450567287868942],[38.222789510091161,4.453599378797762],[38.235543823242203,4.454733954535609],[38.240920003255226,4.458900621202275],[38.243877156575536,4.457766045464428],[38.249253336588559,4.453599378797762],[38.256377156575539,4.454733954535609],[38.260289510091162,4.457766045464428],[38.264710489908872,4.458900621202275],[38.268622843424495,4.461932712131095],[38.27083333333335,4.4625],[38.271186659071198,4.464924452039949],[38.274646674262172,4.468408881293422],[38.275353325737868,4.47742445203995],[38.278813340928835,4.480908881293422],[38.279166666666683,4.495833333333353],[38.279166666666683,4.504166666666686],[38.282672119140642,4.50506625705297],[38.283333333333353,4.5125],[38.282980007595505,4.51492445203995],[38.279519992404531,4.518408881293422],[38.278813340928835,4.523257785373284],[38.275353325737868,4.526742214626756],[38.274646674262172,4.535757785373283],[38.271186659071198,4.539242214626755],[38.27083333333335,4.545833333333353],[38.286586676703578,4.546440972222242],[38.2875,4.55],[38.287853325737863,4.585757785373284],[38.293376498752188,4.59130859375002],[38.298257785373281,4.592019992404534],[38.307978481716596,4.601714409722242],[38.308333333333351,4.608333333333354],[38.307980007595503,4.610757785373284],[38.304519992404529,4.614242214626756],[38.303813340928833,4.619091118706617],[38.292019992404533,4.630908881293423],[38.291313340928838,4.63504638671877],[38.295819430881096,4.639584011501757],[38.287853325737863,4.64757554796009],[38.287146674262168,4.652424452039951],[38.279519992404531,4.660075547960091],[38.278813340928835,4.668379720052104],[38.282980007595505,4.67257554796009],[38.283686659071201,4.677424452039951],[38.287146674262168,4.680908881293424],[38.2875,4.691666666666688],[38.2875,4.695833333333354],[38.2875,4.716666666666688],[38.286838785807312,4.724100409613737],[38.281122843424498,4.725567287868945],[38.273043823242205,4.73276604546443],[38.268622843424495,4.733900621202278],[38.264710489908872,4.736932712131098],[38.260289510091162,4.738067287868945],[38.246736823187952,4.750645616319465],[38.245833333333351,4.754166666666688],[38.230908881293416,4.754519992404536],[38.219091118706615,4.766313340928841],[38.214242214626751,4.767019992404535],[38.206591118706612,4.774646674262174],[38.156618923611127,4.775353325737869],[38.150358072916681,4.769123670789952],[38.149646674262172,4.764242214626758],[38.144124518500448,4.758692423502625],[38.139951070149756,4.757980007595508],[38.131591118706616,4.766313340928841],[38.129166666666684,4.766666666666688],[38.128813340928836,4.769091118706619],[38.125014580620679,4.772916666666688],[38.128813340928836,4.776742214626758],[38.129519992404532,4.793379720052105],[38.125353325737862,4.797575547960092],[38.124646674262166,4.802424452039952],[38.117019992404529,4.810075547960091],[38.116666666666681,4.8125],[38.110075547960086,4.812853325737869],[38.098257785373278,4.824646674262175],[38.089953782823365,4.825353325737868],[38.085416327582479,4.820847574869814],[38.079522365993938,4.826712036132834],[38.078813340928832,4.835757785373286],[38.071186659071195,4.843408881293424],[38.070480007595499,4.85659111870662],[38.067019992404532,4.860075547960092],[38.066313340928836,4.864924452039952],[38.056621805826836,4.874642266167557],[38.054166666666696,4.875],[38.054519992404529,4.88159111870662],[38.058318752712687,4.885416666666689],[38.054519992404529,4.889242214626758],[38.053813340928833,4.90659111870662],[38.046186659071196,4.914242214626759],[38.045833333333363,4.916666666666689],[38.046186659071196,4.923257785373286],[38.053813340928833,4.930908881293425],[38.054166666666681,4.933333333333357],[38.054166666666681,4.9375],[38.053813340928833,4.939924452039953],[38.039954460991765,4.953808932834225],[38.0375,4.95416666666669],[38.037853325737863,4.960757785373287],[38.041313340928838,4.96424221462676],[38.042019992404526,4.98159111870662],[38.045480007595501,4.985075547960093],[38.046186659071196,4.998257785373287],[38.053813340928833,5.005908881293426],[38.054519992404529,5.019091118706621],[38.057980007595503,5.022575547960093],[38.058686659071199,5.03159111870662],[38.062146674262166,5.035075547960092],[38.062853325737862,5.044091118706621],[38.066313340928836,5.047575547960093],[38.067019992404532,5.064924452039954],[38.070480007595499,5.068408881293426],[38.071186659071195,5.073257785373288],[38.074646674262169,5.07674221462676],[38.075353325737865,5.085757785373287],[38.078813340928832,5.08924221462676],[38.07916666666668,5.1],[38.076956176757825,5.100567287868948],[38.073043823242202,5.103599378797767],[38.067517598470069,5.105017428927976],[38.0658157348633,5.111649237738739],[38.0625,5.1125],[38.061932712131089,5.114710489908878],[38.05890062120227,5.118622843424504],[38.057482401529967,5.12414923773874],[38.051956176757827,5.125567287868948],[38.048043823242203,5.128599378797768],[38.043622843424494,5.129733954535615],[38.03397081163196,5.138488769531275],[38.032766045464427,5.15510389539933],[38.04109937879776,5.164456176757837],[38.042233954535604,5.168877156575546],[38.045266045464423,5.172789510091171],[38.046400621202274,5.202210489908879],[38.049432712131093,5.206122843424504],[38.050567287868937,5.210543823242213],[38.053599378797756,5.214456176757837],[38.054733954535607,5.221770562065997],[38.046400621202274,5.231122843424505],[38.045833333333363,5.2375],[38.045266045464423,5.239710489908879],[38.038067287868941,5.247789510091171],[38.03693271213109,5.255103895399331],[38.045266045464423,5.264456176757838],[38.046541849772154,5.274112616644991],[38.053315734863297,5.275850931803411],[38.054733954535607,5.281377156575546],[38.057766045464426,5.285289510091172],[38.058333333333351,5.2875],[38.058333333333351,5.295833333333359],[38.062104119194892,5.296801079644123],[38.066099378797759,5.301956176757838],[38.067233954535602,5.335543823242213],[38.070266045464422,5.339456176757839],[38.071400621202272,5.343877156575546],[38.078599378797762,5.351956176757838],[38.080017598470064,5.357482401529975],[38.08333333333335,5.358333333333359],[38.083900621202275,5.368877156575547],[38.086932712131095,5.372789510091172],[38.088067287868938,5.381377156575548],[38.091197882758266,5.385416666666693],[38.088067287868938,5.38945617675784],[38.086932712131095,5.398043823242213],[38.082937452528228,5.40319892035593],[38.075850931803402,5.405017598470079],[38.074432712131092,5.410543823242215],[38.071400621202272,5.414456176757839],[38.070833333333347,5.45],[38.071186659071195,5.452424452039958],[38.074646674262169,5.45590888129343],[38.075353325737865,5.460757785373291],[38.078813340928832,5.464242214626763],[38.079519992404528,5.489212883843344],[38.075014580620675,5.49375],[38.078813340928832,5.497575547960096],[38.079519992404528,5.51837955051001],[38.075353325737865,5.522575547960097],[38.075,5.529166666666694],[38.07916666666668,5.529166666666694],[38.102424452039948,5.528813340928847],[38.110415988498282,5.520847235785618],[38.114242214626749,5.52464667426218],[38.123257785373283,5.525353325737875],[38.126742214626752,5.528813340928847],[38.135757785373279,5.529519992404541],[38.139242214626755,5.532980007595514],[38.14166666666668,5.533333333333361],[38.141099378797762,5.539710489908882],[38.137968783908434,5.54375],[38.141099378797762,5.547789510091174],[38.142233954535605,5.552210489908882],[38.149432712131095,5.560289510091174],[38.150661214192723,5.574100409613743],[38.156377156575537,5.575567287868951],[38.165963745117203,5.584262593587267],[38.167233954535604,5.593877156575549],[38.170266045464423,5.597789510091173],[38.170833333333348,5.6],[38.173043823242203,5.599432712131104],[38.176956176757827,5.596400621202285],[38.189710489908869,5.595266045464438],[38.193758816189252,5.592128499348986],[38.201956176757832,5.599432712131104],[38.206377156575535,5.600567287868952],[38.215729437934044,5.608900621202284],[38.218877156575537,5.607766045464437],[38.222789510091161,5.604733954535618],[38.228505452473975,5.60326707628041],[38.229166666666686,5.595833333333362],[38.231591118706618,5.596186659071209],[38.23714192708335,5.601709832085532],[38.237853325737866,5.606591118706625],[38.245819430881092,5.614582655164959],[38.242019992404529,5.618408881293432],[38.241313340928833,5.639924452039959],[38.237853325737866,5.643408881293431],[38.237146674262171,5.651715596516956],[38.245480007595503,5.660075547960098],[38.246186659071199,5.664924452039959],[38.249646674262166,5.668408881293431],[38.25,5.695833333333362],[38.253458150227878,5.696720716688397],[38.25473395453561,5.70637715657555],[38.257766045464429,5.710289510091174],[38.258900621202272,5.714710489908883],[38.266099378797762,5.722789510091175],[38.267233954535605,5.739710489908884],[38.270266045464425,5.743622843424508],[38.27083333333335,5.745833333333362],[38.270266045464425,5.75637715657555],[38.267135450575104,5.760416666666696],[38.270364549424933,5.764583333333363],[38.267233954535605,5.768622843424509],[38.266099378797762,5.771579996744821],[38.270266045464425,5.776956176757842],[38.271541849772156,5.786612616644994],[38.277210489908875,5.788067287868953],[38.282714165581616,5.792657131618953],[38.283333333333353,5.804166666666696],[38.284184265136737,5.807482401529978],[38.28971048990887,5.808900621202287],[38.299381679958785,5.817672559950116],[38.3,5.829166666666696],[38.297789510091164,5.82973395453562],[38.28971048990887,5.836932712131107],[38.286753336588561,5.838067287868954],[38.280134412977446,5.832937452528242],[38.278269958496111,5.825672743055586],[38.265816582573805,5.824432712131106],[38.258972676595072,5.830140177408884],[38.257766045464429,5.846579996744822],[38.2620312160916,5.852083333333363],[38.258900621202272,5.85612284342451],[38.257766045464429,5.864710489908884],[38.25473395453561,5.868622843424509],[38.253599378797759,5.871579996744822],[38.257766045464429,5.876956176757843],[38.258900621202272,5.888246663411488],[38.25473395453561,5.893622843424509],[38.253599378797759,5.904913330078156],[38.257766045464429,5.910289510091177],[38.258900621202272,5.914710489908884],[38.2627646552192,5.919696214464006],[38.254827880859395,5.921732923719649],[38.253599378797759,5.935543823242218],[38.250468783908438,5.939583333333364],[38.253599378797759,5.94362284342451],[38.25473395453561,5.956377156575552],[38.257766045464429,5.960289510091177],[38.258900621202272,5.964710489908885],[38.2627646552192,5.969696214464006],[38.256122843424492,5.971400621202288],[38.252210489908869,5.974432712131108],[38.25,5.975],[38.24914906819663,5.978315734863312],[38.245833333333351,5.979166666666698],[38.245833333333351,5.9875],[38.248257785373283,5.987853325737879],[38.253810967339426,5.993378872341611],[38.254519992404532,6.002424452039962],[38.257980007595506,6.005908881293434],[38.258686659071195,6.010757785373295],[38.262146674262169,6.014242214626767],[38.262853325737865,6.023257785373295],[38.266313340928839,6.026742214626768],[38.266666666666687,6.029166666666698],[38.273257785373282,6.029519992404546],[38.28714226616755,6.043378872341611],[38.2875,6.045833333333348],[38.287853325737863,6.056591118706613],[38.291652086046021,6.060416666666683],[38.287853325737863,6.064242214626752],[38.287146674262168,6.085046386718766],[38.291313340928838,6.089242214626752],[38.291666666666686,6.116666666666683],[38.29512481689455,6.117554050021718],[38.296400621202274,6.127210489908871],[38.299432712131093,6.131122843424496],[38.300567287868944,6.135543823242203],[38.311932712131096,6.147789510091162],[38.31320851643882,6.157445949978316],[38.318877156575539,6.158900621202274],[38.326956176757832,6.16609937879776],[38.335543823242205,6.167233954535607],[38.347789510091161,6.17859937879776],[38.354166666666686,6.179166666666683],[38.354166666666686,6.2],[38.354166666666686,6.204166666666683],[38.357482401529964,6.205017598470085],[38.359184265136733,6.211649068196648],[38.3625,6.2125],[38.363161214192729,6.219933742947082],[38.368877156575536,6.221400621202291],[38.372789510091167,6.22443271213111],[38.381377156575539,6.225567287868957],[38.385289510091162,6.228599378797776],[38.4,6.2291666666667],[38.4,6.23333333333335],[38.404166666666683,6.23333333333335],[38.40489773220488,6.240658569335954],[38.411554633246546,6.242612033420157],[38.413130187988301,6.247980753580746],[38.42020314534507,6.256185913085955],[38.421463521321634,6.260480753580747],[38.42436981201174,6.264519246419288],[38.425630187988297,6.26881408691408],[38.429663933648023,6.274419148763038],[38.428300815158437,6.287792290581615],[38.42298092312285,6.283963690863732],[38.413907708062084,6.28270297580297],[38.411869812011737,6.289647420247413],[38.408963521321631,6.293685913085955],[38.407703145345067,6.30631408691408],[38.404796854654968,6.310352579752622],[38.403536478678404,6.314647420247414],[38.400579833984395,6.318755764431442],[38.407703145345067,6.327019246419288],[38.408963521321631,6.33131408691408],[38.411869812011737,6.335352579752622],[38.413130187988301,6.34381408691408],[38.420253499348973,6.352077568901928],[38.417296854654964,6.356185913085955],[38.416666666666686,6.366666666666685],[38.41887715657554,6.367233954535608],[38.422789510091164,6.370266045464428],[38.431377156575536,6.371400621202275],[38.435289510091167,6.374432712131094],[38.4408157348633,6.375850762261303],[38.442517598470069,6.382482571072067],[38.449149068196633,6.384184095594637],[38.450567287868942,6.389710489908873],[38.453599378797762,6.393622843424497],[38.454733954535612,6.398043823242206],[38.457766045464425,6.401956176757831],[38.458900621202275,6.405103895399324],[38.450567287868942,6.414456176757831],[38.45,6.420833333333352],[38.453315734863303,6.421684095594637],[38.454733954535612,6.427210489908873],[38.457766045464425,6.431122843424498],[38.459301079644113,6.437103949652796],[38.464456176757828,6.441099378797762],[38.466666666666683,6.441666666666686],[38.467196146647154,6.44808146158856],[38.471869235568597,6.453512573242207],[38.480249701605921,6.454696316189255],[38.490565999348973,6.445319620768248],[38.495060729980487,6.446719699435783],[38.496362813313823,6.452248128255228],[38.511970520019553,6.468585205078144],[38.513029479980489,6.475940619574672],[38.508862813313819,6.481085205078144],[38.508333333333354,6.491666666666686],[38.505017598470069,6.492517428927971],[38.503599378797759,6.498043823242207],[38.492233954535607,6.510289510091165],[38.491666666666688,6.516666666666686],[38.487134128146721,6.51782972547745],[38.495266045464426,6.526956176757832],[38.496400621202277,6.531377156575541],[38.499432712131096,6.535289510091165],[38.500850931803406,6.540815904405402],[38.504166666666684,6.541666666666686],[38.507672119140643,6.542566257052971],[38.508333333333354,6.55],[38.510757785373286,6.550353325737866],[38.523283555772586,6.562853325737867],[38.527424452039952,6.562146674262173],[38.535075547960091,6.554519992404534],[38.545833333333356,6.554166666666687],[38.54526604546443,6.577210489908873],[38.542233954535611,6.581122843424499],[38.54109937879776,6.585543823242208],[38.533795166015643,6.593741183810784],[38.537895880805138,6.599032253689256],[38.54387715657554,6.600567287868944],[38.549295722113733,6.605086263020853],[38.550567287868944,6.614710489908875],[38.557871500651061,6.622907850477451],[38.554635450575105,6.627083333333354],[38.557766045464426,6.6311228434245],[38.558900621202277,6.639710489908874],[38.561932712131096,6.6436228434245],[38.563067287868947,6.648043823242208],[38.571416219075537,6.657413736979187],[38.578315734863303,6.659184095594639],[38.579733954535612,6.664710489908875],[38.599432712131097,6.685289510091167],[38.6,6.691666666666688],[38.599646674262175,6.698257785373285],[38.596186659071201,6.701742214626757],[38.595833333333353,6.725],[38.604166666666686,6.725],[38.604524739583354,6.727457004123285],[38.610416327582485,6.733319091796896],[38.614242214626756,6.729519992404535],[38.620833333333351,6.729166666666687],[38.625,6.729166666666687],[38.625850931803406,6.725850762261306],[38.629166666666684,6.725],[38.63248240152997,6.725850762261306],[38.633333333333354,6.729166666666687],[38.630017598470076,6.730017428927972],[38.629166666666684,6.733333333333354],[38.624432712131096,6.734548272026931],[38.62695617675783,6.736932712131098],[38.629166666666684,6.7375],[38.629166666666684,6.741666666666688],[38.629519992404532,6.752424452039952],[38.632980007595506,6.755908881293424],[38.633686659071202,6.764924452039952],[38.641313340928839,6.772575547960091],[38.641666666666687,6.783333333333355],[38.641666666666687,6.7875],[38.641099378797762,6.789710489908876],[38.638067287868942,6.793622843424501],[38.636791483561218,6.803279283311653],[38.6311228434245,6.804733954535612],[38.627210489908876,6.807766045464431],[38.621684265136736,6.80918409559464],[38.620833333333351,6.8125],[38.623257785373283,6.812853325737869],[38.626742214626759,6.816313340928842],[38.641666666666687,6.816666666666689],[38.648257785373282,6.817019992404536],[38.651742214626758,6.820480007595508],[38.656591118706615,6.821186659071202],[38.662141927083354,6.826709662543425],[38.662853325737871,6.831591118706619],[38.668376498752188,6.837141927083355],[38.673257785373281,6.83785332573787],[38.691309102376323,6.855879380967904],[38.691666666666684,6.858333333333356],[38.694091118706616,6.857980007595508],[38.698287116156706,6.853813340928841],[38.702424452039949,6.854519992404536],[38.706250678168423,6.858319430881099],[38.714951070149759,6.849646674262175],[38.719091118706615,6.850353325737869],[38.722575547960091,6.853813340928841],[38.731591118706618,6.854519992404536],[38.739242214626756,6.862146674262175],[38.752424452039953,6.86285332573787],[38.755908881293422,6.866313340928841],[38.764924452039949,6.867019992404536],[38.768408881293425,6.870480007595509],[38.770833333333357,6.870833333333356],[38.777424452039952,6.870480007595509],[38.780908881293421,6.867019992404536],[38.795833333333356,6.866666666666688],[38.798290167914516,6.866308593750022],[38.803813340928841,6.860757785373286],[38.804166666666688,6.845833333333355],[38.810757785373283,6.845480007595508],[38.818408881293422,6.83785332573787],[38.823257785373286,6.837146674262175],[38.826742214626755,6.833686659071203],[38.852424452039955,6.832980007595507],[38.855908881293423,6.829519992404536],[38.860757785373288,6.828813340928841],[38.864242214626756,6.825353325737868],[38.879166666666691,6.825],[38.880066257052974,6.82850545247398],[38.894933742947067,6.829827880859397],[38.896400621202275,6.83554382324221],[38.899432712131102,6.839456176757834],[38.900704277886305,6.849080403645855],[38.906122843424498,6.853599378797766],[38.910543823242207,6.854733954535613],[38.915920003255231,6.858900621202279],[38.92304382324221,6.857766045464432],[38.926956176757834,6.854733954535613],[38.943877156575546,6.853599378797766],[38.94778951009117,6.850567287868946],[38.956377156575542,6.849432712131098],[38.960289510091165,6.846400621202279],[38.964710489908875,6.845266045464432],[38.970086669921898,6.841099378797765],[38.973043823242207,6.842233954535612],[38.976956176757838,6.845266045464432],[38.98971048990888,6.846400621202279],[38.995086669921896,6.850567287868946],[39.007436794704887,6.849326239691862],[39.00890062120228,6.843622843424502],[39.016099378797769,6.83554382324221],[39.017517428927974,6.830017428927974],[39.023043823242212,6.828599378797765],[39.026956176757835,6.825567287868946],[39.054166666666688,6.825],[39.058333333333358,6.825],[39.077424452039956,6.824646674262175],[39.081620279947941,6.820480007595508],[39.085757785373289,6.821186659071202],[39.089242214626758,6.824646674262175],[39.108333333333356,6.825],[39.110757785373288,6.824646674262175],[39.118408881293426,6.817019992404536],[39.125,6.816666666666689],[39.129166666666691,6.816666666666689],[39.131591118706623,6.817019992404536],[39.135075547960092,6.820480007595508],[39.1375,6.820833333333355],[39.138161214192735,6.828267076280404],[39.141666666666694,6.829166666666689],[39.142517428927974,6.83248257107207],[39.14914923773874,6.83418409559464],[39.15,6.8375],[39.152424452039952,6.837146674262175],[39.156620279947944,6.832980007595507],[39.164924452039955,6.833686659071203],[39.16912027994794,6.83785332573787],[39.173257785373288,6.837146674262175],[39.176742214626763,6.833686659071203],[39.179166666666688,6.833333333333355],[39.186600409613739,6.833994547526064],[39.188387383355057,6.840958319769987],[39.198043823242209,6.842233954535612],[39.20195617675784,6.845266045464432],[39.204166666666694,6.845833333333355],[39.204519992404542,6.843408881293424],[39.207980007595509,6.839924452039952],[39.208691406250026,6.835042995876758],[39.214242214626758,6.829519992404536],[39.21666666666669,6.829166666666689],[39.229166666666693,6.829166666666689],[39.231591118706625,6.829519992404536],[39.235075547960093,6.832980007595507],[39.244091118706621,6.833686659071203],[39.247575547960096,6.837146674262175],[39.25,6.8375],[39.250850762261308,6.83418409559464],[39.254166666666691,6.833333333333355],[39.273257785373289,6.832980007595507],[39.276742214626765,6.829519992404536],[39.291666666666693,6.829166666666689],[39.292517428927979,6.825850762261306],[39.295833333333356,6.825],[39.306618245442735,6.824645657009571],[39.316313340928843,6.814924452039953],[39.31702473958336,6.810042995876758],[39.322575547960092,6.804519992404535],[39.325,6.804166666666688],[39.329166666666694,6.804166666666688],[39.356591118706625,6.803813340928841],[39.360075547960093,6.800353325737869],[39.373257785373291,6.799646674262174],[39.376742214626759,6.796186659071202],[39.381623670789956,6.795475260416689],[39.387146674262176,6.789924452039952],[39.387853325737872,6.785075547960091],[39.391313340928846,6.781591118706618],[39.392019992404542,6.776742214626758],[39.395480007595509,6.773257785373286],[39.396189032660615,6.764212036132834],[39.401742214626765,6.758686659071202],[39.40416666666669,6.758333333333354],[39.40833333333336,6.758333333333354],[39.409237331814261,6.761855400933181],[39.425746663411488,6.763067287868945],[39.43125,6.758801947699673],[39.435289510091174,6.761932712131098],[39.440815904405412,6.763350762261306],[39.441666666666691,6.766666666666688],[39.444091118706623,6.767019992404535],[39.455908881293432,6.778813340928841],[39.458333333333357,6.779166666666688],[39.457980007595509,6.781591118706618],[39.454519992404542,6.785075547960091],[39.453813340928846,6.793379720052105],[39.457980007595509,6.797575547960092],[39.458686659071205,6.802424452039952],[39.462146674262179,6.805908881293425],[39.462853325737875,6.814924452039953],[39.466313340928849,6.818408881293425],[39.466666666666697,6.825],[39.467517428927977,6.828315904405404],[39.473043823242215,6.829733954535612],[39.482413736979197,6.838082885742209],[39.483900621202281,6.843877156575543],[39.4869327121311,6.847789510091168],[39.4875,6.85],[39.491666666666696,6.85],[39.514924452039956,6.850353325737869],[39.518408881293432,6.853813340928841],[39.523257785373289,6.854519992404536],[39.527453613281274,6.858686659071203],[39.539924452039955,6.857980007595508],[39.543408881293431,6.854519992404536],[39.545833333333363,6.854166666666689],[39.55,6.854166666666689],[39.558333333333358,6.854166666666689],[39.557980007595511,6.85659111870662],[39.550013902452285,6.864582655164953],[39.553813340928848,6.868408881293425],[39.554519992404543,6.88159111870662],[39.557980007595511,6.885075547960092],[39.558333333333358,6.895833333333355],[39.558691406250027,6.89829033745662],[39.564242214626766,6.903813340928842],[39.570833333333361,6.904166666666689],[39.571400621202287,6.906377156575543],[39.574432712131106,6.910289510091168],[39.575708346896732,6.919945949978321],[39.582672119140653,6.921732923719641],[39.583333333333364,6.929166666666689],[39.583686659071205,6.931591118706621],[39.587146674262179,6.935075547960093],[39.5875,6.94166666666669],[39.588350762261314,6.944982571072071],[39.593877156575552,6.94640062120228],[39.607429673936657,6.958978949652801],[39.608900621202288,6.964710489908877],[39.61609937879777,6.972789510091169],[39.617233954535621,6.977210489908877],[39.62026604546444,6.981122843424503],[39.621494547526069,6.994933742947072],[39.627210489908883,6.99640062120228],[39.633320109049507,7.00149570041235],[39.629733954535617,7.006122843424503],[39.629166666666691,7.016666666666691],[39.629827880859402,7.024100409613739],[39.635543823242216,7.025567287868947],[39.63945617675784,7.028599378797766],[39.643877156575549,7.029733954535613],[39.649344211154542,7.034293280707489],[39.65,7.041666666666691],[39.65331590440541,7.042517428927975],[39.654733954535615,7.048043823242211],[39.657766045464442,7.051956176757836],[39.65833333333336,7.05416666666669],[39.658900621202285,7.077210489908878],[39.661932712131104,7.081122843424503],[39.663067287868955,7.085543823242212],[39.666099378797774,7.089456176757837],[39.667233954535618,7.092413330078148],[39.663067287868955,7.09778951009117],[39.661932712131104,7.102210489908878],[39.658900621202285,7.106122843424503],[39.657766045464442,7.118877156575545],[39.654733954535615,7.12278951009117],[39.65331590440541,7.128315904405406],[39.646684095594644,7.130017428927976],[39.645266045464439,7.135543823242212],[39.642233954535619,7.139456176757837],[39.641666666666694,7.141666666666691],[39.642233954535619,7.143877156575545],[39.649432712131102,7.151956176757837],[39.650850762261314,7.157482401529972],[39.656377156575552,7.158900621202282],[39.660289510091175,7.161932712131101],[39.664710489908884,7.163067287868948],[39.669865587022599,7.167062547471813],[39.670833333333363,7.170833333333357],[39.667517428927979,7.171684265136744],[39.666666666666693,7.175],[39.666666666666693,7.179166666666692],[39.663161214192733,7.180066257052976],[39.661932712131104,7.193877156575546],[39.658900621202285,7.197789510091171],[39.65833333333336,7.204166666666691],[39.674086507161483,7.20477413601348],[39.675850762261312,7.211649068196639],[39.68137715657555,7.213067287868949],[39.686532253689265,7.217062547471813],[39.6875,7.220833333333358],[39.689924452039961,7.221186659071206],[39.694120279947946,7.225353325737872],[39.698257785373293,7.224646674262178],[39.701742214626762,7.221186659071206],[39.704166666666694,7.220833333333358],[39.704519992404542,7.227424452039956],[39.712146674262179,7.235075547960095],[39.7125,7.241666666666692],[39.733333333333363,7.241666666666692],[39.733900621202288,7.248043823242213],[39.736932712131107,7.251956176757838],[39.738067287868951,7.256377156575546],[39.763208685980935,7.282445949978325],[39.768877156575549,7.283900621202283],[39.772789510091172,7.286932712131102],[39.777210489908882,7.288067287868949],[39.781122843424505,7.291099378797769],[39.785543823242215,7.292233954535616],[39.790698920355929,7.296229214138481],[39.792517428927979,7.303315734863308],[39.798043823242217,7.304733954535616],[39.801956176757841,7.307766045464435],[39.80637715657555,7.308900621202283],[39.810289510091174,7.311932712131102],[39.818877156575553,7.313067287868949],[39.824032253689268,7.317062547471814],[39.82556728786895,7.323043823242213],[39.841099378797772,7.339456176757839],[39.841666666666697,7.354166666666693],[39.843826972113746,7.354784308539523],[39.847839694552981,7.35771569146053],[39.865859646267388,7.359038967556449],[39.867284138997427,7.368826802571641],[39.870947265625027,7.373841179741779],[39.877160305447077,7.375617641872856],[39.881173027886312,7.378549024793863],[39.88549363878041,7.379784308539523],[39.890508015950552,7.383447265625026],[39.891666666666694,7.3875],[39.892517598470064,7.390815734863308],[39.899338785807309,7.392566257052978],[39.900567287868938,7.406377156575547],[39.908916219075536,7.415746900770426],[39.915815734863294,7.417517598470079],[39.917233954535604,7.423043823242214],[39.920266045464423,7.426956176757839],[39.920833333333348,7.429166666666694],[39.952424452039942,7.429519992404541],[39.956620449490032,7.433686659071207],[39.985757785373281,7.432980007595512],[39.989242214626749,7.429519992404541],[39.994091118706613,7.428813340928846],[39.997575547960082,7.425353325737873],[40.008333333333347,7.425],[40.01666666666668,7.425],[40.029166666666683,7.425],[40.052424452039944,7.42464667426218],[40.055908881293419,7.421186659071207],[40.0625,7.42083333333336],[40.063235134548627,7.413302612304713],[40.074028354220935,7.41173180474178],[40.075,7.40833333333336],[40.081591118706612,7.407980007595512],[40.085075547960088,7.40451999240454],[40.0875,7.404166666666693],[40.089710489908867,7.40359937879777],[40.093622843424498,7.400567287868951],[40.0980438232422,7.399432712131103],[40.106241183810781,7.392128499348985],[40.111753336588556,7.396400621202283],[40.118877156575536,7.395266045464436],[40.131122843424492,7.383900621202283],[40.16471048990887,7.382766045464436],[40.176956176757827,7.371400621202284],[40.181377156575536,7.370266045464436],[40.186753336588559,7.366099378797769],[40.198043823242202,7.367233954535616],[40.201956176757832,7.370266045464436],[40.207482401529965,7.371684265136745],[40.209232923719632,7.378505452473984],[40.216666666666683,7.379166666666693],[40.227172682020417,7.379771762424071],[40.232792663574237,7.383938429090739],[40.240950520833351,7.382503594292562],[40.242369927300366,7.367631022135443],[40.248006015353752,7.366061570909315],[40.260327317979616,7.354771762424072],[40.2625,7.354166666666693],[40.262146674262169,7.339242214626762],[40.258686659071195,7.33575778537329],[40.258333333333347,7.32083333333336],[40.260543823242202,7.320266045464436],[40.281122843424498,7.300567287868949],[40.287104119194893,7.299032253689262],[40.29109937879776,7.293877156575546],[40.29251759847007,7.288350931803411],[40.298043823242203,7.286932712131102],[40.301956176757827,7.283900621202283],[40.320833333333354,7.283333333333359],[40.321186659071195,7.276742214626761],[40.324646674262169,7.273257785373289],[40.325353325737865,7.255908881293428],[40.328813340928839,7.252424452039955],[40.329166666666687,7.245833333333358],[40.33333333333335,7.245833333333358],[40.339710489908875,7.245266045464435],[40.347789510091161,7.238067287868949],[40.353583780924495,7.236580234103758],[40.361932712131093,7.227210489908879],[40.363350931803403,7.221684265136744],[40.368877156575536,7.220266045464435],[40.372789510091167,7.217233954535615],[40.375,7.216666666666692],[40.375899590386304,7.22017211914065],[40.383333333333354,7.220833333333358],[40.384105936686218,7.224113633897595],[40.388499281141513,7.2254820081923],[40.394892544216596,7.22030385335289],[40.414748297797324,7.221362813313827],[40.426918368869373,7.232803853352889],[40.429166666666688,7.233333333333358],[40.431591118706613,7.233686659071205],[40.439582655164948,7.241652764214435],[40.443408881293422,7.237853325737873],[40.452424452039949,7.237146674262178],[40.456250678168423,7.233347235785615],[40.464242214626758,7.241313340928844],[40.469091118706615,7.242019992404539],[40.473287116156705,7.246186659071206],[40.477424452039948,7.245480007595511],[40.48125,7.241681247287351],[40.485075547960086,7.245480007595511],[40.4875,7.245833333333358],[40.488350931803403,7.242517598470077],[40.493877156575536,7.241099378797768],[40.5061228434245,7.229733954535615],[40.524020894368512,7.2285339355469],[40.528599378797765,7.223043823242213],[40.530134412977446,7.217062547471813],[40.535289510091168,7.213067287868949],[40.54387715657554,7.211932712131102],[40.547789510091164,7.208900621202282],[40.578253343370243,7.20772586398657],[40.580017598470072,7.20085093180341],[40.586649068196635,7.19914906819664],[40.5875,7.195833333333358],[40.591666666666683,7.195833333333358],[40.595833333333353,7.195833333333358],[40.596191406250021,7.198290167914521],[40.601742214626753,7.203813340928845],[40.604166666666686,7.204166666666691],[40.608333333333356,7.204166666666691],[40.609232923719638,7.20767211914065],[40.623043823242206,7.208900621202282],[40.62695617675783,7.211932712131102],[40.639710489908872,7.213067287868949],[40.643622843424502,7.216099378797768],[40.648043823242205,7.217233954535615],[40.651956176757835,7.220266045464435],[40.656377156575545,7.221400621202282],[40.668622843424501,7.232766045464435],[40.67304382324221,7.233900621202283],[40.676956176757834,7.236932712131102],[40.681377156575543,7.238067287868949],[40.685289510091167,7.241099378797768],[40.691666666666684,7.241666666666692],[40.692563035753061,7.238173760308185],[40.704913330078142,7.236932712131102],[40.710289510091165,7.241099378797768],[40.715815734863298,7.242517598470077],[40.71666666666669,7.245833333333358],[40.733333333333356,7.245833333333358],[40.749221123589429,7.246531168619817],[40.75079888237849,7.261998664008273],[40.760364956325972,7.270190599229626],[40.7625,7.270833333333359],[40.764924452039949,7.270480007595511],[40.76875,7.266681247287352],[40.772575547960088,7.270480007595511],[40.785757785373285,7.271186659071207],[40.789583333333354,7.274985419379366],[40.793408881293423,7.271186659071207],[40.823257785373286,7.270480007595511],[40.826742214626755,7.267019992404539],[40.839924452039952,7.266313340928845],[40.843408881293428,7.262853325737872],[40.852424452039955,7.262146674262178],[40.860075547960093,7.254519992404539],[40.883333333333354,7.254166666666692],[40.886649237738737,7.253315734863307],[40.8875,7.25],[40.894091118706619,7.249646674262178],[40.897575547960088,7.246186659071206],[40.9,7.245833333333358],[40.90416666666669,7.245833333333358],[40.903543090820335,7.234242587619383],[40.897789510091165,7.232766045464435],[40.893877156575542,7.229733954535615],[40.891666666666687,7.229166666666692],[40.891666666666687,7.2125],[40.895719401041688,7.211341179741778],[40.899382527669296,7.20632680257164],[40.900794135199675,7.196627468533011],[40.911528184678843,7.195065138075112],[40.913426378038217,7.188426378038219],[40.920719401041687,7.186341179741778],[40.924382527669295,7.18132680257164],[40.92561747233075,7.177006530761743],[40.928549194335957,7.172993469238306],[40.930245632595508,7.1670593261719],[40.947907172309051,7.150554741753497],[40.952006361219638,7.153549194335962],[40.960493638780406,7.154784138997421],[40.964506361219641,7.157715691460528],[40.968826972113739,7.158950975206188],[40.977006361219644,7.166049024793861],[40.979166666666693,7.166666666666691],[40.979827880859396,7.159232923719642],[40.98554382324221,7.157766045464435],[40.993622843424504,7.150567287868948],[40.99932284884985,7.149104478624157],[41.016099378797769,7.131377156575545],[41.016666666666687,7.129166666666691],[41.023286946614604,7.128811645507836],[41.028813340928842,7.123257785373289],[41.02916666666669,7.120833333333358],[41.035543823242207,7.120266045464434],[41.043622843424501,7.113067287868947],[41.049149237738739,7.111649237738739],[41.050850762261305,7.105017428927976],[41.056377156575543,7.103599378797767],[41.0686228434245,7.092233954535614],[41.075,7.091666666666691],[41.074646674262176,7.085075547960093],[41.070480007595506,7.080879720052107],[41.071186659071202,7.068408881293426],[41.075353325737872,7.064213053385441],[41.074646674262176,7.060075547960093],[41.070847913954019,7.05625],[41.075353325737872,7.05171305338544],[41.074646674262176,7.043408881293427],[41.070480007595506,7.03921305338544],[41.071186659071202,7.035075547960092],[41.074646674262176,7.03159111870662],[41.075353325737872,7.022575547960093],[41.078813340928846,7.019091118706621],[41.079519992404535,7.005908881293426],[41.082980007595509,7.002424452039953],[41.083686659071205,6.997575547960093],[41.087146674262179,6.994091118706621],[41.087853325737868,6.98924221462676],[41.095480007595512,6.98159111870662],[41.09583333333336,6.979166666666689],[41.1,6.979166666666689],[41.111502414279535,6.978489515516516],[41.113117472330757,6.972839694552974],[41.13271586100263,6.952160305447071],[41.134259711371548,6.94675971137155],[41.139660305447073,6.945215861002627],[41.143673027886308,6.942284138997419],[41.149073621961833,6.940740288628495],[41.150617472330751,6.935339694552974],[41.153549194335959,6.931326972113737],[41.154901801215303,6.917469278971376],[41.1660098605686,6.915852525499155],[41.166666666666693,6.895833333333355],[41.170172119140652,6.894933742947071],[41.170833333333356,6.8875],[41.173257785373288,6.887146674262175],[41.176742214626763,6.883686659071203],[41.185757785373291,6.882980007595508],[41.189242214626759,6.879519992404536],[41.194091118706623,6.878813340928842],[41.197575547960092,6.875353325737869],[41.206591118706619,6.874646674262175],[41.210075547960095,6.871186659071203],[41.22083333333336,6.870833333333356],[41.223290337456625,6.871191406250022],[41.228813340928845,6.876742214626758],[41.229524739583361,6.881623670789953],[41.235075547960093,6.887146674262175],[41.2375,6.8875],[41.239924452039958,6.887146674262175],[41.243408881293426,6.883686659071203],[41.256591118706623,6.882980007595508],[41.260075547960092,6.879519992404536],[41.266666666666694,6.87916666666669],[41.28333333333336,6.87916666666669],[41.3,6.87916666666669],[41.299646674262178,6.872575547960092],[41.29584791395402,6.86875],[41.299646674262178,6.864924452039952],[41.300353325737873,6.851742214626759],[41.308319430881099,6.843750678168425],[41.304519992404536,6.839924452039952],[41.303813340928848,6.835075547960091],[41.299646674262178,6.830879720052105],[41.300353325737873,6.826742214626758],[41.320480007595513,6.806591118706619],[41.321186659071209,6.801742214626758],[41.324646674262176,6.798257785373286],[41.325353325737872,6.793408881293424],[41.337146674262179,6.781591118706618],[41.3375,6.779166666666688],[41.356591118706625,6.778813340928841],[41.360075547960093,6.775353325737869],[41.383333333333361,6.775],[41.398257785373289,6.774646674262174],[41.401742214626765,6.771186659071202],[41.414924452039955,6.770480007595507],[41.418408881293431,6.767019992404535],[41.420833333333363,6.766666666666688],[41.420833333333363,6.7625],[41.421186659071211,6.751742214626757],[41.424646674262178,6.748257785373285],[41.425,6.745833333333355],[41.428505452473985,6.74493374294707],[41.429166666666696,6.7375],[41.429733954535614,6.735289510091167],[41.436932712131103,6.727210489908876],[41.438067287868947,6.722789510091166],[41.441099378797773,6.718877156575542],[41.442634412977455,6.712896050347243],[41.44778951009117,6.708900621202278],[41.453505452473983,6.707433742947069],[41.454733954535619,6.6936228434245],[41.457766045464439,6.689710489908875],[41.458900621202282,6.685289510091167],[41.461932712131102,6.681377156575541],[41.4625,6.679166666666688],[41.460339694552978,6.678549194335958],[41.456326972113743,6.67561747233075],[41.446483018663223,6.674184841579882],[41.445833333333361,6.65],[41.44939744737416,6.649085489908875],[41.45056728786895,6.614456176757832],[41.457766045464439,6.606377156575541],[41.458333333333357,6.604166666666687],[41.447575547960099,6.60381334092884],[41.437854682074679,6.594118923611131],[41.437146674262181,6.580908881293423],[41.433686659071206,6.577424452039951],[41.432980007595511,6.560075547960089],[41.429519992404543,6.556591118706617],[41.428813340928848,6.551742214626756],[41.425353325737873,6.548257785373284],[41.425,6.545833333333353],[41.425353325737873,6.530908881293422],[41.428813340928848,6.52742445203995],[41.429519992404543,6.52257554796009],[41.432980007595511,6.519091118706617],[41.433686659071206,6.514242214626755],[41.437486097547769,6.510415988498283],[41.428813340928848,6.501715766059047],[41.429519992404543,6.472575547960089],[41.437146674262181,6.464924452039949],[41.437853325737876,6.460075547960088],[41.445480007595513,6.452424452039949],[41.445833333333361,6.45],[41.448257785373293,6.449646674262172],[41.451742214626762,6.446186659071199],[41.460757785373289,6.445480007595505],[41.464242214626765,6.442019992404532],[41.469091118706622,6.441313340928838],[41.472575547960098,6.437853325737866],[41.477424452039955,6.437146674262172],[41.480908881293431,6.433686659071199],[41.483333333333363,6.433333333333352],[41.498257785373291,6.433686659071199],[41.502453613281276,6.437853325737866],[41.506591118706623,6.437146674262172],[41.510075547960099,6.433686659071199],[41.523257785373289,6.432980007595505],[41.530908881293428,6.425353325737866],[41.535757785373292,6.424646674262172],[41.539242214626761,6.421186659071199],[41.566666666666691,6.420833333333352],[41.567233954535617,6.410289510091165],[41.570266045464436,6.406377156575539],[41.571801079644125,6.400396050347241],[41.57695617675784,6.396400621202275],[41.582482571072077,6.394982571072067],[41.583333333333364,6.391666666666685],[41.583333333333364,6.3875],[41.5875,6.3875],[41.6,6.3875],[41.603315904405406,6.386649237738734],[41.604166666666693,6.383333333333352],[41.604166666666693,6.379166666666685],[41.604166666666693,6.375],[41.607672119140652,6.374100409613733],[41.608333333333363,6.366666666666685],[41.608333333333363,6.3625],[41.608686659071211,6.360075547960088],[41.612146674262178,6.356591118706616],[41.612853325737873,6.347575547960087],[41.624646674262181,6.335757785373282],[41.625353325737876,6.330908881293421],[41.628813340928851,6.327424452039948],[41.629519992404539,6.31840888129342],[41.637853325737872,6.310049099392379],[41.637146674262183,6.301742214626754],[41.633686659071209,6.298257785373282],[41.632980007595513,6.289242214626753],[41.628813340928851,6.285046386718768],[41.629519992404539,6.280908881293421],[41.637146674262183,6.273257785373281],[41.637853325737872,6.264242214626753],[41.649646674262179,6.252424452039948],[41.65,6.25],[41.660757785373292,6.24964667426217],[41.668408881293431,6.242019992404531],[41.673257785373295,6.241313340928837],[41.676742214626763,6.237853325737865],[41.679166666666696,6.2375],[41.6875,6.2375],[41.6875,6.23333333333335],[41.695833333333361,6.23333333333335],[41.696186659071209,6.222575547960087],[41.699646674262183,6.219091118706615],[41.7,6.216666666666684],[41.7,6.2125],[41.7,6.20833333333335],[41.703559027777807,6.207419840494809],[41.704166666666694,6.191666666666683],[41.707624647352461,6.190779283311665],[41.732766045464437,6.164710489908886],[41.734036254882838,6.155095926920605],[41.743622843424511,6.146400621202289],[41.753279283311663,6.145124816894564],[41.754166666666698,6.141666666666699],[41.756591118706623,6.141313340928852],[41.760075547960099,6.137853325737879],[41.764924452039956,6.137146674262185],[41.768408881293432,6.133686659071213],[41.773257785373296,6.132980007595519],[41.776742214626765,6.129519992404546],[41.789924452039962,6.128813340928851],[41.793408881293431,6.12535332573788],[41.798257785373295,6.124646674262185],[41.805908881293433,6.117019992404546],[41.810757785373291,6.116313340928851],[41.818408881293429,6.108686659071212],[41.825,6.108333333333365],[41.825899590386314,6.111838785807324],[41.833333333333364,6.1125],[41.841666666666697,6.1125],[41.841666666666697,6.108333333333365],[41.857419840494821,6.107725863986577],[41.859252929687528,6.100582885742219],[41.868622843424511,6.092233954535622],[41.874376424153674,6.090757412380674],[41.875567287868954,6.068622843424511],[41.878599378797773,6.064710489908886],[41.880017428927978,6.05918426513675],[41.886649237738744,6.057482401529979],[41.888419596354197,6.050582885742219],[41.897789510091172,6.042233954535622],[41.902210489908882,6.041099378797774],[41.906122843424512,6.038067287868955],[41.910543823242215,6.036932712131108],[41.914456176757845,6.033900621202289],[41.928206719292568,6.032677374945778],[41.93276604546444,6.027210489908885],[41.934184095594645,6.02168426513675],[41.940815904405412,6.01998240152998],[41.942517428927985,6.013350931803417],[41.949417114257841,6.011580234103764],[41.957766045464439,6.002210489908886],[41.958333333333364,6.0],[41.9625,6.0],[41.963637288411491,6.004431321885882],[41.96875,6.000468783908452],[41.972789510091175,6.003599378797775],[41.9791666666667,6.004166666666698],[41.99075741238066,6.003543090820328],[41.991666666666681,6.0],[41.992517598470066,5.99668426513675],[41.99914906819663,5.994982401529979],[42.00056728786894,5.989456176757844],[42.011932712131092,5.977210489908885],[42.013067287868935,5.968622843424511],[42.016099378797762,5.964710489908885],[42.017233954535605,5.960289510091177],[42.024432712131095,5.952210489908885],[42.025567287868938,5.94362284342451],[42.028599378797757,5.939710489908885],[42.029733954535608,5.926956176757843],[42.04109937879776,5.914710489908884],[42.042634412977449,5.908729214138486],[42.047789510091164,5.904733954535621],[42.05,5.904166666666697],[42.052424452039944,5.90381334092885],[42.055908881293419,5.900353325737878],[42.0625,5.9],[42.075,5.9],[42.075353325737865,5.889242214626766],[42.079519992404528,5.885046217176679],[42.078813340928832,5.8725755479601],[42.070480007595499,5.864215596516957],[42.071186659071195,5.851742214626766],[42.074646674262169,5.848257785373294],[42.075353325737865,5.843408881293433],[42.078813340928832,5.839924452039961],[42.079166666666701,5.829166666666696],[42.085787116156702,5.828811815049943],[42.091313340928835,5.823257785373293],[42.092022365993941,5.814212205674943],[42.097575547960083,5.80868665907121],[42.1107871161567,5.80797848171661],[42.116313340928833,5.80242445203996],[42.117019992404529,5.797575547960099],[42.125353325737862,5.789215596516957],[42.124644978841161,5.776712883843345],[42.119091118706613,5.77118665907121],[42.116666666666681,5.770833333333362],[42.116666666666681,5.741666666666696],[42.127424452039946,5.742019992404543],[42.130908881293422,5.745480007595516],[42.135757785373279,5.74618665907121],[42.139242214626755,5.749646674262182],[42.14166666666668,5.75],[42.14166666666668,5.7375],[42.145437452528228,5.736532253689266],[42.149432712131095,5.73137715657555],[42.150850931803404,5.725850931803414],[42.154166666666683,5.725],[42.16887715657554,5.724432712131105],[42.172789510091164,5.721400621202286],[42.181377156575536,5.720266045464439],[42.197789510091162,5.704733954535619],[42.206377156575535,5.703599378797772],[42.210289510091165,5.700567287868953],[42.215958150227884,5.699112616644994],[42.217233954535608,5.689456176757841],[42.220266045464427,5.685543823242217],[42.220833333333353,5.679166666666696],[42.228267076280396,5.678505452473987],[42.229166666666686,5.675],[42.233333333333348,5.675],[42.234184265136733,5.671684265136747],[42.2375,5.670833333333362],[42.238105095757398,5.668660651312963],[42.241061570909302,5.664672682020428],[42.24277581108943,5.658516777886313],[42.24782731797962,5.654771762424074],[42.253983222113732,5.653057522243952],[42.258938429090726,5.646374003092476],[42.257728237575975,5.643660651312962],[42.253561570909305,5.638040669759143],[42.25499640570748,5.629882812500028],[42.2625,5.629166666666695],[42.262853325737865,5.614242214626764],[42.270480007595502,5.606591118706625],[42.27083333333335,5.591666666666695],[42.273043823242205,5.591099378797772],[42.282396104600714,5.582766045464437],[42.285543823242207,5.583900621202285],[42.290920003255223,5.588067287868951],[42.298043823242203,5.586932712131104],[42.306122843424497,5.579733954535618],[42.315779283311649,5.578458150227893],[42.316666666666684,5.575],[42.320833333333354,5.575],[42.325,5.575],[42.339924452039945,5.574646674262181],[42.347575547960091,5.567019992404542],[42.358333333333348,5.566666666666695],[42.359184265136733,5.569982401529976],[42.3625,5.570833333333361],[42.364924452039951,5.571186659071208],[42.372575547960089,5.578813340928847],[42.377424452039946,5.579519992404542],[42.381620449490036,5.583686659071208],[42.394091118706612,5.582980007595514],[42.401742214626751,5.575353325737876],[42.414924452039948,5.574646674262181],[42.41875,5.570847913954021],[42.422575547960086,5.574646674262181],[42.427424452039951,5.575353325737876],[42.430908881293419,5.578813340928847],[42.445833333333354,5.579166666666694],[42.446186659071202,5.576742214626764],[42.462146674262172,5.560757785373291],[42.462853325737868,5.55590888129343],[42.470480007595505,5.548257785373291],[42.470833333333353,5.5375],[42.473043823242207,5.536932712131104],[42.476956176757831,5.533900621202284],[42.493877156575536,5.532766045464437],[42.499253336588559,5.528599378797771],[42.506377156575539,5.529733954535618],[42.511753336588562,5.533900621202284],[42.518877156575542,5.532766045464437],[42.522789510091165,5.529733954535618],[42.531377156575537,5.528599378797771],[42.535289510091168,5.525567287868951],[42.54494594997832,5.524291483561226],[42.545833333333356,5.520833333333361],[42.545480007595508,5.489242214626763],[42.541681247287343,5.485416666666694],[42.546186659071196,5.48087955051001],[42.545480007595508,5.476742214626763],[42.542019992404533,5.473257785373291],[42.541313340928838,5.464242214626763],[42.537853325737863,5.460757785373291],[42.5375,5.458333333333361],[42.536649068196631,5.455017598470079],[42.533333333333353,5.454166666666694],[42.532766045464427,5.45195617675784],[42.529733954535608,5.448043823242214],[42.528198920355919,5.442062547471815],[42.523043823242205,5.43806728786895],[42.517517598470072,5.436649068196641],[42.516099378797762,5.431122843424506],[42.508900621202272,5.423043823242214],[42.508333333333354,5.416666666666693],[42.488415696885866,5.416068183051242],[42.4875,5.4125],[42.481122843424501,5.411932712131103],[42.47721048990887,5.408900621202283],[42.471494547526063,5.407433742947076],[42.470172119140642,5.392566257052978],[42.466666666666683,5.391666666666693],[42.466043090820328,5.380075920952717],[42.4625,5.379166666666693],[42.463067287868945,5.376956176757838],[42.470266045464427,5.368877156575547],[42.471470981174065,5.350905693901936],[42.47721048990887,5.349432712131103],[42.481122843424501,5.346400621202283],[42.4875,5.34583333333336],[42.48966013590497,5.345215691460529],[42.493673197428407,5.342284308539522],[42.507530721028665,5.340931532118081],[42.508950975206183,5.331173197428411],[42.511882358127188,5.327160135904974],[42.513426378038211,5.321759711371554],[42.516666666666687,5.32083333333336],[42.516313340928839,5.318408881293429],[42.512853325737865,5.314924452039957],[42.512146674262169,5.310075547960095],[42.483686659071196,5.281591118706623],[42.482980007595508,5.276742214626761],[42.475353325737863,5.269091118706623],[42.475,5.266666666666692],[42.472839864095072,5.266049024793862],[42.464660135904964,5.258950975206188],[42.456173197428406,5.257715691460529],[42.452160135904968,5.254784308539522],[42.438302612304703,5.25343153211808],[42.436697387695332,5.242401801215303],[42.429166666666688,5.241666666666692],[42.42856258816191,5.226003011067734],[42.423043823242203,5.221400621202282],[42.417375183105484,5.219945949978324],[42.4159623887804,5.209252760145424],[42.410543823242207,5.204733954535615],[42.401956176757828,5.203599378797768],[42.398043823242205,5.200567287868949],[42.393622843424495,5.199432712131101],[42.385543823242209,5.192233954535615],[42.380017598470069,5.190815734863306],[42.3783157348633,5.184184265136743],[42.371684265136736,5.182482401529972],[42.370833333333351,5.179166666666692],[42.371187506781702,5.16838022867841],[42.376742214626752,5.162853325737872],[42.381623501247844,5.162141927083358],[42.387146674262169,5.156591118706622],[42.387853325737865,5.15174221462676],[42.391313340928839,5.148257785373288],[42.392019992404535,5.143408881293427],[42.395480007595502,5.139924452039955],[42.396186659071198,5.122575547960094],[42.399646674262172,5.119091118706621],[42.4,5.095833333333357],[42.4,5.091666666666691],[42.403315734863298,5.090815904405406],[42.404733954535608,5.08528951009117],[42.407766045464427,5.081377156575545],[42.408900621202278,5.076956176757836],[42.411932712131097,5.073043823242211],[42.4125,5.0625],[42.412853325737863,5.055908881293426],[42.420480007595501,5.048257785373288],[42.421186659071196,5.03924221462676],[42.424646674262171,5.035757785373288],[42.425,5.033333333333356],[42.424646674262171,5.02674221462676],[42.421186659071196,5.023257785373287],[42.4204794989692,4.985047403971377],[42.414924452039948,4.979519992404537],[42.397575547960088,4.978813340928843],[42.394091118706612,4.975353325737871],[42.380908881293422,4.974646674262176],[42.372548929850275,4.966313340928842],[42.360075547960086,4.967019992404537],[42.356591118706618,4.970480007595509],[42.341666666666683,4.970833333333356],[42.339242214626751,4.970480007595509],[42.335757785373282,4.967019992404537],[42.33333333333335,4.96666666666669],[42.333686659071198,4.955908881293426],[42.337146674262172,4.952424452039954],[42.3375,4.95],[42.3375,4.945833333333356],[42.337853325737868,4.943408881293426],[42.341313340928835,4.939924452039953],[42.342022196451843,4.930880398220509],[42.351742214626753,4.921186659071203],[42.356591118706618,4.920480007595509],[42.368408881293419,4.908686659071203],[42.373287794325108,4.90797559950089],[42.387146674262169,4.894091118706619],[42.3875,4.891666666666689],[42.380066257052967,4.891005452473981],[42.378599378797759,4.885289510091168],[42.37556728786894,4.881377156575543],[42.374432712131096,4.876956176757835],[42.367233954535607,4.868877156575543],[42.366099378797763,4.864456176757835],[42.350567287868941,4.848043823242209],[42.349432712131097,4.843622843424502],[42.346400621202278,4.839710489908876],[42.345833333333353,4.8375],[42.341666666666683,4.8375],[42.341666666666683,4.841666666666688],[42.340815734863298,4.844982571072071],[42.3375,4.845833333333355],[42.336882358127184,4.847993638780403],[42.332533433702274,4.853431193033876],[42.318673197428403,4.854784138997418],[42.313361443413648,4.858664279513912],[42.311688741048194,4.870156860351585],[42.285339864095072,4.871450805664084],[42.281326802571634,4.874382527669293],[42.256173197428403,4.875617472330751],[42.252160135904965,4.87854919433596],[42.249530877007395,4.879784138997419],[42.243826802571633,4.875617472330751],[42.235339864095067,4.874382527669293],[42.23132680257163,4.871450805664084],[42.220364210340726,4.870215861002626],[42.213712565104181,4.875074598524328],[42.211882358127184,4.868673027886307],[42.208950975206179,4.864660305447071],[42.20833333333335,4.8625],[42.207766045464425,4.860289510091167],[42.204733954535605,4.856377156575543],[42.203458150227881,4.84672071668839],[42.2,4.845833333333355],[42.199376424153662,4.834242418077279],[42.191099378797759,4.832118394639779],[42.19223395453561,4.810289510091168],[42.195266045464429,4.806377156575543],[42.195833333333347,4.775],[42.198288472493509,4.774642266167556],[42.208686659071198,4.764216105143251],[42.207978312174497,4.751712714301236],[42.202424452039949,4.746186659071202],[42.19754316541885,4.745475260416688],[42.192019992404532,4.739924452039952],[42.191666666666684,4.7375],[42.192265150282132,4.717582194010438],[42.195833333333347,4.716666666666688],[42.196186659071195,4.71007554796009],[42.199646674262169,4.706591118706618],[42.200353325737865,4.701742214626757],[42.204519992404528,4.697546386718771],[42.203813340928839,4.689242214626757],[42.200353325737865,4.685757785373285],[42.199646674262169,4.67257554796009],[42.196186659071195,4.669091118706618],[42.195833333333347,4.6625],[42.196684265136739,4.659184095594639],[42.2,4.658333333333355],[42.2,4.65],[42.203315734863295,4.649149237738736],[42.20416666666668,4.645833333333353],[42.203599378797762,4.6436228434245],[42.200567287868942,4.639710489908874],[42.199401516384569,4.60091552734377],[42.192274136013474,4.599086507161479],[42.191099378797759,4.5686228434245],[42.18806728786894,4.564710489908874],[42.186932712131096,4.543622843424499],[42.18390062120227,4.539710489908874],[42.183333333333351,4.5375],[42.184301079644115,4.533729383680575],[42.18945617675783,4.52973395453561],[42.195209757486992,4.528257581922762],[42.196456909179702,4.50507575141061],[42.2,4.504166666666686],[42.200353325737865,4.493408881293422],[42.203813340928839,4.48992445203995],[42.20416666666668,4.4875],[42.204519992404528,4.472575547960089],[42.207980007595502,4.469091118706617],[42.20833333333335,4.466666666666686],[42.207766045464425,4.464456176757832],[42.204733954535605,4.460543823242206],[42.203246900770417,4.454749552408873],[42.193877156575539,4.446400621202276],[42.188350931803399,4.444982571072067],[42.1875,4.441666666666686],[42.186932712131096,4.422789510091164],[42.18390062120227,4.418877156575539],[42.182624816894545,4.409220716688386],[42.179166666666681,4.408333333333352],[42.179166666666681,4.4],[42.179166666666681,4.3875],[42.17559983995227,4.38658481174047],[42.174432712131093,4.34925333658856],[42.178599378797756,4.343877156575539],[42.179733954535607,4.33675333658856],[42.175567287868937,4.331377156575538],[42.175,4.3],[42.175661214192722,4.292566257052969],[42.181377156575536,4.29109937879776],[42.18528951009116,4.288067287868941],[42.191666666666684,4.2875],[42.194091118706616,4.287853325737865],[42.198287116156699,4.292019992404532],[42.206591118706612,4.291313340928837],[42.210075547960088,4.287853325737865],[42.2125,4.2875],[42.213067287868938,4.285289510091163],[42.216099378797757,4.281377156575538],[42.217233954535608,4.27695617675783],[42.220266045464427,4.273043823242205],[42.221400621202271,4.268622843424497],[42.225567287868941,4.263246663411476],[42.22443271213109,4.260289510091163],[42.220266045464427,4.254913330078143],[42.221840074327275,4.250811089409739],[42.229733954535604,4.248785061306441],[42.22859937879776,4.23945617675783],[42.22546878390844,4.235416666666683],[42.22859937879776,4.231377156575538],[42.229733954535604,4.226956176757829],[42.23276604546443,4.223043823242205],[42.233900621202274,4.21445617675783],[42.236932712131093,4.210543823242205],[42.238067287868944,4.201956176757829],[42.246400621202277,4.192603895399323],[42.245266045464426,4.185289510091163],[42.241099378797763,4.179913330078142],[42.242233954535607,4.172789510091162],[42.245266045464426,4.168877156575538],[42.246489291720934,4.155126614040816],[42.25195617675783,4.15056728786894],[42.258333333333347,4.15],[42.258333333333347,4.14583333333335],[42.260790167914514,4.145475260416683],[42.267019992404528,4.139214409722239],[42.266313340928839,4.130908881293418],[42.257980007595506,4.122549099392377],[42.258686659071195,4.105908881293419],[42.262146674262169,4.102424452039946],[42.2625,4.091666666666683],[42.251742214626752,4.091313340928835],[42.244091118706613,4.083686659071196],[42.239951070149758,4.082980007595502],[42.231591118706618,4.091313340928835],[42.218408881293421,4.09201999240453],[42.214924452039945,4.095480007595502],[42.191666666666684,4.095833333333349],[42.185075547960082,4.095480007595502],[42.181591118706613,4.09201999240453],[42.155908881293421,4.091313340928835],[42.144091118706612,4.07951999240453],[42.1375,4.079166666666683],[42.137146674262169,4.094091118706613],[42.133686659071195,4.097575547960085],[42.132980007595499,4.101716444227447],[42.145480007595502,4.114242214626753],[42.146186659071198,4.119091118706613],[42.149985419379355,4.122916666666683],[42.146186659071198,4.126742214626752],[42.14583333333335,4.154166666666683],[42.15,4.154166666666683],[42.150353325737861,4.156591118706613],[42.158320278591596,4.164583672417551],[42.146186659071198,4.176742214626753],[42.145480007595502,4.194091118706615],[42.142019992404528,4.197575547960087],[42.141313340928832,4.21075778537328],[42.117019992404529,4.235075547960086],[42.116666666666681,4.2375],[42.114456176757827,4.236932712131093],[42.109037611219634,4.232413736979184],[42.10762481689455,4.221720716688385],[42.104166666666686,4.220833333333351],[42.104733954535604,4.218622843424496],[42.108900621202274,4.213246663411475],[42.107695007324232,4.196821085611996],[42.0980438232422,4.18806728786894],[42.088387383355048,4.186791653103315],[42.086649068196628,4.180017428927968],[42.08333333333335,4.179166666666683],[42.07916666666668,4.179166666666683],[42.078813340928832,4.164242214626753],[42.075014580620675,4.160416666666683],[42.078813340928832,4.156591118706613],[42.079519992404528,4.14340888129342],[42.082980007595502,4.139924452039947],[42.08333333333335,4.12083333333335],[42.081173197428399,4.12021586100262],[42.072993469238298,4.113117472330746],[42.068673197428403,4.111882527669287],[42.059165106879355,4.103631591796891],[42.057526312934044,4.092372300889773],[42.038493516710083,4.090974595811648],[42.036528354220934,4.084101698133697],[42.027006530761732,4.082715861002621],[42.010493469238298,4.067284138997412],[42.008333333333347,4.066666666666682],[42.005908881293415,4.066313340928835],[41.992022196451835,4.05245225694446],[41.991313340928833,4.043408881293418],[41.987853325737859,4.039924452039946],[41.9875,4.0375],[41.987146674262171,4.022575547960102],[41.979519992404526,4.014924452039963],[41.978813340928838,4.001742214626768],[41.975353325737863,3.998257785373296],[41.975,3.979166666666698],[41.964456176757828,3.978599378797775],[41.960543823242205,3.975567287868956],[41.951956176757825,3.974432712131108],[41.946537611219632,3.969913906521299],[41.945124816894548,3.9592207166884],[41.93945617675783,3.957766045464441],[41.927210489908866,3.946400621202289],[41.925,3.945833333333365],[41.924457804362007,3.948069085015223],[41.901622517903675,3.971375359429286],[41.896635267469648,3.969973924424945],[41.895833333333364,3.966666666666699],[41.891666666666694,3.966666666666699],[41.888464355468777,3.965702480740049],[41.886857096354198,3.960364956325987],[41.879809570312531,3.952135043674077],[41.878523763020866,3.939531622992653],[41.875642903645861,3.93546837700741],[41.874357096354196,3.933011542426247],[41.879151407877636,3.926249864366351],[41.871578301323815,3.923969862196212],[41.870056830512183,3.909053209092913],[41.858333333333363,3.908333333333365],[41.857980007595515,3.901742214626768],[41.854519992404541,3.898257785373295],[41.853813340928852,3.885075547960101],[41.850353325737878,3.881591118706628],[41.849646674262182,3.876742214626767],[41.846186659071208,3.873257785373295],[41.845475260416698,3.868376498752201],[41.839924452039959,3.862853325737878],[41.8375,3.8625],[41.837853325737875,3.860075547960101],[41.841313340928849,3.856591118706628],[41.841666666666697,3.841666666666697],[41.842019992404545,3.830908881293434],[41.845480007595519,3.827424452039961],[41.846186659071208,3.8225755479601],[41.850353325737878,3.818379550510013],[41.849646674262182,3.7975755479601],[41.845480007595519,3.793379550510013],[41.846186659071208,3.7725755479601],[41.849646674262182,3.769091118706628],[41.850353325737878,3.764242214626766],[41.853813340928852,3.760757785373294],[41.8541666666667,3.758333333333364],[41.853599378797774,3.756122843424509],[41.846400621202285,3.748043823242218],[41.845266045464442,3.743622843424509],[41.833900621202289,3.731377156575551],[41.832709757487009,3.709242587619388],[41.82695617675784,3.70776604546444],[41.823043823242216,3.70473395453562],[41.818622843424507,3.703599378797773],[41.814710489908883,3.700567287868954],[41.806122843424511,3.699432712131106],[41.80221048990888,3.696400621202287],[41.8,3.695833333333363],[41.796447414822076,3.694921705457929],[41.795266045464437,3.668622843424509],[41.792233954535618,3.664710489908884],[41.790779283311664,3.659041849772165],[41.781122843424505,3.657766045464439],[41.776137288411491,3.653902011447512],[41.775,3.658333333333363],[41.772575547960102,3.657980007595516],[41.767021687825547,3.65245378282338],[41.766313340928846,3.63995378282338],[41.770480007595516,3.635757785373293],[41.771186659071212,3.631620449490046],[41.767019992404542,3.62742445203996],[41.766313340928846,3.602449883355064],[41.782980007595512,3.585757785373293],[41.78333333333336,3.583333333333362],[41.782766045464442,3.560289510091175],[41.779733954535622,3.556377156575549],[41.778599378797772,3.535289510091174],[41.775567287868952,3.531377156575549],[41.774295722113742,3.521752760145428],[41.768877156575549,3.517233954535619],[41.76445617675784,3.516099378797771],[41.760543823242216,3.513067287868952],[41.751956176757844,3.511932712131105],[41.73971048990888,3.500567287868952],[41.709246826171906,3.49939253065324],[41.708333333333364,3.495833333333362],[41.705017428927981,3.496684265136747],[41.704166666666694,3.5],[41.703813340928846,3.502424452039959],[41.700353325737879,3.505908881293431],[41.7,3.516666666666695],[41.685289510091174,3.516099378797771],[41.68137715657555,3.513067287868952],[41.672048272026942,3.511932712131105],[41.669982571072076,3.519982401529976],[41.666666666666693,3.520833333333361],[41.6375,3.520833333333361],[41.636586507161489,3.517274136013483],[41.620833333333358,3.516666666666695],[41.620480007595518,3.505908881293431],[41.617019992404543,3.502424452039959],[41.616313340928848,3.497575547960098],[41.604519992404541,3.485757785373292],[41.604166666666693,3.483333333333361],[41.604519992404541,3.468408881293431],[41.607980007595515,3.464924452039958],[41.608686659071211,3.455908881293431],[41.612146674262178,3.452424452039959],[41.612853325737873,3.439242214626764],[41.616313340928848,3.435757785373291],[41.617019992404543,3.426742214626764],[41.620480007595518,3.423257785373291],[41.620833333333358,3.4125],[41.618408881293433,3.41214667426218],[41.612853664822076,3.406619432237441],[41.6125,3.3875],[41.609184095594642,3.386649068196642],[41.607766045464437,3.381122843424506],[41.603770616319473,3.375967746310791],[41.597789510091175,3.374432712131104],[41.593877156575552,3.371400621202284],[41.585289510091172,3.370266045464437],[41.581377156575549,3.367233954535617],[41.57695617675784,3.36609937879777],[41.573043823242216,3.36306728786895],[41.567517428927978,3.361649068196642],[41.565815904405412,3.355017598470079],[41.560289510091174,3.35359937879777],[41.55637715657555,3.350567287868951],[41.551956176757841,3.349432712131103],[41.548043823242217,3.346400621202284],[41.541666666666693,3.34583333333336],[41.531122843424505,3.346400621202284],[41.527210489908882,3.349432712131103],[41.522048272026936,3.350567287868951],[41.520266045464439,3.343622843424506],[41.499017333984405,3.321487257215738],[41.485289510091171,3.320266045464436],[41.481377156575547,3.317233954535617],[41.47585076226131,3.315815734863308],[41.475,3.3125],[41.475,3.3],[41.474432712131104,3.297789510091172],[41.471400621202285,3.293877156575547],[41.470172119140649,3.280066257052978],[41.466666666666697,3.279166666666693],[41.460289510091172,3.278599378797769],[41.456377156575549,3.27556728786895],[41.450661214192735,3.274100409613742],[41.45,3.266666666666693],[41.439456176757837,3.267233954535616],[41.435543823242213,3.270266045464436],[41.411753336588568,3.271400621202283],[41.406377156575545,3.267233954535616],[41.397048272026936,3.266099378797769],[41.395266045464439,3.273043823242214],[41.382927449544297,3.286337958441867],[41.378420003255236,3.28806728786895],[41.373043823242213,3.283900621202283],[41.365920003255233,3.282766045464436],[41.36054382324221,3.286932712131103],[41.347789510091175,3.28806728786895],[41.343877156575545,3.29109937879777],[41.331122843424502,3.292233954535617],[41.327210489908879,3.295266045464436],[41.321684095594641,3.296684265136745],[41.319953748914955,3.303427971733968],[41.311753336588566,3.304733954535617],[41.30625,3.300468783908447],[41.30221048990888,3.30359937879777],[41.295086669921901,3.304733954535617],[41.289571804470512,3.30045979817711],[41.277210489908882,3.311932712131103],[41.26445617675784,3.31306728786895],[41.256377156575546,3.320266045464436],[41.251956176757837,3.321400621202284],[41.248043823242213,3.324432712131103],[41.234232923719645,3.325661214192735],[41.233333333333356,3.329166666666693],[41.217580159505232,3.328559197319905],[41.21666666666669,3.325],[41.214242214626758,3.325353325737874],[41.210757785373289,3.328813340928846],[41.205908881293425,3.329519992404541],[41.19202100965714,3.343382263183621],[41.191313340928843,3.360757785373291],[41.187853325737869,3.364242214626763],[41.187146674262181,3.369091118706624],[41.181623670789953,3.37464192708336],[41.176742214626763,3.375353325737874],[41.173257785373288,3.378813340928847],[41.155908881293428,3.379519992404541],[41.146188015408008,3.38921457926435],[41.145833333333357,3.395833333333361],[41.121750556098114,3.396426222059489],[41.120266045464433,3.402210489908882],[41.113067287868944,3.410289510091173],[41.111649237738739,3.415815734863309],[41.108333333333356,3.416666666666694],[41.108926052517383,3.440749613444038],[41.1125,3.441666666666694],[41.111649237738739,3.444982401529975],[41.104790242513047,3.446742587619386],[41.104166666666693,3.458333333333361],[41.101742214626761,3.458686659071208],[41.098257785373285,3.46214667426218],[41.0875,3.4625],[41.085075547960095,3.462853325737875],[41.081591118706619,3.466313340928847],[41.075,3.466666666666695],[41.074392361111137,3.48242001003692],[41.067517428927978,3.484184265136747],[41.066666666666691,3.4875],[41.064456176757837,3.488067287868952],[41.056377156575543,3.495266045464438],[41.051956176757834,3.496400621202285],[41.047916666666687,3.499531216091608],[41.043877156575547,3.496400621202285],[41.036753336588568,3.495266045464438],[41.030134412977453,3.50039588080515],[41.028315904405403,3.507482401529976],[41.021684095594644,3.509184265136747],[41.020833333333357,3.5125],[41.016666666666687,3.5125],[41.008333333333354,3.5125],[41.001742214626759,3.512853325737876],[40.998257785373283,3.516313340928848],[40.96666666666669,3.516666666666695],[40.964456176757835,3.516099378797771],[40.955086263020853,3.507750447591174],[40.953599378797769,3.501956176757841],[40.949107530381966,3.496569993760879],[40.940920003255229,3.495266045464438],[40.935543823242213,3.499432712131104],[40.931122843424504,3.500567287868952],[40.927210489908873,3.503599378797771],[40.911753336588561,3.504733954535618],[40.906377156575545,3.500567287868952],[40.892566257052977,3.49933878580732],[40.891099378797762,3.493622843424507],[40.88390062120228,3.485543823242216],[40.882445949978319,3.479875183105497],[40.872789510091167,3.478599378797771],[40.868877156575543,3.475567287868952],[40.864456176757834,3.474432712131104],[40.86054382324221,3.471400621202285],[40.839456176757835,3.470266045464438],[40.835543823242212,3.467233954535618],[40.833333333333357,3.466666666666695],[40.832980007595509,3.464242214626764],[40.829519992404535,3.460757785373292],[40.829166666666687,3.458333333333361],[40.825850931803409,3.457482401529976],[40.825,3.454166666666695],[40.818408881293422,3.453813340928847],[40.814924452039953,3.450353325737875],[40.804166666666688,3.45],[40.804166666666688,3.445833333333361],[40.801742214626756,3.445480007595514],[40.787857733832489,3.431621127658448],[40.7875,3.429166666666694],[40.785075547960091,3.429519992404542],[40.777424452039952,3.437146674262181],[40.748284403483098,3.437853325737875],[40.739924452039951,3.429519992404542],[40.735075547960093,3.428813340928847],[40.731591118706618,3.425353325737875],[40.729166666666686,3.425],[40.726742214626753,3.425353325737875],[40.723257785373285,3.428813340928847],[40.718408881293421,3.429519992404542],[40.714924452039952,3.432980007595514],[40.705908881293425,3.433686659071208],[40.702424452039949,3.437146674262181],[40.697575547960092,3.437853325737875],[40.694091118706616,3.441313340928847],[40.679166666666688,3.441666666666694],[40.676742214626756,3.442019992404541],[40.673257785373281,3.445480007595514],[40.670833333333356,3.445833333333361],[40.67026604546443,3.456377156575549],[40.661570739746111,3.465963745117215],[40.650887383355055,3.467375183105497],[40.649149068196635,3.474149068196643],[40.643622843424502,3.475567287868952],[40.639710489908872,3.478599378797771],[40.634184265136739,3.48001759847008],[40.632766045464429,3.485543823242216],[40.628187561035176,3.491033935546903],[40.610289510091164,3.492233954535618],[40.60637715657554,3.495266045464438],[40.604166666666686,3.495833333333362],[40.601742214626753,3.495480007595514],[40.598257785373285,3.492019992404542],[40.595833333333353,3.491666666666695],[40.595833333333353,3.495833333333362],[40.599149068196631,3.496684265136747],[40.6,3.5],[40.600850931803407,3.503315734863309],[40.604166666666686,3.504166666666695],[40.604519992404533,3.506591118706626],[40.607980007595508,3.510075547960098],[40.608333333333356,3.5125],[40.608686659071203,3.514924452039959],[40.612146674262171,3.518408881293431],[40.6125,3.529166666666695],[40.612146674262171,3.531591118706626],[40.604519992404533,3.539242214626765],[40.603813340928838,3.548257785373293],[40.600353325737871,3.551742214626765],[40.6,3.5625],[40.603254699707051,3.563266499837268],[40.604696146647157,3.567607455783449],[40.600395880805138,3.572916666666695],[40.603637186686214,3.576918368869387],[40.604696146647157,3.610581631130672],[40.607803853352884,3.614418368869387],[40.60886281331382,3.617607455783449],[40.604696146647157,3.62275170220272],[40.604166666666686,3.629166666666696],[40.603813340928838,3.631591118706627],[40.600353325737871,3.635075547960099],[40.599646674262175,3.63992445203996],[40.592019992404531,3.647575547960099],[40.591313340928842,3.65242445203996],[40.587853325737868,3.655908881293432],[40.587146674262172,3.673257785373294],[40.583686659071198,3.676742214626766],[40.582980007595509,3.694091118706627],[40.579181247287345,3.697916666666696],[40.582980007595509,3.701742214626766],[40.58333333333335,3.704166666666696],[40.582980007595509,3.706591118706627],[40.577456834581184,3.712141927083363],[40.575,3.7125],[40.571684265136739,3.713350931803415],[40.570833333333354,3.716666666666697],[40.570172119140643,3.724100409613745],[40.56445617675783,3.725567287868953],[40.560543823242206,3.728599378797773],[40.550887383355054,3.729875183105499],[40.549432712131093,3.735543823242217],[40.538067287868941,3.747789510091176],[40.536932712131097,3.752210489908884],[40.528599378797765,3.761562771267391],[40.530144076877193,3.765848117404544],[40.533333333333353,3.766666666666697],[40.536649068196631,3.767517598470083],[40.5375,3.770833333333364],[40.536600409613733,3.774338785807322],[40.522789510091165,3.775567287868954],[40.51732262505427,3.780126444498728],[40.516666666666687,3.7875],[40.510289510091162,3.786932712131107],[40.505303785536043,3.78306867811418],[40.5033157348633,3.790815734863312],[40.497789510091167,3.792233954535621],[40.493877156575536,3.79526604546444],[40.472789510091161,3.796400621202288],[40.460543823242205,3.80776604546444],[40.456122843424495,3.808900621202288],[40.448043823242209,3.816099378797774],[40.4436228434245,3.817233954535621],[40.439710489908876,3.82026604546444],[40.431122843424497,3.821400621202288],[40.423043823242203,3.828599378797774],[40.4125,3.829166666666697],[40.410075547960091,3.82881334092885],[40.406591118706615,3.825353325737878],[40.39583333333335,3.825],[40.385075547960085,3.825353325737878],[40.381591118706616,3.82881334092885],[40.370833333333351,3.829166666666697],[40.368408881293419,3.829519992404545],[40.364924452039951,3.832980007595517],[40.358333333333348,3.833333333333364],[40.357980007595501,3.835757785373295],[40.352456834581183,3.841308593750031],[40.35,3.841666666666697],[40.349646674262168,3.844091118706628],[40.342019992404531,3.851742214626767],[40.341313340928835,3.856591118706628],[40.321186659071195,3.876742214626767],[40.320480007595506,3.881591118706628],[40.312853325737862,3.889242214626767],[40.312146674262173,3.894091118706628],[40.304519992404529,3.901742214626768],[40.304166666666681,3.908333333333365],[40.303813340928833,3.910757785373296],[40.298290167914516,3.916308593750032],[40.295833333333348,3.916666666666698],[40.29526604546443,3.935543823242219],[40.292233954535604,3.939456176757844],[40.29095815022788,3.949112616644997],[40.285289510091161,3.950567287868955],[40.281377156575537,3.953599378797775],[40.272789510091165,3.954733954535622],[40.242551676432306,3.984051174587706],[40.241099378797763,3.989710489908886],[40.238067287868944,3.993622843424511],[40.236932712131093,4.002210489908887],[40.233900621202274,4.006122843424511],[40.23276604546443,4.010543823242219],[40.229733954535604,4.014456176757845],[40.22859937879776,4.018877156575553],[40.225567287868941,4.022789510091178],[40.22443271213109,4.027210489908887],[40.221400621202271,4.031122843424511],[40.220833333333353,4.054166666666699],[40.216666666666683,4.054166666666699],[40.2125,4.054166666666682],[40.21160040961373,4.057672119140641],[40.20416666666668,4.05833333333335],[40.201742214626755,4.058686659071197],[40.198257785373279,4.062146674262168],[40.193408881293422,4.062853325737863],[40.187858072916683,4.068376329210086],[40.187146674262166,4.073257785373279],[40.183686659071199,4.076742214626751],[40.182980007595503,4.08575778537328],[40.179519992404529,4.089242214626752],[40.178813340928833,4.09825778537328],[40.175353325737866,4.101742214626752],[40.174646674262171,4.127424452039946],[40.156620788574237,4.145475599500884],[40.151742214626751,4.146186659071197],[40.135757785373279,4.16214667426217],[40.126742214626752,4.162853325737863],[40.121191406250013,4.168376329210086],[40.120833333333351,4.17083333333335],[40.101742214626753,4.170480007595502],[40.097915818956182,4.166680230034739],[40.085757785373282,4.178813340928836],[40.080908881293418,4.179519992404531],[40.073257785373279,4.18714667426217],[40.070833333333347,4.1875],[40.0625,4.1875],[40.061932712131089,4.189710489908871],[40.05890062120227,4.193622843424496],[40.057766045464426,4.231377156575538],[40.050567287868937,4.23945617675783],[40.049338785807308,4.2532670762804],[40.042327880859389,4.255066257052968],[40.041005452473975,4.269933742947066],[40.0375,4.270833333333368],[40.036838785807305,4.278267076280399],[40.033333333333367,4.279166666666701],[40.033686659071194,4.294091118706614],[40.037146674262168,4.297575547960087],[40.037853325737863,4.305882432725712],[40.029519992404531,4.314242214626754],[40.028813340928835,4.331591118706616],[40.02329016791451,4.337141927083351],[40.020833333333364,4.3375],[40.02083333333335,4.341666666666685],[40.016666666666694,4.341666666666685],[40.016313340928832,4.344091118706615],[40.010786607530399,4.349645657009567],[39.993408881293419,4.350353325737865],[39.989924452039944,4.353813340928838],[39.983333333333363,4.354166666666685],[39.981122843424494,4.354733954535608],[39.97721048990887,4.357766045464428],[39.964456176757828,4.358900621202276],[39.948043823242202,4.374432712131094],[39.943622843424492,4.375567287868941],[39.935543823242199,4.382766045464428],[39.930017598470066,4.384184095594637],[39.929166666666696,4.3875],[39.929733954535607,4.39387715657554],[39.932766045464426,4.397789510091164],[39.93390062120227,4.421770562065991],[39.925567287868937,4.431122843424498],[39.924149068196627,4.436649237738735],[39.920833333333363,4.4375],[39.920480007595501,4.43992445203995],[39.900353325737861,4.460075547960088],[39.9,4.466666666666686],[39.899149068196628,4.469982571072068],[39.895833333333364,4.470833333333353],[39.89583333333335,4.475],[39.899149068196628,4.475850762261304],[39.9,4.479166666666686],[39.896494547526075,4.48006625705297],[39.895833333333364,4.4875],[39.892517428927981,4.488350762261303],[39.891666666666694,4.491666666666686],[39.891313340928846,4.494091118706617],[39.881621636284748,4.503808932834221],[39.879166666666698,4.504166666666686],[39.872575547960096,4.504519992404534],[39.864924452039958,4.512146674262173],[39.855908881293431,4.512853325737867],[39.852424452039962,4.516313340928839],[39.822575547960099,4.517019992404533],[39.810757785373291,4.528813340928838],[39.805908881293433,4.529519992404533],[39.802424452039958,4.532980007595506],[39.7875,4.533333333333353],[39.787141927083361,4.53087632921009],[39.781591118706629,4.525353325737867],[39.779166666666697,4.525],[39.778808593750028,4.522542995876756],[39.773257785373296,4.517019992404533],[39.7625,4.516666666666686],[39.758333333333361,4.516666666666686],[39.757672119140651,4.509232923719638],[39.751956176757844,4.507766045464429],[39.748043823242213,4.50473395453561],[39.7375,4.504166666666686],[39.708333333333364,4.504166666666686],[39.708333333333364,4.5],[39.708333333333364,4.495833333333353],[39.704166666666694,4.495833333333353],[39.695833333333361,4.495833333333353],[39.670833333333363,4.495833333333353],[39.664242214626768,4.496186659071199],[39.660757785373292,4.499646674262172],[39.65833333333336,4.5],[39.651742214626765,4.500353325737867],[39.648257785373289,4.503813340928838],[39.635784233941003,4.504519992404534],[39.627424452039961,4.496186659071199],[39.618408881293433,4.495480007595505],[39.612855021158879,4.489953613281269],[39.6125,4.483333333333352],[39.604166666666693,4.483333333333352],[39.597575547960098,4.4836866590712],[39.59375,4.487485419379359],[39.589924452039959,4.4836866590712],[39.585784233940998,4.482980007595505],[39.577424452039956,4.491313340928839],[39.572575547960099,4.492019992404533],[39.569091118706623,4.495480007595505],[39.564242214626766,4.496186659071199],[39.558691406250027,4.501709662543422],[39.558333333333358,4.504166666666686],[39.480088297526066,4.50474141438804],[39.479166666666693,4.508333333333352],[39.47083333333336,4.508333333333352],[39.470475260416691,4.505876329210089],[39.464924452039959,4.500353325737867],[39.451742214626762,4.499646674262172],[39.448257785373293,4.496186659071199],[39.443408881293429,4.495480007595505],[39.439924452039961,4.492019992404533],[39.435075547960096,4.491313340928839],[39.431591118706621,4.487853325737866],[39.416666666666693,4.4875],[39.415899997287354,4.490754530164949],[39.411559380425373,4.492196316189256],[39.406414794921901,4.488029649522589],[39.386559380425375,4.486970350477449],[39.381414794921902,4.491137017144117],[39.372751871744818,4.492196316189256],[39.36875,4.49543728298613],[39.364748128255236,4.492196316189256],[39.339418538411486,4.491137017144117],[39.331414794921898,4.483862982855921],[39.329166666666694,4.483333333333352],[39.328315904405407,4.486649237738734],[39.32278951009117,4.488067287868943],[39.314710489908876,4.49526604546443],[39.310289510091174,4.496400621202277],[39.305134412977459,4.500396050347241],[39.30359937879777,4.506377156575541],[39.295250447591172,4.51574707031252],[39.289456176757838,4.51723395453561],[39.284301079644123,4.521229383680575],[39.282482571072073,4.528315904405401],[39.276956176757835,4.52973395453561],[39.271801079644121,4.533729383680575],[39.270266045464432,4.539710489908874],[39.267233954535612,4.543622843424499],[39.266666666666694,4.545833333333353],[39.25,4.545833333333353],[39.246684095594645,4.544982571072069],[39.245266045464433,4.539456176757833],[39.242233954535614,4.535543823242207],[39.24109937879777,4.531122843424498],[39.238067287868951,4.527210489908874],[39.23661261664499,4.521541680230055],[39.225887383355058,4.520124986436652],[39.224432712131104,4.514456176757832],[39.220437282986133,4.509301079644116],[39.21666666666669,4.508333333333352],[39.214242214626758,4.507980007595505],[39.210757785373289,4.504519992404534],[39.202453613281271,4.503813340928838],[39.198257785373286,4.507980007595505],[39.1875,4.508333333333352],[39.180908881293426,4.507980007595505],[39.173257785373288,4.500353325737867],[39.166666666666693,4.5],[39.166313340928845,4.480908881293422],[39.162853325737871,4.47742445203995],[39.162146674262175,4.472575547960089],[39.158686659071208,4.469091118706617],[39.15833333333336,4.4625],[39.156122843424505,4.461932712131095],[39.152210489908882,4.458900621202275],[39.147789510091172,4.457766045464428],[39.142634412977458,4.453770616319463],[39.141099378797769,4.447789510091164],[39.137103949652804,4.44263441297745],[39.131122843424507,4.441099378797762],[39.127210489908876,4.438067287868942],[39.124253336588566,4.436932712131095],[39.118877156575543,4.441099378797762],[39.115920003255233,4.44223395453561],[39.11054382324221,4.438067287868942],[39.104804484049502,4.436594306098109],[39.103599378797767,4.418622843424497],[39.091021050347244,4.405070326063386],[39.085289510091172,4.403599378797761],[39.081377156575542,4.400567287868942],[39.079166666666687,4.4],[39.078813340928846,4.397575547960088],[39.067019992404539,4.385757785373283],[39.066313340928843,4.376742214626754],[39.054519992404536,4.364924452039949],[39.053813340928841,4.355908881293421],[39.050353325737873,4.352424452039949],[39.049646674262178,4.347575547960087],[39.033686659071201,4.331591118706616],[39.032980007595512,4.322575547960087],[39.029519992404538,4.319091118706615],[39.028813340928842,4.314242214626754],[39.025353325737868,4.310757785373282],[39.025,4.308333333333351],[39.024345906575547,4.300980970594636],[39.006377156575546,4.283900621202275],[38.989456176757834,4.282766045464427],[38.98554382324221,4.279733954535608],[38.981122843424501,4.278599378797761],[38.977210489908877,4.275567287868942],[38.971478949652798,4.274096340603316],[38.958900621202282,4.260543823242205],[38.957365587022593,4.254562717013906],[38.952210489908879,4.250567287868941],[38.938399590386304,4.249338785807309],[38.936580403645856,4.242249552408872],[38.927210489908873,4.233900621202274],[38.917554050021721,4.232624986436649],[38.916666666666686,4.229166666666684],[38.916666666666686,4.225],[38.914242214626761,4.22464667426217],[38.910757785373285,4.221186659071197],[38.905908881293428,4.220480007595503],[38.902424452039952,4.217019992404531],[38.893408881293425,4.216313340928837],[38.889924452039949,4.212853325737864],[38.873284233940993,4.21214667426217],[38.864924452039951,4.220480007595503],[38.8625,4.220833333333351],[38.8625,4.216666666666684],[38.855908881293423,4.216313340928837],[38.850358072916691,4.210790337456614],[38.85,4.20833333333335],[38.853458319769985,4.207445949978315],[38.854733954535611,4.197789510091162],[38.8619327121311,4.189710489908871],[38.863067287868944,4.160289510091163],[38.866198052300369,4.15625],[38.8619327121311,4.150746663411475],[38.863236829969637,4.142559136284738],[38.868622843424504,4.138067287868941],[38.874149237738735,4.136649237738732],[38.875,4.13333333333335],[38.874080403645856,4.129749552408871],[38.864592149522593,4.121295166015641],[38.86054382324221,4.124432712131092],[38.851956176757831,4.12556728786894],[38.848043823242207,4.128599378797759],[38.843622843424498,4.129733954535606],[38.838246663411482,4.133900621202273],[38.825896369086394,4.13265957302519],[38.824149068196633,4.125850762261301],[38.8186228434245,4.124432712131092],[38.814710489908876,4.121400621202273],[38.806122843424504,4.120266045464426],[38.79804382324221,4.11306728786894],[38.789456176757831,4.111932712131093],[38.785543823242207,4.108900621202273],[38.772789510091165,4.107766045464426],[38.768877156575542,4.104733954535607],[38.764456176757832,4.103599378797759],[38.756377156575539,4.096400621202273],[38.7375,4.095833333333349],[38.722575547960091,4.095480007595502],[38.714924452039952,4.087853325737863],[38.710075547960088,4.087146674262168],[38.696187506781705,4.073284233940988],[38.695833333333354,4.0625],[38.691666666666684,4.0625],[38.691666666666684,4.066666666666682],[38.686932712131096,4.067881605360259],[38.68945617675783,4.070266045464425],[38.691666666666684,4.070833333333349],[38.691666666666684,4.075],[38.68945617675783,4.075567287868939],[38.684301079644115,4.079562717013905],[38.682766045464433,4.085543823242204],[38.679733954535614,4.089456176757828],[38.678599378797763,4.093877156575537],[38.674604119194896,4.099032253689252],[38.66751759847007,4.100850762261301],[38.66609937879776,4.106377156575537],[38.663067287868941,4.110289510091162],[38.6625,4.116666666666683],[38.650909254286042,4.117290242513037],[38.649432712131095,4.123043823242204],[38.64487355550132,4.128510877821197],[38.6311228434245,4.129733954535606],[38.627210489908876,4.132766045464426],[38.622789510091167,4.133900621202273],[38.613202921549501,4.142595757378489],[38.611932712131093,4.152210489908871],[38.604733954535611,4.160289510091163],[38.604166666666686,4.1625],[38.601742214626753,4.162853325737863],[38.598257785373285,4.166313340928836],[38.580908881293425,4.16701999240453],[38.573257785373286,4.174646674262169]]]}},
{"type":"Feature","properties":{"name":"Shabelle","part":"upstream_of_somalia","area_km2":190206,"n_basins":1466},"geometry":{"type":"Polygon","coordinates":[[[39.376742214626759,6.796186659071202],[39.373257785373291,6.799646674262174],[39.360075547960093,6.800353325737869],[39.356591118706625,6.803813340928841],[39.329166666666694,6.804166666666688],[39.325,6.804166666666688],[39.322575547960092,6.804519992404535],[39.31702473958336,6.810042995876758],[39.316313340928843,6.814924452039953],[39.306618245442735,6.824645657009571],[39.295833333333356,6.825],[39.292517428927979,6.825850762261306],[39.291666666666693,6.829166666666689],[39.276742214626765,6.829519992404536],[39.273257785373289,6.832980007595507],[39.254166666666691,6.833333333333355],[39.250850762261308,6.83418409559464],[39.25,6.8375],[39.247575547960096,6.837146674262175],[39.244091118706621,6.833686659071203],[39.235075547960093,6.832980007595507],[39.231591118706625,6.829519992404536],[39.229166666666693,6.829166666666689],[39.21666666666669,6.829166666666689],[39.214242214626758,6.829519992404536],[39.208691406250026,6.835042995876758],[39.207980007595509,6.839924452039952],[39.204519992404542,6.843408881293424],[39.204166666666694,6.845833333333355],[39.20195617675784,6.845266045464432],[39.198043823242209,6.842233954535612],[39.188387383355057,6.840958319769987],[39.186600409613739,6.833994547526064],[39.179166666666688,6.833333333333355],[39.176742214626763,6.833686659071203],[39.173257785373288,6.837146674262175],[39.16912027994794,6.83785332573787],[39.164924452039955,6.833686659071203],[39.156620279947944,6.832980007595507],[39.152424452039952,6.837146674262175],[39.15,6.8375],[39.14914923773874,6.83418409559464],[39.142517428927974,6.83248257107207],[39.141666666666694,6.829166666666689],[39.138161214192735,6.828267076280404],[39.1375,6.820833333333355],[39.135075547960092,6.820480007595508],[39.131591118706623,6.817019992404536],[39.129166666666691,6.816666666666689],[39.125,6.816666666666689],[39.118408881293426,6.817019992404536],[39.110757785373288,6.824646674262175],[39.108333333333356,6.825],[39.089242214626758,6.824646674262175],[39.085757785373289,6.821186659071202],[39.081620279947941,6.820480007595508],[39.077424452039956,6.824646674262175],[39.058333333333358,6.825],[39.054166666666688,6.825],[39.026956176757835,6.825567287868946],[39.023043823242212,6.828599378797765],[39.017517428927974,6.830017428927974],[39.016099378797769,6.83554382324221],[39.00890062120228,6.843622843424502],[39.007436794704887,6.849326239691862],[38.995086669921896,6.850567287868946],[38.98971048990888,6.846400621202279],[38.976956176757838,6.845266045464432],[38.973043823242207,6.842233954535612],[38.970086669921898,6.841099378797765],[38.964710489908875,6.845266045464432],[38.960289510091165,6.846400621202279],[38.956377156575542,6.849432712131098],[38.94778951009117,6.850567287868946],[38.943877156575546,6.853599378797766],[38.926956176757834,6.854733954535613],[38.92304382324221,6.857766045464432],[38.915920003255231,6.858900621202279],[38.910543823242207,6.854733954535613],[38.906122843424498,6.853599378797766],[38.900704277886305,6.849080403645855],[38.899432712131102,6.839456176757834],[38.896400621202275,6.83554382324221],[38.894933742947067,6.829827880859397],[38.880066257052974,6.82850545247398],[38.879166666666691,6.825],[38.864242214626756,6.825353325737868],[38.860757785373288,6.828813340928841],[38.855908881293423,6.829519992404536],[38.852424452039955,6.832980007595507],[38.826742214626755,6.833686659071203],[38.823257785373286,6.837146674262175],[38.818408881293422,6.83785332573787],[38.810757785373283,6.845480007595508],[38.804166666666688,6.845833333333355],[38.803813340928841,6.860757785373286],[38.798290167914516,6.866308593750022],[38.795833333333356,6.866666666666688],[38.780908881293421,6.867019992404536],[38.777424452039952,6.870480007595509],[38.770833333333357,6.870833333333356],[38.768408881293425,6.870480007595509],[38.764924452039949,6.867019992404536],[38.755908881293422,6.866313340928841],[38.752424452039953,6.86285332573787],[38.739242214626756,6.862146674262175],[38.731591118706618,6.854519992404536],[38.722575547960091,6.853813340928841],[38.719091118706615,6.850353325737869],[38.714951070149759,6.849646674262175],[38.706250678168423,6.858319430881099],[38.702424452039949,6.854519992404536],[38.698287116156706,6.853813340928841],[38.694091118706616,6.857980007595508],[38.691666666666684,6.858333333333356],[38.691313340928843,6.860757785373286],[38.687853325737869,6.864242214626758],[38.6875,6.866666666666688],[38.687853325737869,6.877424452039953],[38.691313340928843,6.880908881293426],[38.691666666666684,6.9125],[38.692517598470076,6.915815904405404],[38.698043823242209,6.917233954535613],[38.707413567437086,6.925582885742211],[38.708900621202275,6.931377156575543],[38.711932712131095,6.935289510091168],[38.713067287868945,6.955103895399328],[38.704733954535612,6.964456176757835],[38.704166666666687,6.979166666666689],[38.705017598470072,6.982482571072072],[38.711791483561221,6.984220716688391],[38.713067287868945,6.993877156575544],[38.716099378797765,6.997789510091168],[38.717517598470074,7.003315904405405],[38.724392530653233,7.005080159505232],[38.725,7.020833333333357],[38.729166666666686,7.020833333333357],[38.731591118706618,7.021186659071204],[38.735075547960093,7.024646674262176],[38.745833333333351,7.025],[38.746186659071199,7.03159111870662],[38.753813340928843,7.03924221462676],[38.754166666666691,7.045833333333357],[38.758333333333354,7.045833333333357],[38.760757785373286,7.046186659071204],[38.774645826551669,7.060049099392385],[38.775,7.070833333333358],[38.777424452039952,7.071186659071204],[38.787142266167557,7.080878363715302],[38.787853325737871,7.085757785373287],[38.799646674262178,7.097575547960094],[38.800353325737866,7.102424452039955],[38.803813340928841,7.105908881293427],[38.804519992404536,7.114924452039954],[38.816313340928843,7.126742214626761],[38.816666666666691,7.129166666666691],[38.822993469238305,7.128549194335962],[38.828697543674068,7.124382527669296],[38.832600741916252,7.126215955946205],[38.834127468533005,7.136705864800371],[38.845151435004361,7.138310411241344],[38.87438252766929,7.16867319742841],[38.875617472330752,7.172993469238306],[38.882715861002623,7.181173197428411],[38.884412299262173,7.187107340494816],[38.902006361219641,7.203549024793862],[38.90416666666669,7.204166666666691],[38.906591118706622,7.204519992404538],[38.910075547960091,7.207980007595511],[38.914924452039955,7.208686659071205],[38.935075547960089,7.228813340928845],[38.945833333333354,7.229166666666692],[38.95,7.229166666666692],[38.964924452039952,7.229519992404539],[38.968408881293428,7.232980007595511],[38.977424452039955,7.233686659071205],[38.980908881293423,7.237146674262178],[38.983333333333356,7.2375],[38.989924452039951,7.237853325737873],[39.001742214626759,7.249646674262178],[39.006591118706623,7.250353325737873],[39.010075547960092,7.253813340928845],[39.020833333333357,7.254166666666692],[39.022201199001756,7.258950975206188],[39.027160305447069,7.257715691460529],[39.031933254665823,7.254229058159748],[39.041049194335962,7.264506530761745],[39.042593044704887,7.269906955295165],[39.049073621961831,7.271759711371553],[39.05061747233075,7.277160135904973],[39.061882527669297,7.289506530761744],[39.06330261230471,7.299264865451415],[39.078366767035611,7.300735473632838],[39.082715861002626,7.306173197428411],[39.084421454535615,7.31213972303605],[39.097839694552974,7.324382358127195],[39.110493638780405,7.325617641872856],[39.11450636121964,7.328549024793863],[39.120833333333358,7.329166666666692],[39.121732923719641,7.332672119140651],[39.129166666666691,7.333333333333359],[39.129519992404539,7.339924452039956],[39.132980007595506,7.343408881293429],[39.13369106716582,7.348288472493516],[39.143408881293425,7.357980007595512],[39.145833333333357,7.358333333333359],[39.145833333333357,7.3625],[39.15,7.3625],[39.1625,7.3625],[39.1625,7.37083333333336],[39.164924452039955,7.371186659071206],[39.172575547960093,7.378813340928845],[39.179166666666688,7.379166666666693],[39.179524739583357,7.381623501247857],[39.185075547960096,7.387146674262179],[39.2,7.3875],[39.208333333333357,7.3875],[39.227160305447072,7.388117641872856],[39.231173027886307,7.391049024793864],[39.23720330132381,7.392773098415825],[39.245215861002627,7.402006530761746],[39.24645080566409,7.406326802571641],[39.249382527669297,7.410339864095079],[39.250617472330752,7.414660135904974],[39.25354919433596,7.418673197428411],[39.255166286892383,7.429784308539523],[39.25771586100263,7.427160135904975],[39.259194946289085,7.41699778238935],[39.26619737413197,7.411882358127197],[39.272993638780406,7.413117641872857],[39.278697374131973,7.417284308539523],[39.290882703993077,7.415911356608099],[39.295215861002632,7.410493469238308],[39.296991984049505,7.40428059895836],[39.302006361219647,7.400617641872856],[39.310493638780407,7.399382358127196],[39.314506361219642,7.396450975206189],[39.328360663519987,7.39509853786895],[39.349382527669299,7.372993469238308],[39.35,7.37083333333336],[39.354166666666693,7.37083333333336],[39.357482571072076,7.371684265136745],[39.358333333333363,7.375],[39.361892361111138,7.375913323296468],[39.3625,7.391666666666693],[39.3619327121311,7.393877156575547],[39.358900621202281,7.397789510091172],[39.357766045464437,7.410543823242215],[39.354733954535618,7.414456176757839],[39.353599378797767,7.418877156575547],[39.350567287868948,7.422789510091173],[39.349432712131104,7.42721048990888],[39.346400621202285,7.431122843424506],[39.345266045464435,7.443877156575548],[39.342233954535615,7.447789510091173],[39.340958319769989,7.457445949978325],[39.335289510091172,7.458900621202284],[39.323043823242216,7.470266045464436],[39.318622843424507,7.471400621202283],[39.308373684353327,7.480697123209662],[39.311932712131103,7.485289510091173],[39.313067287868947,7.489710489908882],[39.316099378797766,7.493622843424506],[39.316666666666691,7.516666666666694],[39.320195515950545,7.517572360568604],[39.321471150716171,7.536594306098118],[39.325,7.5375],[39.325,7.541666666666694],[39.328505452473983,7.542566257052979],[39.329733954535612,7.556377156575548],[39.336932712131102,7.56445617675784],[39.3375,7.566666666666695],[39.337853325737875,7.569091118706625],[39.345480007595512,7.576742214626764],[39.34583333333336,7.579166666666694],[39.35,7.579166666666694],[39.349646674262175,7.594091118706626],[39.346186659071208,7.597575547960098],[39.34583333333336,7.6],[39.349149237738743,7.600850931803413],[39.35,7.604166666666694],[39.350567287868948,7.610543823242216],[39.353599378797767,7.614456176757841],[39.355017428927979,7.619982401529976],[39.358333333333363,7.620833333333362],[39.358900621202281,7.623043823242216],[39.3619327121311,7.62695617675784],[39.363208346896727,7.636612616644994],[39.366666666666696,7.6375],[39.366666666666696,7.641666666666695],[39.367019992404536,7.648257785373293],[39.370480007595511,7.651742214626765],[39.370833333333358,7.6625],[39.373257785373291,7.662853325737876],[39.378811645507838,7.668379550510011],[39.379519992404539,7.681591118706626],[39.382980007595513,7.685075547960098],[39.383686659071209,7.694091118706626],[39.387146674262176,7.697575547960098],[39.3875,7.7125],[39.387853325737872,7.723257785373293],[39.391313340928846,7.726742214626765],[39.391666666666694,7.7375],[39.392019992404542,7.756591118706627],[39.395480007595509,7.760075547960099],[39.396186659071205,7.785757785373294],[39.399646674262179,7.789242214626766],[39.400353325737875,7.798257785373293],[39.404152086046032,7.802083333333363],[39.400353325737875,7.805908881293433],[39.4,7.808333333333363],[39.399432712131102,7.810543823242217],[39.396400621202282,7.814456176757842],[39.395124986436656,7.824112616644995],[39.391666666666694,7.825],[39.392019992404542,7.835757785373294],[39.395480007595509,7.839242214626767],[39.395833333333357,7.854166666666696],[39.396186659071205,7.860757785373294],[39.403813340928849,7.868408881293433],[39.40416666666669,7.891666666666698],[39.407672119140649,7.892566257052982],[39.40833333333336,7.9],[39.411731635199679,7.90097164577911],[39.41330939398874,7.911811998155413],[39.425,7.9125],[39.425355021158879,7.919120449490048],[39.430908881293426,7.924646674262183],[39.433333333333358,7.925],[39.433686659071206,7.935757785373294],[39.437485419379364,7.939583333333364],[39.433686659071206,7.943408881293434],[39.433333333333358,7.945833333333365],[39.433333333333358,7.95],[39.433333333333358,7.954166666666698],[39.434184095594645,7.957482401529979],[39.4375,7.958333333333364],[39.4375,7.9625],[39.4375,7.966666666666682],[39.439924452039961,7.967019992404545],[39.443408881293429,7.970480007595517],[39.445833333333361,7.970833333333364],[39.449149237738744,7.97168426513675],[39.45,7.975],[39.45056728786895,7.977210489908885],[39.461932712131102,7.989456176757844],[39.463208346896728,7.999112616644997],[39.468877156575545,8.000567287868956],[39.472789510091175,8.003599378797775],[39.477210489908884,8.004733954535622],[39.48658040364586,8.013082885742218],[39.488067287868951,8.018877156575552],[39.49109937879777,8.022789510091178],[39.491666666666696,8.025],[39.504166666666691,8.025],[39.505017428927978,8.028315904405398],[39.508333333333361,8.029166666666683],[39.508900621202287,8.031377156575537],[39.511932712131106,8.035289510091161],[39.513208346896725,8.044945949978313],[39.518877156575549,8.046400621202272],[39.528463745117215,8.055095757378488],[39.529733954535615,8.064710489908871],[39.532766045464435,8.068622843424496],[39.533900621202285,8.073043823242203],[39.536932712131104,8.076956176757829],[39.538067287868948,8.093877156575537],[39.541099378797767,8.097789510091161],[39.541666666666693,8.1],[39.548257785373295,8.100353325737863],[39.551742214626763,8.103813340928836],[39.558333333333358,8.104166666666682],[39.560455661349856,8.103511216905398],[39.566420830620686,8.099344550238731],[39.581288994683185,8.100655449761302],[39.585377671983537,8.103511216905398],[39.60330946180558,8.104915025499148],[39.604822116427982,8.114622328016509],[39.611844550238743,8.122877671983524],[39.613257853190134,8.140930514865467],[39.636639743381103,8.142396375868072],[39.63844841851131,8.154001871744809],[39.643711005316867,8.157677883572065],[39.647955661349854,8.158988783094635],[39.6520443386502,8.161844550238731],[39.654166666666697,8.1625],[39.654733954535615,8.173043823242203],[39.657766045464442,8.17695617675783],[39.659184095594647,8.182482571072065],[39.664710489908884,8.183900621202273],[39.668622843424508,8.186932712131092],[39.673043823242217,8.18806728786894],[39.689456176757844,8.20359937879776],[39.695094468858535,8.205046251085086],[39.696400621202287,8.213246663411475],[39.692233954535617,8.218622843424496],[39.691099378797773,8.223043823242204],[39.687103949652808,8.22819892035592],[39.683333333333358,8.229166666666684],[39.683988104926243,8.236527167426232],[39.693622843424507,8.245266045464426],[39.699603949652804,8.246801079644115],[39.703599378797769,8.25195617675783],[39.705017428927981,8.257482571072066],[39.710543823242219,8.258900621202274],[39.718622843424505,8.26609937879776],[39.723043823242215,8.267233954535607],[39.726956176757838,8.270266045464428],[39.729166666666693,8.27083333333335],[39.730381605360272,8.26609937879776],[39.744932386610273,8.267322794596371],[39.746801079644129,8.274603949652796],[39.75208333333336,8.278698052300365],[39.756122843424507,8.275567287868942],[39.7625,8.275],[39.778253173828155,8.275607638888907],[39.779166666666697,8.279166666666685],[39.78248257107208,8.28001742892797],[39.784184095594647,8.286649237738732],[39.789710489908884,8.288067287868941],[39.793622843424508,8.29109937879776],[39.804166666666696,8.291666666666684],[39.805054050021731,8.288208346896718],[39.814710489908883,8.286932712131094],[39.818622843424507,8.283900621202275],[39.856377156575547,8.282766045464427],[39.860289510091178,8.279733954535608],[39.86994594997833,8.278458319769982],[39.870833333333366,8.275],[39.910757785373292,8.27464667426217],[39.918408881293431,8.267019992404531],[39.923257785373295,8.266313340928837],[39.939242214626766,8.250353325737864],[39.944091118706631,8.24964667426217],[39.951742214626769,8.242019992404531],[39.9625,8.241666666666685],[39.9625,8.245833333333351],[39.962853325737861,8.252424452039948],[39.966313340928835,8.25590888129342],[39.966666666666683,8.266666666666683],[39.963350931803397,8.267517428927968],[39.9625,8.27083333333335],[39.958961147732218,8.27174140082467],[39.957766045464425,8.292413330078142],[39.961932712131087,8.297789510091164],[39.963067287868938,8.30907999674481],[39.958900621202268,8.31445617675783],[39.958333333333364,8.320833333333351],[39.960543823242205,8.321400621202274],[39.964456176757828,8.324432712131095],[39.969982401529961,8.325850762261302],[39.971400621202271,8.331377156575538],[39.97443271213109,8.335289510091163],[39.975567287868941,8.339710489908873],[39.986932712131093,8.351956176757831],[39.988387383355047,8.357624986436651],[39.999112616644979,8.359041680230053],[40.0,8.3625],[39.996572028266073,8.363379584418421],[39.995266045464426,8.37157999674481],[39.999432712131089,8.376956176757831],[40.0,8.379166666666684],[40.000661214192725,8.386600409613735],[40.007672119140636,8.388399590386303],[40.008333333333347,8.395833333333352],[40.010543823242202,8.396400621202275],[40.022789510091158,8.407766045464427],[40.04068756103517,8.408966064453143],[40.045266045464423,8.414456176757831],[40.046801079644112,8.42043728298613],[40.051956176757827,8.424432712131095],[40.057937452528229,8.425967746310782],[40.06306728786894,8.432586669921893],[40.061932712131089,8.435543823242206],[40.058068678114168,8.440529378255228],[40.066270785861562,8.44263441297745],[40.070266045464422,8.447789510091164],[40.071684265136732,8.4533159044054],[40.078315734863295,8.45501742892797],[40.079733954535605,8.460543823242206],[40.082766045464425,8.464456176757832],[40.084037611219635,8.474080403645853],[40.089587571885865,8.478708902994811],[40.097789510091161,8.471400621202276],[40.10221048990887,8.470266045464429],[40.110289510091164,8.463067287868942],[40.1125,8.4625],[40.113067287868937,8.464710489908873],[40.116099378797756,8.468622843424498],[40.117634412977445,8.474603949652797],[40.12278951009116,8.478599378797762],[40.127210489908869,8.479733954535609],[40.131122843424492,8.482766045464428],[40.137104119194895,8.484301079644116],[40.141099378797762,8.489456176757832],[40.142375183105486,8.499112616644984],[40.14583333333335,8.5],[40.14583333333335,8.508333333333352],[40.146801079644113,8.512103949652797],[40.151956176757828,8.516099378797762],[40.157482401529961,8.51751742892797],[40.159232923719635,8.524338785807311],[40.166666666666686,8.525],[40.170833333333348,8.525],[40.1729934692383,8.525617472330749],[40.177006530761737,8.528549194335957],[40.183036634657135,8.530273098415819],[40.191049024793855,8.539506361219637],[40.192284308539513,8.543826972113735],[40.199382358127188,8.552006361219638],[40.20073513454863,8.565864054361999],[40.212168884277361,8.567528279622415],[40.216049024793854,8.572839694552972],[40.217593044704877,8.578240288628493],[40.220833333333353,8.579166666666687],[40.225,8.579166666666687],[40.227424452039948,8.579519992404535],[40.230908881293416,8.582980007595506],[40.245833333333351,8.583333333333353],[40.246186659071199,8.585757785373284],[40.253813340928836,8.593408881293422],[40.254519992404532,8.598257785373285],[40.257980007595506,8.601742214626757],[40.258686659071195,8.610757785373284],[40.262146674262169,8.614242214626756],[40.2625,8.616666666666687],[40.265815734863295,8.617517428927972],[40.266666666666687,8.620833333333353],[40.27083333333335,8.620833333333353],[40.271400621202275,8.623043823242208],[40.274432712131095,8.626956176757833],[40.275890604654968,8.632637193467902],[40.297789510091164,8.653599378797765],[40.303770785861559,8.655134412977452],[40.307766045464426,8.660289510091166],[40.309184265136736,8.665815904405402],[40.3158157348633,8.667517428927972],[40.31723395453561,8.673043823242208],[40.320266045464429,8.676956176757834],[40.321400621202272,8.681377156575541],[40.332766045464425,8.6936228434245],[40.334220716688385,8.69929165310332],[40.343877156575537,8.700567287868944],[40.351956176757831,8.707766045464432],[40.35637715657554,8.708900621202279],[40.37695617675783,8.728599378797764],[40.379166666666684,8.729166666666687],[40.379519992404532,8.735757785373284],[40.382980007595506,8.739242214626756],[40.383333333333354,8.741666666666688],[40.387104119194895,8.742634412977452],[40.391099378797762,8.747789510091167],[40.39256625705297,8.753505452473981],[40.406377156575537,8.754733954535611],[40.410289510091161,8.757766045464431],[40.4125,8.758333333333354],[40.412857733832482,8.760788302951411],[40.422575547960086,8.770480007595507],[40.425,8.770833333333355],[40.435757785373283,8.771186659071201],[40.447575547960085,8.782980007595508],[40.452424452039949,8.783686659071202],[40.455908881293425,8.787146674262175],[40.460757785373282,8.787853325737869],[40.464242214626758,8.791313340928841],[40.466666666666683,8.791666666666689],[40.470187547471809,8.792570326063389],[40.48276604546443,8.8061228434245],[40.483900621202274,8.81054382324221],[40.491099378797763,8.818622843424501],[40.492586432562952,8.824417114257834],[40.50195617675783,8.832766045464432],[40.511612616644982,8.834041680230056],[40.513399590386307,8.841005452473981],[40.52083333333335,8.841666666666688],[40.521400621202275,8.843877156575543],[40.525395880805142,8.849032253689259],[40.532482401529968,8.850850762261306],[40.533900621202278,8.856377156575544],[40.536932712131097,8.860289510091167],[40.5375,8.866666666666688],[40.537853325737863,8.869091118706619],[40.541313340928838,8.872575547960093],[40.541666666666686,8.875],[40.54387715657554,8.875567287868947],[40.549032253689255,8.879562717013911],[40.550567287868944,8.885543823242209],[40.563145785861565,8.899096340603322],[40.56998240152997,8.900850762261307],[40.570833333333354,8.90416666666669],[40.58333333333335,8.90416666666669],[40.5907670762804,8.903505452473981],[40.591666666666683,8.9],[40.604166666666686,8.9],[40.60501759847007,8.903315904405405],[40.608333333333356,8.90416666666669],[40.610757785373281,8.903813340928842],[40.61495378282337,8.899646674262176],[40.631591118706616,8.90035332573787],[40.644116889105923,8.912853325737871],[40.652424452039952,8.912146674262175],[40.655908881293421,8.908686659071204],[40.681591118706621,8.907980007595508],[40.685075547960089,8.904519992404536],[40.6875,8.90416666666669],[40.694120449490036,8.904521687825543],[40.699646674262176,8.910075547960092],[40.700357733832483,8.914954969618078],[40.710784064398894,8.92535332573787],[40.714924452039952,8.924646674262176],[40.71875,8.920847913954017],[40.722575547960091,8.924646674262176],[40.727424452039955,8.92535332573787],[40.730908881293423,8.928813340928842],[40.733333333333356,8.929166666666688],[40.733686659071203,8.931591118706621],[40.757980007595506,8.955908881293425],[40.758333333333354,8.9625],[40.758333333333354,8.96666666666669],[40.761649068196633,8.967517428927975],[40.7625,8.970833333333356],[40.7625,8.975],[40.768877156575542,8.975567287868946],[40.772789510091165,8.978599378797766],[40.779913330078145,8.979733954535613],[40.785289510091168,8.975567287868946],[40.792413330078148,8.974432712131099],[40.797789510091164,8.978599378797766],[40.803315734863304,8.980017428927974],[40.804166666666688,8.983333333333356],[40.807482401529967,8.984184095594641],[40.808333333333351,8.9875],[40.810757785373283,8.987146674262176],[40.814242214626759,8.983686659071203],[40.816666666666691,8.983333333333356],[40.81998240152997,8.984184095594641],[40.821732923719637,8.991005452473981],[40.835543823242212,8.992233954535614],[40.847789510091168,9.003599378797766],[40.858333333333356,9.00416666666669],[40.860757785373288,9.003813340928843],[40.864242214626756,9.000353325737871],[40.875,9.0],[40.883333333333354,9.0],[40.884232923719637,9.003505452473981],[40.891666666666687,9.00416666666669],[40.892019992404535,9.010757785373286],[40.895480007595509,9.014242214626758],[40.896186659071205,9.019091118706621],[40.903813340928842,9.02674221462676],[40.904519992404538,9.039924452039955],[40.912146674262175,9.047575547960093],[40.9125,9.0625],[40.914710489908877,9.063067287868947],[40.918622843424501,9.066099378797766],[40.924149237738739,9.067517428927975],[40.925567287868944,9.073043823242212],[40.932766045464433,9.081122843424502],[40.934228854709225,9.086822848849851],[40.951956176757832,9.103599378797767],[40.956377156575542,9.104733954535615],[40.960416666666688,9.107864718967038],[40.964583333333358,9.10463528103301],[40.968622843424498,9.107766045464434],[40.970833333333353,9.108333333333357],[40.975,9.108333333333357],[40.975353325737871,9.114924452039954],[40.978813340928845,9.118408881293426],[40.979166666666693,9.120833333333358],[40.979519992404533,9.123257785373289],[40.982980007595508,9.126742214626761],[40.983333333333356,9.129166666666691],[40.985757785373288,9.129519992404539],[40.989242214626756,9.13298000759551],[40.998257785373283,9.133686659071206],[41.005908881293422,9.141313340928845],[41.014924452039956,9.142019992404538],[41.018408881293425,9.145480007595511],[41.025,9.145833333333357],[41.028559027777803,9.146746826171899],[41.02916666666669,9.1625],[41.031591118706622,9.162853325737872],[41.043408881293423,9.174646674262178],[41.045833333333356,9.175],[41.046186659071203,9.177424452039954],[41.051709662543423,9.182975260416692],[41.056591118706621,9.183686659071206],[41.066311645507838,9.193381076388913],[41.067019992404539,9.205879550510009],[41.062853325737869,9.210075547960095],[41.0625,9.225],[41.063067287868947,9.227210489908879],[41.066099378797766,9.231122843424505],[41.067233954535617,9.235543823242212],[41.070266045464436,9.239456176757837],[41.071541680230055,9.24911261664499],[41.077210489908879,9.250567287868948],[41.081122843424502,9.253599378797768],[41.089710489908875,9.254733954535617],[41.093622843424505,9.257766045464436],[41.098043823242215,9.258900621202283],[41.106122843424501,9.266099378797769],[41.129166666666691,9.266666666666692],[41.133333333333354,9.266666666666692],[41.133333333333354,9.275],[41.156591118706622,9.275353325737873],[41.160786946614607,9.27951999240454],[41.185757785373291,9.278813340928846],[41.189242214626759,9.275353325737873],[41.195833333333354,9.275],[41.19672071668839,9.278458150227891],[41.206377156575542,9.279733954535615],[41.210289510091172,9.282766045464435],[41.214710489908882,9.283900621202282],[41.222789510091168,9.291099378797769],[41.227210489908877,9.292233954535616],[41.231122843424501,9.295266045464436],[41.23554382324221,9.296400621202283],[41.244913736979193,9.304749552408879],[41.245833333333358,9.308333333333358],[41.249149237738742,9.309184265136745],[41.250567287868947,9.31471048990888],[41.253599378797766,9.318622843424505],[41.254733954535617,9.323043823242212],[41.257766045464436,9.32695617675784],[41.258333333333361,9.329166666666692],[41.270833333333357,9.329166666666692],[41.273257785373289,9.32951999240454],[41.276742214626765,9.332980007595513],[41.289952256944467,9.333688184950113],[41.299646674262178,9.343408881293428],[41.300353325737873,9.352424452039957],[41.303813340928848,9.355908881293429],[41.304524400499155,9.360788472493516],[41.314242214626759,9.370480007595512],[41.319091118706623,9.371186659071206],[41.323286946614608,9.375353325737873],[41.327424452039956,9.374646674262179],[41.335784233940998,9.366313340928846],[41.352424452039955,9.36701999240454],[41.35625,9.370818752712701],[41.360075547960093,9.36701999240454],[41.366666666666696,9.366666666666692],[41.367322455512181,9.359293111165391],[41.374149915907147,9.353599378797769],[41.377210489908883,9.354733954535616],[41.382586669921899,9.358900621202283],[41.385543823242216,9.357766045464436],[41.38945617675784,9.354733954535616],[41.393877156575549,9.353599378797769],[41.397789510091172,9.35056728786895],[41.40331590440541,9.34914906819664],[41.405134412977453,9.342062547471814],[41.410416666666691,9.337968783908446],[41.414456176757838,9.341099378797768],[41.420833333333363,9.341666666666693],[41.425,9.341666666666693],[41.429166666666696,9.341666666666693],[41.42978413899742,9.347993469238308],[41.43395080566409,9.353697543674071],[41.432715861002627,9.35632680257164],[41.428899129231795,9.361551411946641],[41.439660305447077,9.363117641872856],[41.443673027886312,9.366049024793863],[41.456326972113743,9.367284308539523],[41.460339694552978,9.37021569146053],[41.464660305447076,9.371450975206189],[41.468673027886311,9.374382358127196],[41.472993638780409,9.375617641872857],[41.477006361219644,9.378549024793863],[41.485493638780412,9.379784308539524],[41.489583333333357,9.382771809895861],[41.49375,9.379728190104192],[41.497839694552979,9.382715691460529],[41.502160305447077,9.38395097520619],[41.506173027886312,9.386882358127195],[41.535493638780409,9.388117641872856],[41.539506361219644,9.391049024793864],[41.55,9.391666666666694],[41.550353325737873,9.394091118706623],[41.553813340928848,9.397575547960095],[41.554524400499162,9.40245446099178],[41.568408881293429,9.416313340928847],[41.575,9.416666666666693],[41.578315904405407,9.415815734863308],[41.580134412977458,9.408729214138482],[41.585289510091172,9.404733954535617],[41.5875,9.404166666666693],[41.588183254665829,9.396667141384576],[41.594618733723983,9.395395575629367],[41.596741739908879,9.403443230523029],[41.607424926757844,9.404890102810356],[41.609585571289088,9.413079833984401],[41.627197943793433,9.411920166015651],[41.63125,9.408825683593776],[41.635302056206626,9.411920166015651],[41.648031277126762,9.413079833984401],[41.651968722873292,9.416086832682318],[41.65833333333336,9.416666666666693],[41.6625,9.416666666666693],[41.673257785373295,9.417019992404541],[41.680908881293433,9.42464667426218],[41.695833333333361,9.425],[41.7,9.425],[41.700353325737879,9.427424452039958],[41.707980007595516,9.435075547960096],[41.708333333333364,9.441666666666693],[41.723257785373292,9.441313340928847],[41.727453613281277,9.437146674262181],[41.731591118706625,9.437853325737874],[41.735075547960101,9.441313340928847],[41.7375,9.441666666666693],[41.7375,9.454166666666694],[41.7375,9.458333333333361],[41.745833333333366,9.458333333333361],[41.758333333333361,9.458333333333361],[41.759184095594648,9.461649068196643],[41.764710489908886,9.463067287868951],[41.772789510091172,9.470266045464436],[41.78333333333336,9.47083333333336],[41.784301079644123,9.467062547471816],[41.789456176757838,9.463067287868951],[41.793877156575547,9.461932712131103],[41.797789510091178,9.458900621202284],[41.807404242621558,9.457630411783882],[41.816099378797773,9.448043823242214],[41.817566257052981,9.442327880859402],[41.825,9.441666666666693],[41.835757785373296,9.442019992404541],[41.843408881293435,9.44964667426218],[41.869091118706628,9.450353325737874],[41.874644978841175,9.455879550510009],[41.875,9.4625],[41.894917805989614,9.461901516384575],[41.896684095594651,9.455017598470079],[41.902210489908882,9.453599378797771],[41.906122843424512,9.45056728786895],[41.911649237738743,9.449149068196641],[41.9125,9.445833333333361],[41.916021050347254,9.446736823187962],[41.92859937879777,9.460289510091172],[41.930134412977459,9.466270785861571],[41.935289510091174,9.470266045464436],[41.944945949978326,9.471541849772162],[41.94704827202694,9.479733954535618],[41.953304714626768,9.478358968098986],[41.955075751410618,9.471456909179715],[41.966666666666697,9.47083333333336],[41.975,9.47083333333336],[41.975357564290377,9.473287455240913],[41.993408881293419,9.491313340928848],[42.002424452039946,9.492019992404542],[42.005908881293415,9.495480007595514],[42.008333333333347,9.49583333333336],[42.0125,9.49583333333336],[42.081591118706612,9.496186659071208],[42.085075547960088,9.499646674262181],[42.095833333333346,9.5],[42.099149068196631,9.500850931803413],[42.1008509318034,9.507482401529975],[42.104166666666686,9.508333333333361],[42.11575741238066,9.508956909179716],[42.116666666666681,9.5125],[42.125,9.5125],[42.135757785373279,9.512853325737876],[42.139242214626755,9.516313340928846],[42.144091118706612,9.517019992404542],[42.147575547960088,9.520480007595513],[42.154166666666683,9.520833333333361],[42.160757785373278,9.520480007595513],[42.164583333333347,9.516681247287353],[42.16912044949003,9.521186659071208],[42.181591118706613,9.520480007595513],[42.185075547960082,9.517019992404542],[42.189924452039946,9.516313340928846],[42.193408881293422,9.512853325737876],[42.198288472493509,9.512142266167562],[42.207980007595502,9.502424452039957],[42.208688015408001,9.489215257432754],[42.222575547960083,9.475353325737874],[42.225,9.475],[42.22721048990887,9.475567287868952],[42.231122843424494,9.478599378797771],[42.240779283311646,9.479875183105495],[42.242634412977445,9.487104119194905],[42.24778951009116,9.49109937879777],[42.25,9.491666666666694],[42.250353325737862,9.494091118706624],[42.253813340928836,9.497575547960096],[42.254166666666684,9.5],[42.256591118706616,9.499646674262181],[42.260075547960085,9.496186659071208],[42.264924452039949,9.495480007595514],[42.26875,9.491681247287353],[42.273287116156702,9.496186659071208],[42.294091118706618,9.495480007595514],[42.297575547960086,9.492019992404542],[42.304166666666681,9.491666666666694],[42.306591118706613,9.492019992404542],[42.31214107937285,9.497542148166261],[42.312853325737862,9.501712883843343],[42.308686659071199,9.505908881293429],[42.307980007595503,9.514215596516955],[42.316313340928836,9.522575547960097],[42.316666666666684,9.525],[42.323257785373279,9.525353325737875],[42.326742214626755,9.528813340928847],[42.335757785373282,9.529519992404541],[42.339242214626751,9.532980007595514],[42.344091118706615,9.533686659071208],[42.352451070149755,9.542019992404541],[42.373257785373283,9.541313340928847],[42.377083333333353,9.537514580620687],[42.381620449490036,9.542019992404541],[42.398257785373282,9.541313340928847],[42.402453782823372,9.53714667426218],[42.410757785373285,9.537853325737874],[42.414242214626753,9.541313340928847],[42.419091118706618,9.542019992404541],[42.422575547960086,9.545480007595515],[42.431591118706613,9.546186659071209],[42.435075547960089,9.549646674262181],[42.439924452039946,9.550353325737875],[42.444120449490036,9.554519992404542],[42.452424452039949,9.553813340928848],[42.456620449490039,9.549646674262181],[42.469091118706615,9.550353325737875],[42.480908881293423,9.562146674262181],[42.4875,9.5625],[42.488387383355054,9.559041849772163],[42.499080573187953,9.557629055447077],[42.503599378797759,9.552210489908882],[42.504166666666684,9.55],[42.510543823242209,9.550567287868951],[42.514456176757832,9.55359937879777],[42.518877156575542,9.554733954535617],[42.524253336588558,9.558900621202284],[42.540762837727883,9.557688903808621],[42.54251759847007,9.550850931803414],[42.549149068196634,9.549149068196643],[42.550967746310782,9.542062547471815],[42.556122843424497,9.538067287868952],[42.568877156575539,9.536932712131104],[42.576956176757832,9.529733954535619],[42.579166666666687,9.529166666666693],[42.582482401529965,9.53001759847008],[42.58333333333335,9.53333333333336],[42.583976067437085,9.539635043674073],[42.587789238823802,9.545012749566],[42.602135043674068,9.546476067437094],[42.606198289659311,9.549357265896294],[42.614635043674063,9.550642734103761],[42.618698289659307,9.553523932562962],[42.627135043674066,9.554809400770427],[42.631198289659309,9.557690599229629],[42.645113457573807,9.559110005696642],[42.645833333333357,9.570833333333361],[42.669916280110698,9.57142622205949],[42.671801079644119,9.578770785861574],[42.676956176757834,9.582766045464437],[42.6875,9.583333333333361],[42.694091118706616,9.582980007595514],[42.698287116156706,9.578813340928846],[42.702424452039949,9.579519992404542],[42.706620449490039,9.583686659071208],[42.723284573025197,9.582978820800809],[42.737146674262171,9.569091118706625],[42.737857733832485,9.564211527506538],[42.748284064398895,9.553813340928848],[42.789924452039955,9.554519992404542],[42.793408881293423,9.557980007595514],[42.795833333333356,9.558333333333362],[42.802424452039951,9.558686659071208],[42.80662044949004,9.562853325737874],[42.823257785373286,9.562146674262181],[42.827453782823369,9.557980007595514],[42.835757785373289,9.558686659071208],[42.843408881293428,9.566313340928847],[42.845833333333353,9.566666666666695],[42.846494547526063,9.574100409613743],[42.85,9.575],[42.852160305447072,9.574382358127199],[42.860339694552977,9.567284308539524],[42.864660305447067,9.566049024793864],[42.86867302788631,9.563117641872857],[42.8729936387804,9.561882358127198],[42.877006361219642,9.558950975206191],[42.890864054361998,9.557598198784749],[42.892528279622418,9.546164449056018],[42.897839694552971,9.542284308539525],[42.90416666666669,9.541666666666694],[42.906591118706622,9.541313340928847],[42.910075547960091,9.537853325737874],[42.914924452039955,9.53714667426218],[42.91912027994794,9.532980007595514],[42.948257785373286,9.533686659071208],[42.951742214626762,9.53714667426218],[42.973257785373285,9.537853325737874],[42.989242214626756,9.553813340928848],[42.991666666666688,9.554166666666694],[42.995124986436657,9.55327928331166],[42.996400621202277,9.543622843424506],[43.007766045464436,9.531377156575548],[43.00890062120228,9.51445617675784],[43.012031385633705,9.510416666666694],[43.008801947699673,9.50625],[43.011932712131099,9.502210489908881],[43.01313171386721,9.484327189127631],[43.022789510091172,9.475567287868952],[43.027210489908875,9.474432712131104],[43.031122843424505,9.471400621202283],[43.035543823242207,9.470266045464436],[43.039456176757838,9.467233954535617],[43.043877156575547,9.46609937879777],[43.051956176757834,9.458900621202284],[43.05765618218318,9.457437811957492],[43.074541219075542,9.439596048990913],[43.07140062120228,9.435543823242215],[43.070833333333354,9.429166666666694],[43.070833333333354,9.425],[43.067405531141517,9.424120246039523],[43.066099378797766,9.415920003255234],[43.070266045464436,9.410543823242215],[43.07140062120228,9.406122843424505],[43.074432712131099,9.402210489908882],[43.075,9.4],[43.083333333333357,9.4],[43.094924248589436,9.399376424153672],[43.09583333333336,9.395833333333361],[43.103267076280403,9.395172119140652],[43.104166666666693,9.391666666666694],[43.105017428927972,9.388350931803412],[43.108333333333356,9.3875],[43.109184095594642,9.384184265136746],[43.1125,9.38333333333336],[43.113098483615474,9.363415696885877],[43.118877156575543,9.361932712131102],[43.122789510091167,9.358900621202283],[43.128583780924501,9.357413567437092],[43.136932712131099,9.348043823242215],[43.13806728786895,9.343622843424505],[43.141099378797769,9.33971048990888],[43.142233954535612,9.335289510091172],[43.145266045464432,9.331377156575547],[43.145833333333357,9.329166666666692],[43.145833333333357,9.308333333333358],[43.149338785807316,9.307433742947074],[43.150567287868945,9.293622843424505],[43.157766045464435,9.285543823242213],[43.158900621202278,9.276956176757839],[43.163067287868948,9.271579996744817],[43.161932712131097,9.24778951009117],[43.158900621202278,9.243877156575547],[43.157766045464435,9.218622843424505],[43.154635281033009,9.214583333333358],[43.157864718967041,9.210416666666692],[43.154733954535615,9.206377156575545],[43.15416666666669,9.2],[43.154519992404538,9.197575547960094],[43.157980007595512,9.194091118706622],[43.15833333333336,9.191666666666691],[43.15833333333336,9.166666666666691],[43.157980007595512,9.160075547960094],[43.154519992404538,9.156591118706622],[43.15416666666669,9.154166666666692],[43.157482571072073,9.153315904405407],[43.158900621202278,9.147789510091171],[43.161932712131097,9.143877156575545],[43.1625,9.133333333333358],[43.166068183051237,9.132417805989608],[43.166666666666693,9.1125],[43.174100409613743,9.111838785807315],[43.175,9.108333333333357],[43.178315904405409,9.107482571072072],[43.179733954535614,9.101956176757836],[43.182766045464433,9.098043823242211],[43.184184095594645,9.092517428927975],[43.190815904405405,9.090815904405407],[43.192233954535617,9.085289510091169],[43.203599378797769,9.073043823242212],[43.204166666666694,9.070833333333358],[43.207672119140646,9.069933742947072],[43.208333333333357,9.0625],[43.210790337456622,9.062141927083356],[43.216313340928842,9.056591118706621],[43.21666666666669,9.05],[43.216099378797765,9.031122843424502],[43.20796746148006,9.021996392144121],[43.216005452473986,9.019933742947071],[43.21666666666669,9.0125],[43.219123670789955,9.012141927083357],[43.224646674262175,9.00659111870662],[43.225,9.00416666666669],[43.23161790635853,9.003811984592037],[43.249646674262181,8.985757785373288],[43.250353325737869,8.976742214626759],[43.257980007595513,8.96909111870662],[43.258686659071202,8.960075547960091],[43.262853325737872,8.955879720052106],[43.262146674262176,8.951742214626758],[43.258331976996551,8.947900729709225],[43.264242214626762,8.942019992404536],[43.269123670789952,8.941308593750023],[43.274646674262179,8.935757785373287],[43.275,8.925],[43.275353325737875,8.922575547960092],[43.278813340928842,8.91909111870662],[43.279519992404538,8.893408881293425],[43.282980007595512,8.889924452039953],[43.283686659071208,8.880908881293426],[43.287146674262175,8.877424452039953],[43.287853325737871,8.872575547960093],[43.291313340928845,8.869091118706619],[43.291666666666693,8.85],[43.292019992404541,8.847575547960091],[43.295480007595515,8.844091118706618],[43.295833333333356,8.841666666666688],[43.299639553493947,8.840578545464432],[43.311882527669297,8.82716030544707],[43.313117472330752,8.822839694552973],[43.31604919433596,8.818826972113737],[43.31746927897138,8.809068467881966],[43.325,8.808333333333355],[43.32556728786895,8.8061228434245],[43.328599378797769,8.802210489908877],[43.329774305555581,8.771746826171896],[43.335543823242212,8.770266045464432],[43.339456176757835,8.767233954535612],[43.344982571072073,8.765815904405404],[43.346970621744816,8.758068847656272],[43.353420003255238,8.763067287868946],[43.365717230902803,8.761831665039084],[43.370266045464433,8.756377156575542],[43.370833333333358,8.745833333333355],[43.389924452039956,8.745480007595507],[43.401742214626765,8.733686659071202],[43.429166666666696,8.733333333333354],[43.429519992404543,8.730908881293423],[43.432980007595511,8.727424452039951],[43.433686659071206,8.722575547960091],[43.449646674262176,8.706591118706619],[43.450358072916693,8.701709662543424],[43.455908881293432,8.696186659071202],[43.4625,8.695833333333354],[43.466666666666697,8.695833333333354],[43.477424452039955,8.695480007595506],[43.489242214626763,8.683686659071201],[43.498257785373291,8.682980007595507],[43.501742214626766,8.679519992404535],[43.506591118706623,8.678813340928841],[43.510075547960099,8.675353325737868],[43.53333333333336,8.675],[43.534184095594647,8.671684095594639],[43.539710489908884,8.67026604546443],[43.543622843424508,8.667233954535611],[43.548043823242217,8.666099378797764],[43.560289510091174,8.654733954535612],[43.581377156575549,8.653599378797765],[43.589456176757842,8.646400621202277],[43.593877156575552,8.64526604546443],[43.597789510091175,8.642233954535611],[43.604166666666693,8.641666666666687],[43.606377156575547,8.641099378797763],[43.610289510091171,8.638067287868944],[43.61887715657555,8.636932712131097],[43.622789510091174,8.633900621202278],[43.627210489908883,8.632766045464431],[43.631122843424507,8.62973395453561],[43.640779283311659,8.628458319769987],[43.641666666666694,8.625],[43.644091118706626,8.624646674262173],[43.647575547960095,8.621186659071201],[43.656591118706629,8.620480007595507],[43.664242214626768,8.612853325737866],[43.669091118706625,8.612146674262172],[43.67328694661461,8.607980007595506],[43.681591118706628,8.6086866590712],[43.689242214626766,8.616313340928841],[43.695833333333361,8.616666666666687],[43.706591118706626,8.616313340928841],[43.710075547960095,8.612853325737866],[43.714924452039959,8.612146674262172],[43.722575547960098,8.604519992404533],[43.731591118706625,8.60381334092884],[43.735075547960101,8.600353325737867],[43.744119601779545,8.599644639756963],[43.753813340928851,8.58992445203995],[43.754166666666698,8.5875],[43.754519992404539,8.58507554796009],[43.757980007595513,8.581591118706617],[43.758333333333361,8.579166666666687],[43.758900621202287,8.576956176757832],[43.778599378797772,8.55637715657554],[43.780054050021732,8.550708346896721],[43.789710489908884,8.549432712131097],[43.793622843424508,8.546400621202277],[43.799417114257842,8.544913736979186],[43.80776604546444,8.535543823242207],[43.809184095594645,8.530017428927971],[43.815958319769997,8.528279283311651],[43.817233954535617,8.518622843424499],[43.824432712131106,8.510543823242207],[43.825,8.504166666666686],[43.827424452039963,8.503813340928838],[43.835075547960102,8.496186659071199],[43.839924452039959,8.495480007595505],[43.851742214626768,8.4836866590712],[43.858333333333363,8.483333333333352],[43.857980007595515,8.480908881293422],[43.854519992404541,8.47742445203995],[43.8541666666667,8.4625],[43.853813340928852,8.455908881293421],[43.849646674262182,8.451713053385436],[43.850353325737878,8.435075547960089],[43.854519992404541,8.430879720052102],[43.853813340928852,8.426742214626755],[43.849646674262182,8.422546386718768],[43.850353325737878,8.418408881293422],[43.857980007595515,8.410757785373283],[43.858686659071211,8.401742214626754],[43.866313340928848,8.394091118706616],[43.866666666666696,8.3875],[43.869982571072079,8.386649237738734],[43.870833333333366,8.383333333333351],[43.871187676323814,8.37254672580297],[43.876742214626766,8.367019992404533],[43.879166666666698,8.366666666666685],[43.879733954535602,8.360289510091164],[43.882766045464422,8.356377156575538],[43.884184265136732,8.350850762261302],[43.891270785861558,8.349032253689254],[43.895266045464425,8.343877156575539],[43.896400621202268,8.33945617675783],[43.899432712131087,8.335543823242205],[43.900567287868938,8.331122843424497],[43.903599378797757,8.327210489908872],[43.904733954535601,8.322789510091164],[43.941099378797759,8.285543823242206],[43.942233954535602,8.281122843424496],[43.945266045464422,8.277210489908871],[43.946400621202272,8.272789510091163],[43.949432712131092,8.268877156575538],[43.95,8.258333333333351],[43.95,8.245833333333351],[43.946494547526058,8.244933742947065],[43.945833333333361,8.2375],[43.946186659071195,8.23090888129342],[43.950353325737865,8.226713053385433],[43.949646674262169,8.210075547960086],[43.946186659071195,8.206591118706614],[43.945480007595499,8.201742214626753],[43.942019992404525,8.198257785373281],[43.941313340928836,8.19340888129342],[43.937853325737862,8.189924452039946],[43.9375,8.1875],[43.934184265136736,8.186649237738731],[43.933333333333366,8.183333333333366],[43.935790167914512,8.182975260416683],[43.941313340928836,8.177424452039947],[43.941666666666698,8.175],[43.948285420735694,8.174645317925364],[43.957980007595502,8.164924452039948],[43.95833333333335,8.1625],[43.96079016791451,8.162141927083367],[43.966313340928835,8.156591118706629],[43.966666666666683,8.154166666666699],[43.969982401529961,8.153315734863314],[43.970833333333346,8.15],[43.979166666666679,8.15],[43.982482401529964,8.149149068196646],[43.983333333333348,8.145833333333366],[43.995833333333351,8.145833333333366],[43.99914906819663,8.14498240152998],[44.0,8.141666666666699],[44.01666666666668,8.141666666666699],[44.035757785373278,8.142019992404546],[44.039953782823368,8.146186659071214],[44.098257785373278,8.145480007595518],[44.110075547960086,8.133686659071213],[44.127424452039946,8.132980007595519],[44.130908881293422,8.129519992404546],[44.135757785373279,8.128813340928852],[44.139242214626755,8.12535332573788],[44.14583333333335,8.125],[44.146400621202275,8.122789510091177],[44.149432712131095,8.118877156575554],[44.150899590386302,8.11316121419274],[44.16471048990887,8.111932712131109],[44.168622843424494,8.10890062120229],[44.181377156575536,8.107766045464441],[44.18528951009116,8.104733954535622],[44.189710489908869,8.103599378797774],[44.193622843424492,8.100567287868955],[44.198043823242202,8.099432712131108],[44.201956176757832,8.096400621202289],[44.207482401529965,8.094982401529981],[44.208900621202275,8.089456176757844],[44.22859937879776,8.068877156575553],[44.230086432562949,8.063082885742219],[44.239456176757827,8.054733954535623],[44.249112616644979,8.053458150227897],[44.250850931803399,8.046684265136751],[44.256377156575539,8.045266045464441],[44.260289510091162,8.042233954535622],[44.2625,8.041666666666698],[44.265815734863295,8.040815734863314],[44.267233954535605,8.035289510091177],[44.270266045464425,8.031377156575552],[44.27083333333335,8.020833333333364],[44.273043823242205,8.020266045464441],[44.301956176757827,7.992233954535621],[44.306377156575536,7.991099378797774],[44.310289510091167,7.988067287868954],[44.3158157348633,7.986649068196646],[44.316666666666684,7.983333333333364],[44.316005452473973,7.975899590386316],[44.308916219075542,7.974080234103764],[44.300567287868944,7.964710489908885],[44.299432712131093,7.956122843424509],[44.296400621202274,7.952210489908885],[44.29526604546443,7.935289510091176],[44.29109937879776,7.929913330078156],[44.292233954535604,7.922789510091176],[44.29526604546443,7.918877156575551],[44.296684265136733,7.913350931803416],[44.302210489908873,7.911932712131107],[44.306122843424497,7.908900621202287],[44.308333333333351,7.908333333333363],[44.308686659071199,7.905908881293433],[44.312146674262173,7.902424452039961],[44.312853325737862,7.889242214626766],[44.316652086046027,7.885416666666697],[44.312853325737862,7.881591118706627],[44.3125,7.879166666666697],[44.3125,7.875],[44.312853325737862,7.855908881293432],[44.316313340928836,7.85242445203996],[44.317019992404532,7.843408881293433],[44.320480007595506,7.839924452039961],[44.320833333333354,7.8375],[44.317327880859395,7.836600409613745],[44.316666666666684,7.829166666666696],[44.314242214626752,7.82881334092885],[44.298257785373281,7.812853325737877],[44.285075547960083,7.812146674262182],[44.264924452039949,7.792019992404544],[44.260075547960085,7.791313340928848],[44.248257785373283,7.779519992404543],[44.243408881293419,7.778813340928849],[44.225355529785176,7.760785251193606],[44.224646674262168,7.751742214626765],[44.221186659071194,7.748257785373293],[44.220480007595505,7.735075547960099],[44.217019992404531,7.731591118706627],[44.216313340928835,7.705908881293432],[44.208686659071198,7.698257785373293],[44.207980007595502,7.693408881293432],[44.18959740532771,7.675000508626331],[44.185757785373283,7.678813340928848],[44.179166666666681,7.679166666666696],[44.179519992404529,7.672575547960098],[44.182980007595503,7.669091118706626],[44.1836881849501,7.655881245931019],[44.193408881293422,7.646186659071208],[44.210757785373282,7.645480007595514],[44.214242214626751,7.642019992404542],[44.220833333333353,7.641666666666695],[44.228395250108527,7.640895250108535],[44.229809400770414,7.62703162299265],[44.23269059922962,7.622968377007407],[44.233976067437084,7.618698289659316],[44.236857265896283,7.614635043674074],[44.2375,7.608333333333361],[44.239924452039951,7.608686659071209],[44.243408881293419,7.612146674262181],[44.25,7.6125],[44.250357564290383,7.610045878092476],[44.268408881293418,7.592019992404541],[44.275,7.591666666666695],[44.275850931803404,7.588350931803413],[44.28293745252823,7.586532253689263],[44.28693271213109,7.581377156575549],[44.288419765896286,7.575582885742215],[44.297789510091164,7.567233954535618],[44.303770785861559,7.56569892035593],[44.307766045464426,7.560543823242215],[44.308333333333351,7.558333333333361],[44.319091118706616,7.557980007595514],[44.322575547960085,7.554519992404542],[44.327455139160172,7.553808932834229],[44.337146674262172,7.544091118706625],[44.337853325737868,7.539242214626764],[44.341313340928835,7.535757785373292],[44.342024739583351,7.530876498752198],[44.347575547960091,7.525353325737875],[44.35,7.525],[44.35,7.520833333333361],[44.350567287868941,7.510289510091173],[44.361932712131093,7.498043823242215],[44.363067287868944,7.489456176757839],[44.367233954535607,7.484079996744819],[44.366099378797763,7.472789510091173],[44.362555440266945,7.468216620551242],[44.3811228434245,7.45056728786895],[44.385543823242209,7.449432712131103],[44.397789510091165,7.43806728786895],[44.403315734863298,7.436649068196641],[44.404733954535608,7.431122843424506],[44.407766045464427,7.42721048990888],[44.408900621202278,7.422789510091173],[44.411932712131097,7.418877156575547],[44.4125,7.416666666666693],[44.413067287868941,7.414456176757839],[44.41609937879776,7.410543823242215],[44.417233954535611,7.406122843424505],[44.42026604546443,7.402210489908881],[44.421400621202274,7.38945617675784],[44.424432712131093,7.385543823242214],[44.425567287868944,7.376956176757838],[44.432766045464426,7.368877156575547],[44.433900621202277,7.360289510091172],[44.436932712131096,7.356377156575547],[44.438350931803406,7.350850931803412],[44.441666666666684,7.35],[44.441666666666684,7.34583333333336],[44.445833333333354,7.34583333333336],[44.45,7.34583333333336],[44.4508995903863,7.342327880859401],[44.45833333333335,7.341666666666693],[44.45833333333335,7.333333333333359],[44.460757785373282,7.332980007595513],[44.468408881293421,7.325353325737873],[44.470833333333353,7.325],[44.482327440049929,7.324381679958793],[44.491099378797763,7.31471048990888],[44.492517598470073,7.309184265136745],[44.495833333333351,7.308333333333358],[44.49619140625002,7.305876498752196],[44.501742214626752,7.300353325737873],[44.504166666666684,7.3],[44.504519992404532,7.297575547960095],[44.507980007595506,7.294091118706623],[44.508686659071202,7.289242214626762],[44.516313340928839,7.281591118706623],[44.517019992404535,7.276742214626761],[44.520480007595502,7.273257785373289],[44.521186659071198,7.264242214626762],[44.524646674262172,7.26075778537329],[44.525357733832486,7.255878872341605],[44.539242214626753,7.242019992404539],[44.544091118706618,7.241313340928844],[44.551742214626756,7.233686659071205],[44.560757785373283,7.232980007595511],[44.568408881293422,7.225353325737872],[44.573257785373286,7.224646674262178],[44.576742214626755,7.221186659071206],[44.581591118706619,7.220480007595511],[44.589242214626758,7.212853325737872],[44.594091118706615,7.212146674262177],[44.597575547960091,7.208686659071205],[44.604166666666686,7.208333333333359],[44.619091118706621,7.207980007595511],[44.626742214626759,7.200353325737872],[44.631591118706616,7.199646674262178],[44.635787116156706,7.195480007595511],[44.639924452039949,7.196186659071206],[44.643408881293425,7.199646674262178],[44.65,7.2],[44.650850931803404,7.196684265136744],[44.65416666666669,7.195833333333358],[44.654733954535608,7.193622843424504],[44.657766045464427,7.18971048990888],[44.658900621202278,7.181122843424504],[44.66609937879776,7.173043823242212],[44.66751759847007,7.167517598470077],[44.674354214138475,7.16576317681209],[44.686932712131096,7.152210489908878],[44.688350931803406,7.146684095594642],[44.693877156575539,7.145266045464434],[44.701956176757832,7.138067287868948],[44.710543823242205,7.136932712131101],[44.714456176757835,7.133900621202281],[44.71666666666669,7.133333333333358],[44.717019992404538,7.135757785373288],[44.720480007595505,7.13924221462676],[44.721191406250021,7.144123670789956],[44.727083672417557,7.149986436631969],[44.735075547960093,7.142019992404538],[44.7375,7.141666666666691],[44.740815734863304,7.140815904405406],[44.742233954535614,7.13528951009117],[44.745266045464433,7.131377156575545],[44.746400621202277,7.126956176757837],[44.753599378797766,7.118877156575545],[44.75473395453561,7.11028951009117],[44.757766045464429,7.106377156575546],[44.75922071668839,7.100708346896726],[44.769945949978322,7.099291653103323],[44.771400621202275,7.093622843424503],[44.786932712131097,7.077210489908878],[44.788161214192726,7.063399590386309],[44.79387715657554,7.0619327121311],[44.797916666666687,7.058801947699676],[44.802083333333357,7.062031385633704],[44.806122843424504,7.05890062120228],[44.814710489908876,7.057766045464433],[44.826956176757832,7.046400621202281],[44.831377156575542,7.045266045464434],[44.835289510091165,7.042233954535615],[44.840815734863305,7.040815904405406],[44.842634412977453,7.033729383680579],[44.847789510091168,7.029733954535613],[44.852210489908877,7.028599378797766],[44.856122843424501,7.025567287868947],[44.870833333333358,7.025],[44.875,7.025],[44.875353325737869,7.022575547960093],[44.878813340928843,7.019091118706621],[44.879166666666691,7.016666666666691],[44.88007032606339,7.013145616319468],[44.893622843424502,7.000567287868947],[44.898043823242212,6.9994327121311],[44.906122843424498,6.992233954535614],[44.910543823242207,6.991099378797767],[44.914456176757838,6.988067287868947],[44.919982571072069,6.986649237738739],[44.921400621202281,6.981122843424503],[44.9244327121311,6.977210489908877],[44.925,6.975],[44.928315904405402,6.974149237738738],[44.929166666666688,6.970833333333356],[44.935757785373283,6.970480007595509],[44.939242214626759,6.967019992404537],[44.944091118706623,6.966313340928842],[44.968408881293428,6.942019992404536],[44.970833333333353,6.94166666666669],[44.971400621202278,6.939456176757835],[44.995266045464433,6.914710489908877],[44.996400621202277,6.910289510091168],[45.003599378797766,6.902210489908876],[45.00473395453561,6.881122843424501],[45.011932712131099,6.87304382324221],[45.01306728786895,6.868622843424502],[45.016099378797769,6.864710489908877],[45.01758626302086,6.858916219075542],[45.026956176757835,6.850567287868946],[45.033900621202278,6.848785061306446],[45.032766045464435,6.826956176757834],[45.028599378797765,6.821579996744814],[45.029733954535615,6.801956176757834],[45.041099378797767,6.789710489908876],[45.041666666666693,6.783333333333355],[45.040694851345506,6.779935031467035],[45.028549194335959,6.778167046440993],[45.029784138997421,6.760339694552973],[45.032715861002629,6.756326972113737],[45.03333333333336,6.741666666666688],[45.031122843424505,6.741099378797765],[45.025967746310783,6.737103949652798],[45.024432712131102,6.731122843424501],[45.021400621202282,6.727210489908876],[45.020266045464432,6.706122843424501],[45.016464233398459,6.701217312283007],[45.011649915907142,6.699432712131097],[45.004870944552977,6.705086263020855],[45.003599378797766,6.714710489908875],[44.999009535047769,6.720214165581618],[44.975909084743947,6.721456909179709],[44.974432712131097,6.727210489908876],[44.967233954535615,6.735289510091167],[44.96666666666669,6.7375],[44.963350762261307,6.736649237738737],[44.961932712131102,6.731122843424501],[44.911477661132835,6.679784138997416],[44.9,6.679166666666688],[44.893622843424502,6.678599378797763],[44.889710489908879,6.675567287868944],[44.88528951009117,6.674432712131097],[44.881377156575546,6.671400621202277],[44.87204827202693,6.67026604546443],[44.870833333333358,6.675],[44.867517428927975,6.674149237738736],[44.866666666666688,6.670833333333354],[44.866311645507835,6.664213053385437],[44.860757785373288,6.658686659071201],[44.858333333333356,6.658333333333355],[44.85776604546443,6.651956176757833],[44.853599378797767,6.646579996744812],[44.854733954535611,6.6311228434245],[44.8619327121311,6.623043823242208],[44.863067287868944,6.618622843424499],[44.878599378797766,6.602210489908874],[44.87973395453561,6.597789510091166],[44.882766045464429,6.593877156575541],[44.88390062120228,6.585289510091165],[44.887031385633705,6.58125],[44.882766045464429,6.575746663411478],[44.88390062120228,6.556122843424498],[44.895266045464432,6.54387715657554],[44.896684095594637,6.538350762261304],[44.903315904405403,6.536649237738734],[44.904733954535615,6.531122843424498],[44.907766045464435,6.527210489908874],[44.908900621202278,6.522789510091165],[44.911932712131097,6.51887715657554],[44.9125,6.516666666666686],[44.912853325737871,6.510075547960088],[44.917019992404533,6.505879720052103],[44.916313340928845,6.489242214626755],[44.912853325737871,6.485757785373282],[44.912146674262175,6.480908881293422],[44.900353325737868,6.469091118706617],[44.9,6.466666666666686],[44.90416666666669,6.466666666666686],[44.906591118706622,6.466313340928838],[44.914242214626761,6.4586866590712],[44.919123670789951,6.457975260416686],[44.924646674262178,6.452424452039949],[44.925,6.425],[44.924646674262178,6.422575547960088],[44.921186659071203,6.419091118706616],[44.920480007595508,6.414242214626755],[44.916313340928845,6.410046386718768],[44.917019992404533,6.405908881293422],[44.925353325737866,6.397549099392379],[44.924646674262178,6.393408881293421],[44.921186659071203,6.389924452039949],[44.920480007595508,6.385075547960088],[44.916313340928845,6.380879720052102],[44.917019992404533,6.372575547960087],[44.921186659071203,6.368379720052102],[44.920480007595508,6.364242214626755],[44.916313340928845,6.360046386718768],[44.917019992404533,6.355908881293421],[44.921186659071203,6.351713053385435],[44.920480007595508,6.305908881293421],[44.908686659071201,6.294091118706614],[44.908333333333353,6.291666666666684],[44.907980007595512,6.289242214626753],[44.904519992404538,6.285757785373281],[44.90416666666669,6.283333333333351],[44.897575547960088,6.282980007595503],[44.892024739583356,6.277457004123281],[44.891666666666687,6.275],[44.895833333333357,6.275],[44.902452256944464,6.274645317925365],[44.912146674262175,6.264924452039947],[44.9125,6.258333333333351],[44.9125,6.25],[44.914924452039955,6.24964667426217],[44.918408881293423,6.246186659071197],[44.923290337456621,6.245475260416685],[44.928813340928841,6.239924452039948],[44.929519992404536,6.235075547960086],[44.932980007595511,6.231591118706614],[44.933686659071199,6.226742214626753],[44.937146674262173,6.223257785373281],[44.9375,6.220833333333351],[44.935075547960089,6.220480007595503],[44.931591118706621,6.217019992404531],[44.929166666666688,6.216666666666684],[44.922789510091171,6.21609937879776],[44.914710489908877,6.208900621202273],[44.908994547526063,6.207433742947066],[44.907766045464435,6.193622843424496],[44.904635281033009,6.18958333333335],[44.907766045464435,6.185543823242204],[44.908333333333353,6.17083333333335],[44.908686659071201,6.164242214626753],[44.916313340928845,6.156591118706613],[44.917019992404533,6.147575547960086],[44.920480007595508,6.144091118706614],[44.920833333333356,6.141666666666683],[44.9375,6.141666666666683],[44.948284912109401,6.141312323676232],[44.957980007595509,6.131591118706614],[44.958686659071205,6.126742214626752],[44.970480007595512,6.114924452039947],[44.970833333333353,6.1],[44.967517428927977,6.099149237738732],[44.966099378797765,6.093622843424495],[44.958900621202282,6.085543823242204],[44.958333333333357,6.079166666666683],[44.95923292371964,6.075661214192724],[44.96666666666669,6.075],[44.968877156575545,6.074432712131092],[44.972789510091168,6.071400621202272],[44.977210489908877,6.070266045464425],[44.981122843424501,6.067233954535606],[44.988067287868944,6.065451727973106],[44.9869327121311,6.056122843424495],[44.983900621202281,6.05221048990887],[44.983333333333356,6.05],[44.983686659071203,6.047575547960101],[44.987146674262178,6.044091118706628],[44.9875,6.0375],[44.991270616319468,6.036532253689268],[44.995266045464433,6.031377156575553],[44.99654168023006,6.021720716688399],[45.003315904405405,6.01998240152998],[45.005066257052974,6.01316121419274],[45.0125,6.0125],[45.011932712131099,5.997789510091177],[45.007766045464436,5.992413330078156],[45.00890062120228,5.985289510091177],[45.011932712131099,5.981377156575552],[45.01306728786895,5.960289510091177],[45.016099378797769,5.956377156575552],[45.017517428927974,5.950850931803416],[45.020833333333357,5.95],[45.020480007595509,5.947575547960101],[45.017019992404535,5.944091118706628],[45.016666666666687,5.9375],[45.017517428927974,5.93418426513675],[45.0246039496528,5.9323655870226],[45.028599378797765,5.927210489908885],[45.030017428927977,5.921684265136749],[45.03333333333336,5.920833333333364],[45.033994547526063,5.913399590386316],[45.0375,5.9125],[45.039924452039955,5.912146674262184],[45.043408881293423,5.908686659071211],[45.048290337456621,5.907975260416697],[45.053813340928841,5.902424452039961],[45.054166666666688,5.9],[45.056591118706621,5.899646674262183],[45.060075547960096,5.896186659071211],[45.066666666666691,5.895833333333364],[45.089950900607661,5.895479668511316],[45.099646674262175,5.885757785373294],[45.1,5.883333333333363],[45.1,5.879166666666681],[45.099646674262175,5.876742214626766],[45.092019992404538,5.869091118706628],[45.09166666666669,5.8625],[45.09166666666669,5.858333333333348],[45.09166666666669,5.854166666666696],[45.102210489908877,5.853599378797773],[45.106122843424501,5.850567287868953],[45.111649237738739,5.849149068196644],[45.113714938693597,5.841099378797773],[45.118877156575543,5.842233954535621],[45.122789510091167,5.84526604546444],[45.143877156575542,5.846400621202287],[45.147789510091172,5.849432712131106],[45.15,5.85],[45.150850762261307,5.846684265136749],[45.15416666666669,5.845833333333363],[45.157482571072073,5.844982401529978],[45.15833333333336,5.841666666666697],[45.15833333333336,5.833333333333363],[45.161838785807319,5.832433742947078],[45.1625,5.825],[45.157766045464435,5.823785061306454],[45.158984035915822,5.809297519260012],[45.165816582573811,5.803599378797773],[45.17721048990888,5.80473395453562],[45.182586669921896,5.808900621202287],[45.185543823242213,5.807766045464439],[45.189456176757837,5.80473395453562],[45.191666666666691,5.804166666666696],[45.191666666666691,5.795833333333363],[45.190815904405405,5.792517598470082],[45.183916219075542,5.790746900770429],[45.1744327121311,5.780103895399336],[45.175567287868951,5.772789510091176],[45.17859937879777,5.768877156575551],[45.179733954535614,5.756122843424508],[45.182766045464433,5.752210489908883],[45.183333333333358,5.725],[45.183333333333358,5.716666666666695],[45.194118245442731,5.716312493218345],[45.203813340928846,5.706591118706626],[45.204166666666694,5.6875],[45.214951578776066,5.687145826551678],[45.224646674262175,5.677424452039959],[45.225,5.675],[45.225353325737871,5.672575547960098],[45.228813340928845,5.669091118706626],[45.229519992404541,5.664242214626764],[45.233686659071203,5.660046217176678],[45.232980007595508,5.626742214626764],[45.229519992404541,5.623257785373292],[45.228813340928845,5.597575547960098],[45.225353325737871,5.594091118706626],[45.224646674262175,5.585075547960098],[45.221186659071208,5.581591118706624],[45.220480007595512,5.576742214626764],[45.217019992404538,5.573257785373292],[45.216313340928842,5.547575547960097],[45.208347235785617,5.539584011501764],[45.212146674262179,5.535757785373292],[45.212853325737875,5.526742214626763],[45.216313340928842,5.523257785373291],[45.21666666666669,5.520833333333361],[45.21666666666669,5.516666666666694],[45.206198459201417,5.516023932562962],[45.197968207465301,5.508976067437093],[45.183622572157141,5.507512749566],[45.179772949218773,5.502083333333361],[45.182690429687526,5.497968377007406],[45.183976236979191,5.485364956325983],[45.186857096354188,5.481301710340739],[45.188298882378497,5.467168002658447],[45.19936625162763,5.457690599229627],[45.202134874131971,5.458976067437093],[45.206198459201417,5.461857265896294],[45.210468207465304,5.46314273410376],[45.215791151258706,5.466916910807319],[45.21666666666669,5.458333333333361],[45.221400621202278,5.457118394639783],[45.218877156575545,5.454733954535618],[45.21666666666669,5.454166666666694],[45.21666666666669,5.45],[45.216099378797765,5.426956176757839],[45.213067287868945,5.423043823242214],[45.21164923773874,5.417517598470079],[45.204562717013914,5.415698920355929],[45.20056728786895,5.410543823242215],[45.2,5.40833333333336],[45.195833333333354,5.40833333333336],[45.191666666666691,5.40833333333336],[45.191099378797766,5.38945617675784],[45.188067287868947,5.385543823242214],[45.186932712131103,5.381122843424505],[45.183900621202284,5.37721048990888],[45.182482571072072,5.371684265136745],[45.176956176757834,5.370266045464436],[45.17304382324221,5.367233954535616],[45.167062717013913,5.365698920355928],[45.163067287868948,5.360543823242214],[45.161612616644987,5.354875183105495],[45.150919596354193,5.353462388780408],[45.146400621202282,5.348043823242214],[45.145266045464432,5.343622843424505],[45.13390062120228,5.331377156575547],[45.132365587022591,5.325395880805147],[45.127210489908876,5.321400621202283],[45.120833333333358,5.32083333333336],[45.120833333333358,5.3125],[45.125,5.3125],[45.128315904405405,5.31164906819664],[45.129166666666691,5.308333333333358],[45.132482571072075,5.307482401529974],[45.133333333333354,5.304166666666692],[45.136838785807313,5.303267076280408],[45.138155788845509,5.288459777832057],[45.143622843424502,5.283900621202283],[45.149417114257837,5.282413567437091],[45.158900621202278,5.271770562065997],[45.157766045464435,5.268622843424504],[45.154635281033009,5.264583333333359],[45.157766045464435,5.260543823242212],[45.158900621202278,5.256122843424505],[45.171400621202281,5.24265475802954],[45.17026604546443,5.206122843424504],[45.167233954535618,5.202210489908879],[45.166666666666693,5.2],[45.166308593750024,5.197543165418862],[45.160757785373285,5.192019992404539],[45.15833333333336,5.191666666666691],[45.142580159505229,5.191059197319904],[45.140815904405407,5.184184265136743],[45.13528951009117,5.182766045464435],[45.127210489908876,5.175567287868948],[45.122789510091167,5.174432712131101],[45.118877156575543,5.171400621202281],[45.114456176757834,5.170266045464434],[45.085543823242212,5.142233954535614],[45.083333333333357,5.141666666666691],[45.082980007595509,5.13924221462676],[45.074646674262176,5.130882432725719],[45.075353325737872,5.126742214626761],[45.079519992404535,5.122546386718774],[45.078813340928846,5.118408881293427],[45.075353325737872,5.114924452039954],[45.074646674262176,5.110075547960093],[45.067019992404539,5.102424452039955],[45.066666666666691,5.1],[45.060289510091167,5.100567287868948],[45.052092149522593,5.107871500651066],[45.046801079644119,5.103770616319469],[45.04494594997832,5.096541680230059],[45.035289510091168,5.095266045464434],[45.031377156575545,5.092233954535614],[45.026956176757835,5.091099378797767],[45.009228854709221,5.07432284884985],[45.008333333333354,5.070833333333358],[45.007980007595506,5.068408881293426],[45.004519992404539,5.064924452039954],[45.004166666666691,5.05416666666669],[45.007482571072075,5.053315904405405],[45.00890062120228,5.047789510091169],[45.011932712131099,5.043877156575544],[45.0125,5.02916666666669],[45.017233954535612,5.027951727973114],[45.016099378797769,5.014456176757836],[45.011932712131099,5.009079996744815],[45.013684760199673,5.004513210720509],[45.022789510091172,4.99640062120228],[45.040687730577282,4.995200602213565],[45.04526604546443,4.989710489908878],[45.046400621202281,4.985289510091169],[45.053599378797763,4.977210489908877],[45.054733954535614,4.972789510091169],[45.057766045464433,4.968877156575545],[45.058900621202284,4.956122843424502],[45.066099378797766,4.948043823242211],[45.066666666666691,4.945833333333356],[45.059232923719641,4.945172119140648],[45.058333333333358,4.94166666666669],[45.057616170247421,4.934319729275197],[45.05200636121964,4.932715861002627],[45.047993638780405,4.929784138997419],[45.037232462565129,4.928218248155405],[45.042284138997417,4.921302625868078],[45.040048556857663,4.916543579101585],[45.027160305447069,4.904784138997418],[45.020833333333357,4.904166666666689],[45.013302612304713,4.903431532118078],[45.011882527669293,4.893673027886307],[44.991254340277798,4.871906873914953],[44.983966403537352,4.869823201497418],[44.983333333333356,4.829166666666689],[44.980908881293423,4.828813340928841],[44.977424452039955,4.825353325737868],[44.972575547960091,4.824646674262175],[44.964924452039952,4.817019992404536],[44.960075547960095,4.816313340928842],[44.952424452039956,4.808686659071203],[44.926742214626756,4.807980007595508],[44.923257785373288,4.804519992404535],[44.916666666666686,4.804166666666688],[44.916099378797767,4.806377156575543],[44.913067287868948,4.810289510091168],[44.911932712131097,4.818877156575542],[44.908900621202278,4.822789510091168],[44.907766045464435,4.82574666341148],[44.911932712131097,4.831122843424501],[44.913067287868948,4.839710489908876],[44.916099378797767,4.843622843424502],[44.917233954535611,4.86054382324221],[44.92026604546443,4.864456176757835],[44.921400621202281,4.868877156575543],[44.925396050347246,4.874032253689258],[44.932711791992212,4.875909762912348],[44.933900621202277,4.898785061306446],[44.929166666666688,4.9],[44.905908881293428,4.90035332573787],[44.894091118706619,4.912146674262175],[44.885075547960092,4.91285332573787],[44.881591118706616,4.916313340928842],[44.879166666666691,4.916666666666689],[44.875,4.916666666666689],[44.875,4.920833333333356],[44.873836941189261,4.925365871853321],[44.864710489908873,4.917233954535613],[44.858333333333356,4.916666666666689],[44.855017428927972,4.915815904405404],[44.853599378797767,4.910289510091168],[44.844904242621553,4.900702921549501],[44.835289510091165,4.899432712131099],[44.831377156575542,4.896400621202279],[44.826956176757832,4.895266045464432],[44.823043823242209,4.892233954535612],[44.8186228434245,4.891099378797765],[44.810543823242206,4.88390062120228],[44.806122843424504,4.882766045464432],[44.802210489908873,4.879733954535613],[44.8,4.87916666666669],[44.8,4.870833333333356],[44.799032253689255,4.867062717013911],[44.79387715657554,4.863067287868946],[44.784266493055576,4.861797417534744],[44.771400621202275,4.848043823242209],[44.769865587022593,4.842062717013911],[44.764710489908879,4.838067287868945],[44.76028951009117,4.836932712131098],[44.756377156575539,4.833900621202279],[44.75070851643882,4.83244594997832],[44.749295722113736,4.821752929687522],[44.743877156575543,4.817233954535612],[44.730066257052975,4.816005452473981],[44.728246900770422,4.808916219075543],[44.718877156575545,4.800567287868946],[44.714456176757835,4.799432712131098],[44.710543823242205,4.796400621202279],[44.704749552408877,4.794913736979188],[44.69640062120228,4.785543823242209],[44.695266045464429,4.781122843424501],[44.688067287868947,4.773043823242209],[44.6875,4.770833333333355],[44.672575547960093,4.770480007595507],[44.669091118706618,4.767019992404535],[44.655908881293421,4.766313340928841],[44.652424452039952,4.762853325737868],[44.639242214626755,4.762146674262175],[44.635757785373286,4.758686659071202],[44.630908881293422,4.757980007595508],[44.619091118706621,4.746186659071202],[44.616666666666688,4.745833333333355],[44.617019992404536,4.752424452039952],[44.630878872341597,4.766308932834223],[44.635757785373286,4.767019992404535],[44.651742214626758,4.782980007595508],[44.656591118706615,4.783686659071202],[44.668408881293423,4.795480007595508],[44.673257785373281,4.796186659071202],[44.703811984592036,4.826715766059049],[44.704166666666687,4.833333333333355],[44.703251308865035,4.836900499131966],[44.665729437934047,4.838067287868945],[44.656377156575545,4.829733954535612],[44.620833333333351,4.829166666666689],[44.597575547960091,4.829519992404536],[44.594091118706615,4.832980007595507],[44.576742214626755,4.833686659071203],[44.571188184950103,4.839213053385439],[44.570833333333354,4.845833333333355],[44.56445617675783,4.845266045464432],[44.555086432562952,4.836917114257835],[44.553599378797763,4.831122843424501],[44.549604119194896,4.825967746310786],[44.543622843424501,4.824432712131099],[44.53971048990887,4.821400621202279],[44.535289510091168,4.820266045464431],[44.527210489908875,4.813067287868945],[44.522048272026929,4.811932712131098],[44.519982401529965,4.819982571072071],[44.514456176757832,4.821400621202279],[44.510543823242209,4.824432712131099],[44.504166666666684,4.825],[44.5,4.825],[44.495833333333351,4.825],[44.495056660970072,4.817386542426237],[44.472864956325971,4.816023763020855],[44.463133748372414,4.807690429687522],[44.458046468098978,4.810052829318598],[44.450642734103752,4.818698459201411],[44.45,4.820833333333355],[44.449149068196633,4.824149237738737],[44.445833333333354,4.825],[44.4436228434245,4.825567287868946],[44.439710489908876,4.828599378797765],[44.435289510091167,4.829733954535612],[44.431377156575536,4.832766045464432],[44.422789510091164,4.833900621202279],[44.413663228352881,4.842032538519987],[44.4125,4.8375],[44.393408881293418,4.83785332573787],[44.389924452039949,4.841313340928842],[44.364242214626756,4.842019992404536],[44.360757785373281,4.845480007595508],[44.358333333333348,4.845833333333355],[44.357482401529964,4.849149237738738],[44.351956176757831,4.850567287868946],[44.341706848144547,4.859863620334224],[44.345266045464427,4.864456176757835],[44.346400621202278,4.87304382324221],[44.353704833984395,4.881241183810786],[44.350567287868941,4.885289510091168],[44.349432712131097,4.889710489908877],[44.342233954535608,4.897789510091169],[44.341666666666683,4.9],[44.331085035536042,4.899470350477452],[44.327248297797325,4.896362982855925],[44.323847283257393,4.895303683810786],[44.300632052951407,4.917745632595508],[44.299470520019547,4.927248128255231],[44.29636281331382,4.931085205078148],[44.295303853352884,4.935581461588564],[44.29219614664715,4.939418538411481],[44.291137186686214,4.942607286241342],[44.296315341525627,4.94900071885853],[44.294896443684912,4.953555976019988],[44.2875,4.95416666666669],[44.275692579481351,4.953426445855058],[44.275,4.929166666666689],[44.274432712131095,4.918622843424502],[44.271400621202275,4.914710489908877],[44.270266045464425,4.906122843424502],[44.267233954535605,4.902210489908876],[44.265963745117205,4.892595757378494],[44.256377156575539,4.88390062120228],[44.250575256347673,4.882411702473981],[44.25,4.808333333333355],[44.247575547960089,4.808686659071203],[44.244091118706613,4.812146674262174],[44.231620449490038,4.812853325737869],[44.227424452039948,4.808686659071203],[44.223287116156698,4.807980007595508],[44.219091118706615,4.812146674262174],[44.206620449490032,4.812853325737869],[44.202424452039949,4.808686659071203],[44.198287116156699,4.807980007595508],[44.194091118706616,4.812146674262174],[44.185787116156703,4.812853325737869],[44.181591118706613,4.808686659071203],[44.172575547960086,4.807980007595508],[44.169091118706611,4.804519992404535],[44.158333333333353,4.804166666666688],[44.155908881293421,4.804519992404535],[44.150354851616768,4.810046386718772],[44.15,4.816666666666689],[44.150598483615468,4.836584472656272],[44.154166666666683,4.8375],[44.154166666666683,4.858333333333356],[44.154733954535608,4.86054382324221],[44.157766045464427,4.864456176757835],[44.158900621202271,4.868877156575543],[44.16609937879776,4.876956176757835],[44.167233954535604,4.881377156575543],[44.170266045464423,4.885289510091168],[44.171400621202274,4.893877156575543],[44.174432712131093,4.897789510091169],[44.175567287868937,4.906377156575543],[44.178599378797756,4.910289510091168],[44.179733954535607,4.918877156575544],[44.191099378797759,4.931122843424502],[44.19223395453561,4.93554382324221],[44.195266045464429,4.939456176757835],[44.196400621202272,4.952210489908877],[44.199432712131092,4.956122843424502],[44.200850931803402,4.961649237738738],[44.207723659939255,4.963412814670162],[44.208900621202275,4.992413330078149],[44.204733954535605,4.997789510091168],[44.203599378797762,5.002210489908878],[44.200567287868942,5.006122843424503],[44.2,5.008333333333357],[44.195833333333347,5.008333333333357],[44.194982401529963,5.005017428927975],[44.191666666666684,5.00416666666669],[44.189242214626752,5.004519992404537],[44.181591118706613,5.012146674262176],[44.166666666666686,5.0125],[44.163208516438822,5.011612616644989],[44.16193271213109,5.001956176757836],[44.158900621202271,4.998043823242211],[44.157744344075539,4.942584906684051],[44.151956176757828,4.941099378797766],[44.143877156575535,4.93390062120228],[44.134220716688382,4.932624986436655],[44.132766045464429,4.926956176757836],[44.120187547471801,4.913403659396725],[44.116666666666681,4.9125],[44.114242214626749,4.91285332573787],[44.110757785373281,4.916313340928842],[44.108333333333348,4.916666666666689],[44.108333333333348,4.920833333333356],[44.107436455620672,4.92432793511287],[44.094896104600707,4.925567287868946],[44.085543823242205,4.917233954535613],[44.082586669921888,4.916099378797766],[44.077071974012604,4.920373535156273],[44.064710489908869,4.90890062120228],[44.06028951009116,4.907766045464433],[44.056377156575536,4.904733954535613],[44.054166666666681,4.904166666666689],[44.047839864095067,4.903549194335961],[44.04382680257163,4.900617472330752],[44.039506530761734,4.899382527669293],[44.035493469238297,4.896450805664085],[44.031173197428402,4.895215861002626],[44.027160135904964,4.892284138997418],[44.013302612304699,4.890931532118078],[44.011882358127188,4.881173027886307],[44.007988484700533,4.875842624240473],[43.997201199001751,4.874382527669293],[43.995833333333351,4.87916666666669],[43.991666666666681,4.87916666666669],[43.991005452473971,4.871732923719641],[43.984184265136733,4.869982571072071],[43.982766045464423,4.864456176757835],[43.979733954535604,4.86054382324221],[43.97859937879776,4.839456176757834],[43.975567287868941,4.83554382324221],[43.975,4.833333333333355],[43.971684095594647,4.83418409559464],[43.970266045464442,4.839710489908876],[43.963067287868952,4.847789510091168],[43.961932712131109,4.852210489908876],[43.958155992296035,4.857083468967036],[43.953420003255239,4.858900621202279],[43.948043823242216,4.854733954535613],[43.945833333333361,4.854166666666689],[43.944982571072082,4.850850762261307],[43.941666666666698,4.85],[43.929166666666696,4.85],[43.92859937879777,4.847789510091168],[43.925567287868951,4.843877156575543],[43.924338785807322,4.830066257052973],[43.917517428927979,4.828315904405404],[43.916099378797774,4.822789510091168],[43.913067287868955,4.818877156575542],[43.911838785807319,4.805066257052973],[43.905017428927984,4.803315904405403],[43.90331590440541,4.79668409559464],[43.9,4.795833333333356],[43.899646674262186,4.806591118706619],[43.887853325737879,4.818408881293425],[43.8875,4.829166666666689],[43.885075547960099,4.829519992404536],[43.877424452039961,4.837146674262175],[43.860075547960101,4.83785332573787],[43.856591118706625,4.841313340928842],[43.8541666666667,4.841666666666688],[43.853813340928852,4.877424452039953],[43.846186659071208,4.885075547960092],[43.84583333333336,4.895833333333355],[43.845480007595519,4.90659111870662],[43.842019992404545,4.910075547960092],[43.841313340928849,4.939924452039953],[43.833686659071212,4.947575547960092],[43.832980007595516,4.964924452039954],[43.829519992404542,4.968408881293426],[43.828813340928846,4.977424452039953],[43.825353325737879,4.980908881293425],[43.824646674262183,5.006591118706621],[43.821186659071209,5.010075547960093],[43.820480007595513,5.014924452039955],[43.817019992404546,5.018408881293427],[43.816313340928851,5.023257785373287],[43.812853325737876,5.02674221462676],[43.8125,5.045833333333357],[43.811838785807325,5.053267076280406],[43.806122843424511,5.054733954535614],[43.80221048990888,5.057766045464433],[43.794896104600724,5.05890062120228],[43.785425482855935,5.050461832682315],[43.781377156575552,5.053599378797767],[43.7625,5.05416666666669],[43.751742214626766,5.054519992404538],[43.748257785373291,5.05798000759551],[43.744120279947943,5.058686659071205],[43.739583333333364,5.05418124728735],[43.735757785373295,5.05798000759551],[43.725,5.058333333333357],[43.724432712131104,5.060543823242211],[43.72043728298614,5.065698920355926],[43.713161214192738,5.067566257052976],[43.7125,5.075],[43.710289510091172,5.075567287868948],[43.706377156575549,5.078599378797767],[43.700850762261311,5.080017428927976],[43.699149237738744,5.086649237738739],[43.693622843424507,5.088067287868947],[43.684252929687531,5.096416219075545],[43.68276604546444,5.102210489908878],[43.679733954535621,5.106122843424503],[43.67859937879777,5.110543823242212],[43.673989868164092,5.11607089572485],[43.635289510091177,5.117233954535615],[43.625603230794297,5.126019626193601],[43.625,5.141666666666691],[43.624086507161486,5.145225694444469],[43.592580159505239,5.146440972222247],[43.59081590440541,5.153315904405407],[43.5875,5.154166666666692],[43.580908881293432,5.153813340928844],[43.577424452039956,5.150353325737871],[43.570833333333361,5.15],[43.570266045464436,5.164710489908879],[43.567233954535617,5.168622843424504],[43.565779283311656,5.174291483561222],[43.556122843424504,5.175567287868948],[43.55221048990888,5.178599378797768],[43.547789510091171,5.179733954535616],[43.542634412977456,5.183729214138479],[43.541099378797767,5.18971048990888],[43.538067287868948,5.193622843424504],[43.536649237738743,5.19914906819664],[43.53333333333336,5.2],[43.533900621202285,5.206377156575545],[43.536932712131104,5.210289510091171],[43.538067287868948,5.218877156575546],[43.541099378797767,5.222789510091171],[43.542233954535618,5.227210489908879],[43.54537455240888,5.231262715657577],[43.529733954535615,5.247789510091171],[43.528599378797772,5.256377156575546],[43.525468614366346,5.260416666666692],[43.529733954535615,5.265920003255234],[43.528599378797772,5.268877156575546],[43.525567287868952,5.272789510091171],[43.524432712131102,5.27721048990888],[43.521400621202282,5.281122843424505],[43.520266045464439,5.293877156575546],[43.516099378797769,5.299253336588567],[43.517233954535619,5.306377156575547],[43.521400621202282,5.311753336588568],[43.520266045464439,5.318877156575547],[43.516099378797769,5.324253336588567],[43.517233954535619,5.335543823242213],[43.524432712131102,5.343622843424505],[43.52589959038631,5.349338785807317],[43.53333333333336,5.35],[43.533900621202285,5.35221048990888],[43.541099378797767,5.360289510091172],[43.542233954535618,5.36471048990888],[43.545266045464437,5.368622843424506],[43.546400621202281,5.37721048990888],[43.549432712131107,5.381122843424505],[43.550567287868951,5.385543823242214],[43.554562717013916,5.390698920355929],[43.561649237738742,5.392517598470079],[43.5625,5.39583333333336],[43.561649237738742,5.399149068196641],[43.556122843424504,5.400567287868951],[43.55221048990888,5.40359937879777],[43.536753336588568,5.404733954535617],[43.531377156575545,5.400567287868951],[43.524062771267388,5.399432712131103],[43.514710489908879,5.407766045464436],[43.508333333333361,5.40833333333336],[43.493622843424504,5.407766045464436],[43.48971048990888,5.404733954535617],[43.485289510091171,5.40359937879777],[43.481377156575547,5.400567287868951],[43.47585076226131,5.399149068196641],[43.475,5.39583333333336],[43.475,5.391666666666693],[43.44778951009117,5.39109937879777],[43.442634412977455,5.387104119194905],[43.441099378797773,5.381122843424505],[43.433900621202284,5.373043823242214],[43.432695515950549,5.355072360568602],[43.429166666666696,5.354166666666693],[43.429166666666696,5.358333333333359],[43.426742214626763,5.358686659071207],[43.417024400499159,5.368378194173204],[43.416666666666693,5.37083333333336],[43.410075547960098,5.371186659071206],[43.406591118706622,5.374646674262179],[43.401742214626765,5.375353325737874],[43.398257785373289,5.378813340928845],[43.395833333333357,5.379166666666693],[43.380908881293429,5.37951999240454],[43.373257785373291,5.387146674262179],[43.368408881293426,5.387853325737874],[43.364924452039958,5.391313340928846],[43.360075547960093,5.39201999240454],[43.352424452039955,5.399646674262179],[43.343408881293428,5.400353325737873],[43.339924452039959,5.403813340928846],[43.329166666666694,5.404166666666693],[43.297575547960093,5.40451999240454],[43.29375,5.408318752712701],[43.289583333333361,5.404181247287353],[43.285757785373292,5.407980007595512],[43.281616889105926,5.408686659071208],[43.269091118706619,5.396186659071207],[43.264242214626762,5.395480007595513],[43.260757785373286,5.39201999240454],[43.247575547960096,5.391313340928846],[43.244091118706621,5.387853325737874],[43.214242214626758,5.387146674262179],[43.210757785373289,5.383686659071207],[43.206620279947941,5.382980007595513],[43.202083333333356,5.387485419379367],[43.198257785373286,5.383686659071207],[43.194118923611136,5.382980007595513],[43.18785807291669,5.38920983208553],[43.1875,5.391666666666693],[43.185075547960096,5.391313340928846],[43.173257785373288,5.37951999240454],[43.164242214626761,5.378813340928845],[43.160757785373285,5.375353325737874],[43.15416666666669,5.375],[43.15,5.375],[43.147575547960095,5.375353325737874],[43.142021687825547,5.380879550510009],[43.141666666666694,5.3875],[43.139242214626762,5.387146674262179],[43.135757785373286,5.383686659071207],[43.114953613281273,5.382980007595513],[43.110416666666694,5.387485419379367],[43.106591118706618,5.383686659071207],[43.093408881293428,5.382980007595513],[43.089924452039952,5.37951999240454],[43.085075547960095,5.378813340928845],[43.081591118706619,5.375353325737874],[43.077453613281271,5.374646674262179],[43.072916666666693,5.379152086046034],[43.06875,5.375014580620686],[43.064924452039953,5.378813340928845],[43.055908881293426,5.37951999240454],[43.052424452039951,5.382980007595513],[43.05,5.38333333333336],[43.043408881293423,5.382980007595513],[43.039924452039955,5.37951999240454],[43.030908881293428,5.378813340928845],[43.023257785373289,5.371186659071206],[43.0,5.37083333333336],[42.999149237738735,5.37414906819664],[42.993622843424504,5.37556728786895],[42.98971048990888,5.37859937879777],[42.982586669921901,5.379733954535617],[42.977210489908877,5.37556728786895],[42.969845241970511,5.374432712131103],[42.956377156575542,5.386932712131102],[42.94778951009117,5.38806728786895],[42.942634412977455,5.392062547471815],[42.941099378797766,5.398043823242213],[42.929733954535614,5.410289510091173],[42.929166666666688,5.416666666666693],[42.906122843424498,5.417233954535616],[42.893877156575542,5.42859937879777],[42.889456176757832,5.429733954535617],[42.885543823242209,5.432766045464437],[42.882586669921899,5.433900621202284],[42.877210489908876,5.429733954535617],[42.871684095594638,5.428315734863308],[42.870833333333358,5.425],[42.863399590386308,5.424338785807318],[42.8625,5.42083333333336],[42.858333333333356,5.42083333333336],[42.857482571072069,5.417517598470079],[42.854166666666686,5.416666666666693],[42.8375,5.416666666666693],[42.836532253689256,5.412895880805149],[42.831377156575542,5.408900621202283],[42.826956176757832,5.407766045464436],[42.823043823242209,5.404733954535617],[42.8186228434245,5.40359937879777],[42.810543823242206,5.396400621202283],[42.804827880859399,5.394933742947075],[42.804166666666688,5.3875],[42.800661214192729,5.388399590386311],[42.8,5.39583333333336],[42.797575547960093,5.396186659071207],[42.794091118706618,5.399646674262179],[42.769120449490039,5.400353325737873],[42.764924452039949,5.396186659071207],[42.758333333333354,5.39583333333336],[42.757672119140643,5.403267076280408],[42.751956176757837,5.404733954535617],[42.748043823242206,5.407766045464436],[42.743622843424497,5.408900621202283],[42.739710489908873,5.411932712131103],[42.735289510091164,5.41306728786895],[42.73137715657554,5.416099378797769],[42.710289510091165,5.417233954535616],[42.706377156575542,5.420266045464436],[42.701956176757832,5.421400621202284],[42.693877156575539,5.42859937879777],[42.691666666666684,5.429166666666694],[42.691099378797766,5.431377156575548],[42.682750447591168,5.440746900770426],[42.675623575846373,5.442575920952718],[42.674432712131093,5.464710489908882],[42.666083780924502,5.474080234103759],[42.6625,5.475],[42.656122843424498,5.475567287868951],[42.652210489908875,5.47859937879777],[42.647789510091165,5.479733954535617],[42.643877156575542,5.482766045464437],[42.639456176757832,5.483900621202284],[42.635543823242209,5.486932712131104],[42.6311228434245,5.488067287868951],[42.627210489908876,5.49109937879777],[42.614456176757834,5.492233954535617],[42.61054382324221,5.495266045464437],[42.606122843424501,5.496400621202284],[42.598043823242207,5.50359937879777],[42.588387383355055,5.504875183105496],[42.586600409613737,5.511838785807319],[42.571732923719637,5.513161214192736],[42.570833333333354,5.516666666666694],[42.568408881293422,5.517019992404541],[42.564924452039946,5.520480007595514],[42.5625,5.520833333333361],[42.545833333333356,5.520833333333361],[42.54494594997832,5.524291483561226],[42.535289510091168,5.525567287868951],[42.531377156575537,5.528599378797771],[42.522789510091165,5.529733954535618],[42.518877156575542,5.532766045464437],[42.511753336588562,5.533900621202284],[42.506377156575539,5.529733954535618],[42.499253336588559,5.528599378797771],[42.493877156575536,5.532766045464437],[42.476956176757831,5.533900621202284],[42.473043823242207,5.536932712131104],[42.470833333333353,5.5375],[42.470480007595505,5.548257785373291],[42.462853325737868,5.55590888129343],[42.462146674262172,5.560757785373291],[42.446186659071202,5.576742214626764],[42.445833333333354,5.579166666666694],[42.430908881293419,5.578813340928847],[42.427424452039951,5.575353325737876],[42.422575547960086,5.574646674262181],[42.41875,5.570847913954021],[42.414924452039948,5.574646674262181],[42.401742214626751,5.575353325737876],[42.394091118706612,5.582980007595514],[42.381620449490036,5.583686659071208],[42.377424452039946,5.579519992404542],[42.372575547960089,5.578813340928847],[42.364924452039951,5.571186659071208],[42.3625,5.570833333333361],[42.359184265136733,5.569982401529976],[42.358333333333348,5.566666666666695],[42.347575547960091,5.567019992404542],[42.339924452039945,5.574646674262181],[42.325,5.575],[42.320833333333354,5.575],[42.316666666666684,5.575],[42.315779283311649,5.578458150227893],[42.306122843424497,5.579733954535618],[42.298043823242203,5.586932712131104],[42.290920003255223,5.588067287868951],[42.285543823242207,5.583900621202285],[42.282396104600714,5.582766045464437],[42.273043823242205,5.591099378797772],[42.27083333333335,5.591666666666695],[42.270480007595502,5.606591118706625],[42.262853325737865,5.614242214626764],[42.2625,5.629166666666695],[42.25499640570748,5.629882812500028],[42.253561570909305,5.638040669759143],[42.257728237575975,5.643660651312962],[42.258938429090726,5.646374003092476],[42.253983222113732,5.653057522243952],[42.24782731797962,5.654771762424074],[42.24277581108943,5.658516777886313],[42.241061570909302,5.664672682020428],[42.238105095757398,5.668660651312963],[42.2375,5.670833333333362],[42.234184265136733,5.671684265136747],[42.233333333333348,5.675],[42.229166666666686,5.675],[42.228267076280396,5.678505452473987],[42.220833333333353,5.679166666666696],[42.220266045464427,5.685543823242217],[42.217233954535608,5.689456176757841],[42.215958150227884,5.699112616644994],[42.210289510091165,5.700567287868953],[42.206377156575535,5.703599378797772],[42.197789510091162,5.704733954535619],[42.181377156575536,5.720266045464439],[42.172789510091164,5.721400621202286],[42.16887715657554,5.724432712131105],[42.154166666666683,5.725],[42.150850931803404,5.725850931803414],[42.149432712131095,5.73137715657555],[42.145437452528228,5.736532253689266],[42.14166666666668,5.7375],[42.14166666666668,5.75],[42.139242214626755,5.749646674262182],[42.135757785373279,5.74618665907121],[42.130908881293422,5.745480007595516],[42.127424452039946,5.742019992404543],[42.116666666666681,5.741666666666696],[42.116666666666681,5.770833333333362],[42.119091118706613,5.77118665907121],[42.124644978841161,5.776712883843345],[42.125353325737862,5.789215596516957],[42.117019992404529,5.797575547960099],[42.116313340928833,5.80242445203996],[42.1107871161567,5.80797848171661],[42.097575547960083,5.80868665907121],[42.092022365993941,5.814212205674943],[42.091313340928835,5.823257785373293],[42.085787116156702,5.828811815049943],[42.079166666666701,5.829166666666696],[42.078813340928832,5.839924452039961],[42.075353325737865,5.843408881293433],[42.074646674262169,5.848257785373294],[42.071186659071195,5.851742214626766],[42.070480007595499,5.864215596516957],[42.078813340928832,5.8725755479601],[42.079519992404528,5.885046217176679],[42.075353325737865,5.889242214626766],[42.075,5.9],[42.0625,5.9],[42.055908881293419,5.900353325737878],[42.052424452039944,5.90381334092885],[42.05,5.904166666666697],[42.047789510091164,5.904733954535621],[42.042634412977449,5.908729214138486],[42.04109937879776,5.914710489908884],[42.029733954535608,5.926956176757843],[42.028599378797757,5.939710489908885],[42.025567287868938,5.94362284342451],[42.024432712131095,5.952210489908885],[42.017233954535605,5.960289510091177],[42.016099378797762,5.964710489908885],[42.013067287868935,5.968622843424511],[42.011932712131092,5.977210489908885],[42.00056728786894,5.989456176757844],[41.99914906819663,5.994982401529979],[41.992517598470066,5.99668426513675],[41.991666666666681,6.0],[41.99075741238066,6.003543090820328],[41.9791666666667,6.004166666666698],[41.972789510091175,6.003599378797775],[41.96875,6.000468783908452],[41.963637288411491,6.004431321885882],[41.9625,6.0],[41.958333333333364,6.0],[41.957766045464439,6.002210489908886],[41.949417114257841,6.011580234103764],[41.942517428927985,6.013350931803417],[41.940815904405412,6.01998240152998],[41.934184095594645,6.02168426513675],[41.93276604546444,6.027210489908885],[41.928206719292568,6.032677374945778],[41.914456176757845,6.033900621202289],[41.910543823242215,6.036932712131108],[41.906122843424512,6.038067287868955],[41.902210489908882,6.041099378797774],[41.897789510091172,6.042233954535622],[41.888419596354197,6.050582885742219],[41.886649237738744,6.057482401529979],[41.880017428927978,6.05918426513675],[41.878599378797773,6.064710489908886],[41.875567287868954,6.068622843424511],[41.874376424153674,6.090757412380674],[41.868622843424511,6.092233954535622],[41.859252929687528,6.100582885742219],[41.857419840494821,6.107725863986577],[41.841666666666697,6.108333333333365],[41.841666666666697,6.1125],[41.833333333333364,6.1125],[41.825899590386314,6.111838785807324],[41.825,6.108333333333365],[41.818408881293429,6.108686659071212],[41.810757785373291,6.116313340928851],[41.805908881293433,6.117019992404546],[41.798257785373295,6.124646674262185],[41.793408881293431,6.12535332573788],[41.789924452039962,6.128813340928851],[41.776742214626765,6.129519992404546],[41.773257785373296,6.132980007595519],[41.768408881293432,6.133686659071213],[41.764924452039956,6.137146674262185],[41.760075547960099,6.137853325737879],[41.756591118706623,6.141313340928852],[41.754166666666698,6.141666666666699],[41.753279283311663,6.145124816894564],[41.743622843424511,6.146400621202289],[41.734036254882838,6.155095926920605],[41.732766045464437,6.164710489908886],[41.707624647352461,6.190779283311665],[41.704166666666694,6.191666666666683],[41.703559027777807,6.207419840494809],[41.7,6.20833333333335],[41.7,6.2125],[41.7,6.216666666666684],[41.699646674262183,6.219091118706615],[41.696186659071209,6.222575547960087],[41.695833333333361,6.23333333333335],[41.6875,6.23333333333335],[41.6875,6.2375],[41.679166666666696,6.2375],[41.676742214626763,6.237853325737865],[41.673257785373295,6.241313340928837],[41.668408881293431,6.242019992404531],[41.660757785373292,6.24964667426217],[41.65,6.25],[41.649646674262179,6.252424452039948],[41.637853325737872,6.264242214626753],[41.637146674262183,6.273257785373281],[41.629519992404539,6.280908881293421],[41.628813340928851,6.285046386718768],[41.632980007595513,6.289242214626753],[41.633686659071209,6.298257785373282],[41.637146674262183,6.301742214626754],[41.637853325737872,6.310049099392379],[41.629519992404539,6.31840888129342],[41.628813340928851,6.327424452039948],[41.625353325737876,6.330908881293421],[41.624646674262181,6.335757785373282],[41.612853325737873,6.347575547960087],[41.612146674262178,6.356591118706616],[41.608686659071211,6.360075547960088],[41.608333333333363,6.3625],[41.608333333333363,6.366666666666685],[41.607672119140652,6.374100409613733],[41.604166666666693,6.375],[41.604166666666693,6.379166666666685],[41.604166666666693,6.383333333333352],[41.603315904405406,6.386649237738734],[41.6,6.3875],[41.5875,6.3875],[41.583333333333364,6.3875],[41.583333333333364,6.391666666666685],[41.582482571072077,6.394982571072067],[41.57695617675784,6.396400621202275],[41.571801079644125,6.400396050347241],[41.570266045464436,6.406377156575539],[41.567233954535617,6.410289510091165],[41.566666666666691,6.420833333333352],[41.539242214626761,6.421186659071199],[41.535757785373292,6.424646674262172],[41.530908881293428,6.425353325737866],[41.523257785373289,6.432980007595505],[41.510075547960099,6.433686659071199],[41.506591118706623,6.437146674262172],[41.502453613281276,6.437853325737866],[41.498257785373291,6.433686659071199],[41.483333333333363,6.433333333333352],[41.480908881293431,6.433686659071199],[41.477424452039955,6.437146674262172],[41.472575547960098,6.437853325737866],[41.469091118706622,6.441313340928838],[41.464242214626765,6.442019992404532],[41.460757785373289,6.445480007595505],[41.451742214626762,6.446186659071199],[41.448257785373293,6.449646674262172],[41.445833333333361,6.45],[41.445480007595513,6.452424452039949],[41.437853325737876,6.460075547960088],[41.437146674262181,6.464924452039949],[41.429519992404543,6.472575547960089],[41.428813340928848,6.501715766059047],[41.437486097547769,6.510415988498283],[41.433686659071206,6.514242214626755],[41.432980007595511,6.519091118706617],[41.429519992404543,6.52257554796009],[41.428813340928848,6.52742445203995],[41.425353325737873,6.530908881293422],[41.425,6.545833333333353],[41.425353325737873,6.548257785373284],[41.428813340928848,6.551742214626756],[41.429519992404543,6.556591118706617],[41.432980007595511,6.560075547960089],[41.433686659071206,6.577424452039951],[41.437146674262181,6.580908881293423],[41.437854682074679,6.594118923611131],[41.447575547960099,6.60381334092884],[41.458333333333357,6.604166666666687],[41.457766045464439,6.606377156575541],[41.45056728786895,6.614456176757832],[41.44939744737416,6.649085489908875],[41.445833333333361,6.65],[41.446483018663223,6.674184841579882],[41.456326972113743,6.67561747233075],[41.460339694552978,6.678549194335958],[41.4625,6.679166666666688],[41.461932712131102,6.681377156575541],[41.458900621202282,6.685289510091167],[41.457766045464439,6.689710489908875],[41.454733954535619,6.6936228434245],[41.453505452473983,6.707433742947069],[41.44778951009117,6.708900621202278],[41.442634412977455,6.712896050347243],[41.441099378797773,6.718877156575542],[41.438067287868947,6.722789510091166],[41.436932712131103,6.727210489908876],[41.429733954535614,6.735289510091167],[41.429166666666696,6.7375],[41.428505452473985,6.74493374294707],[41.425,6.745833333333355],[41.424646674262178,6.748257785373285],[41.421186659071211,6.751742214626757],[41.420833333333363,6.7625],[41.420833333333363,6.766666666666688],[41.418408881293431,6.767019992404535],[41.414924452039955,6.770480007595507],[41.401742214626765,6.771186659071202],[41.398257785373289,6.774646674262174],[41.383333333333361,6.775],[41.360075547960093,6.775353325737869],[41.356591118706625,6.778813340928841],[41.3375,6.779166666666688],[41.337146674262179,6.781591118706618],[41.325353325737872,6.793408881293424],[41.324646674262176,6.798257785373286],[41.321186659071209,6.801742214626758],[41.320480007595513,6.806591118706619],[41.300353325737873,6.826742214626758],[41.299646674262178,6.830879720052105],[41.303813340928848,6.835075547960091],[41.304519992404536,6.839924452039952],[41.308319430881099,6.843750678168425],[41.300353325737873,6.851742214626759],[41.299646674262178,6.864924452039952],[41.29584791395402,6.86875],[41.299646674262178,6.872575547960092],[41.3,6.87916666666669],[41.28333333333336,6.87916666666669],[41.266666666666694,6.87916666666669],[41.260075547960092,6.879519992404536],[41.256591118706623,6.882980007595508],[41.243408881293426,6.883686659071203],[41.239924452039958,6.887146674262175],[41.2375,6.8875],[41.235075547960093,6.887146674262175],[41.229524739583361,6.881623670789953],[41.228813340928845,6.876742214626758],[41.223290337456625,6.871191406250022],[41.22083333333336,6.870833333333356],[41.210075547960095,6.871186659071203],[41.206591118706619,6.874646674262175],[41.197575547960092,6.875353325737869],[41.194091118706623,6.878813340928842],[41.189242214626759,6.879519992404536],[41.185757785373291,6.882980007595508],[41.176742214626763,6.883686659071203],[41.173257785373288,6.887146674262175],[41.170833333333356,6.8875],[41.170172119140652,6.894933742947071],[41.166666666666693,6.895833333333355],[41.1660098605686,6.915852525499155],[41.154901801215303,6.917469278971376],[41.153549194335959,6.931326972113737],[41.150617472330751,6.935339694552974],[41.149073621961833,6.940740288628495],[41.143673027886308,6.942284138997419],[41.139660305447073,6.945215861002627],[41.134259711371548,6.94675971137155],[41.13271586100263,6.952160305447071],[41.113117472330757,6.972839694552974],[41.111502414279535,6.978489515516516],[41.1,6.979166666666689],[41.09583333333336,6.979166666666689],[41.095480007595512,6.98159111870662],[41.087853325737868,6.98924221462676],[41.087146674262179,6.994091118706621],[41.083686659071205,6.997575547960093],[41.082980007595509,7.002424452039953],[41.079519992404535,7.005908881293426],[41.078813340928846,7.019091118706621],[41.075353325737872,7.022575547960093],[41.074646674262176,7.03159111870662],[41.071186659071202,7.035075547960092],[41.070480007595506,7.03921305338544],[41.074646674262176,7.043408881293427],[41.075353325737872,7.05171305338544],[41.070847913954019,7.05625],[41.074646674262176,7.060075547960093],[41.075353325737872,7.064213053385441],[41.071186659071202,7.068408881293426],[41.070480007595506,7.080879720052107],[41.074646674262176,7.085075547960093],[41.075,7.091666666666691],[41.0686228434245,7.092233954535614],[41.056377156575543,7.103599378797767],[41.050850762261305,7.105017428927976],[41.049149237738739,7.111649237738739],[41.043622843424501,7.113067287868947],[41.035543823242207,7.120266045464434],[41.02916666666669,7.120833333333358],[41.028813340928842,7.123257785373289],[41.023286946614604,7.128811645507836],[41.016666666666687,7.129166666666691],[41.016099378797769,7.131377156575545],[40.99932284884985,7.149104478624157],[40.993622843424504,7.150567287868948],[40.98554382324221,7.157766045464435],[40.979827880859396,7.159232923719642],[40.979166666666693,7.166666666666691],[40.977006361219644,7.166049024793861],[40.968826972113739,7.158950975206188],[40.964506361219641,7.157715691460528],[40.960493638780406,7.154784138997421],[40.952006361219638,7.153549194335962],[40.947907172309051,7.150554741753497],[40.930245632595508,7.1670593261719],[40.928549194335957,7.172993469238306],[40.92561747233075,7.177006530761743],[40.924382527669295,7.18132680257164],[40.920719401041687,7.186341179741778],[40.913426378038217,7.188426378038219],[40.911528184678843,7.195065138075112],[40.900794135199675,7.196627468533011],[40.899382527669296,7.20632680257164],[40.895719401041688,7.211341179741778],[40.891666666666687,7.2125],[40.891666666666687,7.229166666666692],[40.893877156575542,7.229733954535615],[40.897789510091165,7.232766045464435],[40.903543090820335,7.234242587619383],[40.90416666666669,7.245833333333358],[40.9,7.245833333333358],[40.897575547960088,7.246186659071206],[40.894091118706619,7.249646674262178],[40.8875,7.25],[40.886649237738737,7.253315734863307],[40.883333333333354,7.254166666666692],[40.860075547960093,7.254519992404539],[40.852424452039955,7.262146674262178],[40.843408881293428,7.262853325737872],[40.839924452039952,7.266313340928845],[40.826742214626755,7.267019992404539],[40.823257785373286,7.270480007595511],[40.793408881293423,7.271186659071207],[40.789583333333354,7.274985419379366],[40.785757785373285,7.271186659071207],[40.772575547960088,7.270480007595511],[40.76875,7.266681247287352],[40.764924452039949,7.270480007595511],[40.7625,7.270833333333359],[40.760364956325972,7.270190599229626],[40.75079888237849,7.261998664008273],[40.749221123589429,7.246531168619817],[40.733333333333356,7.245833333333358],[40.71666666666669,7.245833333333358],[40.715815734863298,7.242517598470077],[40.710289510091165,7.241099378797768],[40.704913330078142,7.236932712131102],[40.692563035753061,7.238173760308185],[40.691666666666684,7.241666666666692],[40.685289510091167,7.241099378797768],[40.681377156575543,7.238067287868949],[40.676956176757834,7.236932712131102],[40.67304382324221,7.233900621202283],[40.668622843424501,7.232766045464435],[40.656377156575545,7.221400621202282],[40.651956176757835,7.220266045464435],[40.648043823242205,7.217233954535615],[40.643622843424502,7.216099378797768],[40.639710489908872,7.213067287868949],[40.62695617675783,7.211932712131102],[40.623043823242206,7.208900621202282],[40.609232923719638,7.20767211914065],[40.608333333333356,7.204166666666691],[40.604166666666686,7.204166666666691],[40.601742214626753,7.203813340928845],[40.596191406250021,7.198290167914521],[40.595833333333353,7.195833333333358],[40.591666666666683,7.195833333333358],[40.5875,7.195833333333358],[40.586649068196635,7.19914906819664],[40.580017598470072,7.20085093180341],[40.578253343370243,7.20772586398657],[40.547789510091164,7.208900621202282],[40.54387715657554,7.211932712131102],[40.535289510091168,7.213067287868949],[40.530134412977446,7.217062547471813],[40.528599378797765,7.223043823242213],[40.524020894368512,7.2285339355469],[40.5061228434245,7.229733954535615],[40.493877156575536,7.241099378797768],[40.488350931803403,7.242517598470077],[40.4875,7.245833333333358],[40.495833333333351,7.245833333333358],[40.496746656629796,7.249392530653237],[40.5125,7.25],[40.516666666666687,7.25],[40.517019992404535,7.252424452039955],[40.524646674262172,7.260075547960095],[40.525353325737868,7.264924452039956],[40.532980007595505,7.272575547960095],[40.533686659071201,7.285757785373289],[40.537146674262175,7.289242214626762],[40.537853325737863,7.29825778537329],[40.541313340928838,7.301742214626762],[40.542019992404533,7.306591118706622],[40.545480007595508,7.310075547960095],[40.545833333333356,7.3125],[40.545480007595508,7.314924452039957],[40.537853325737863,7.322575547960096],[40.537146674262175,7.327424452039956],[40.533686659071201,7.330908881293428],[40.533333333333353,7.333333333333359],[40.526742214626758,7.333686659071207],[40.523257785373282,7.337146674262179],[40.518408881293425,7.337853325737873],[40.514924452039949,7.341313340928846],[40.5125,7.341666666666693],[40.5125,7.34583333333336],[40.512146674262169,7.34825778537329],[40.506621466742644,7.353810797797335],[40.498287116156703,7.354519992404541],[40.494091118706613,7.350353325737873],[40.464953782823372,7.349646674262178],[40.460757785373282,7.353813340928846],[40.45833333333335,7.354166666666693],[40.458900621202275,7.343622843424505],[40.461932712131095,7.33971048990888],[40.463067287868945,7.335289510091172],[40.467233954535608,7.329913330078151],[40.465992906358522,7.317563035753064],[40.460289510091165,7.31609937879777],[40.452210489908872,7.308900621202283],[40.45,7.308333333333358],[40.449344041612434,7.300959777832057],[40.443877156575539,7.296400621202283],[40.438350931803406,7.294982401529973],[40.436932712131096,7.289456176757838],[40.433900621202277,7.285543823242213],[40.432766045464426,7.281122843424505],[40.429733954535607,7.27721048990888],[40.428315734863297,7.271684265136744],[40.42026604546443,7.269618394639783],[40.421400621202274,7.260289510091171],[40.424531216091601,7.25625],[40.421400621202274,7.25221048990888],[40.420833333333348,7.25],[40.421186659071196,7.243408881293428],[40.428813340928841,7.23575778537329],[40.429166666666688,7.233333333333358],[40.426918368869373,7.232803853352889],[40.414748297797324,7.221362813313827],[40.394892544216596,7.22030385335289],[40.388499281141513,7.2254820081923],[40.384105936686218,7.224113633897595],[40.383333333333354,7.220833333333358],[40.375899590386304,7.22017211914065],[40.375,7.216666666666692],[40.372789510091167,7.217233954535615],[40.368877156575536,7.220266045464435],[40.363350931803403,7.221684265136744],[40.361932712131093,7.227210489908879],[40.353583780924495,7.236580234103758],[40.347789510091161,7.238067287868949],[40.339710489908875,7.245266045464435],[40.33333333333335,7.245833333333358],[40.329166666666687,7.245833333333358],[40.328813340928839,7.252424452039955],[40.325353325737865,7.255908881293428],[40.324646674262169,7.273257785373289],[40.321186659071195,7.276742214626761],[40.320833333333354,7.283333333333359],[40.301956176757827,7.283900621202283],[40.298043823242203,7.286932712131102],[40.29251759847007,7.288350931803411],[40.29109937879776,7.293877156575546],[40.287104119194893,7.299032253689262],[40.281122843424498,7.300567287868949],[40.260543823242202,7.320266045464436],[40.258333333333347,7.32083333333336],[40.258686659071195,7.33575778537329],[40.262146674262169,7.339242214626762],[40.2625,7.354166666666693],[40.260327317979616,7.354771762424072],[40.248006015353752,7.366061570909315],[40.242369927300366,7.367631022135443],[40.240950520833351,7.382503594292562],[40.232792663574237,7.383938429090739],[40.227172682020417,7.379771762424071],[40.216666666666683,7.379166666666693],[40.209232923719632,7.378505452473984],[40.207482401529965,7.371684265136745],[40.201956176757832,7.370266045464436],[40.198043823242202,7.367233954535616],[40.186753336588559,7.366099378797769],[40.181377156575536,7.370266045464436],[40.176956176757827,7.371400621202284],[40.16471048990887,7.382766045464436],[40.131122843424492,7.383900621202283],[40.118877156575536,7.395266045464436],[40.111753336588556,7.396400621202283],[40.106241183810781,7.392128499348985],[40.0980438232422,7.399432712131103],[40.093622843424498,7.400567287868951],[40.089710489908867,7.40359937879777],[40.0875,7.404166666666693],[40.085075547960088,7.40451999240454],[40.081591118706612,7.407980007595512],[40.075,7.40833333333336],[40.074028354220935,7.41173180474178],[40.063235134548627,7.413302612304713],[40.0625,7.42083333333336],[40.055908881293419,7.421186659071207],[40.052424452039944,7.42464667426218],[40.029166666666683,7.425],[40.01666666666668,7.425],[40.008333333333347,7.425],[39.997575547960082,7.425353325737873],[39.994091118706613,7.428813340928846],[39.989242214626749,7.429519992404541],[39.985757785373281,7.432980007595512],[39.956620449490032,7.433686659071207],[39.952424452039942,7.429519992404541],[39.920833333333348,7.429166666666694],[39.920266045464423,7.426956176757839],[39.917233954535604,7.423043823242214],[39.915815734863294,7.417517598470079],[39.908916219075536,7.415746900770426],[39.900567287868938,7.406377156575547],[39.899338785807309,7.392566257052978],[39.892517598470064,7.390815734863308],[39.891666666666694,7.3875],[39.890508015950552,7.383447265625026],[39.88549363878041,7.379784308539523],[39.881173027886312,7.378549024793863],[39.877160305447077,7.375617641872856],[39.870947265625027,7.373841179741779],[39.867284138997427,7.368826802571641],[39.865859646267388,7.359038967556449],[39.847839694552981,7.35771569146053],[39.843826972113746,7.354784308539523],[39.841666666666697,7.354166666666693],[39.841099378797772,7.339456176757839],[39.82556728786895,7.323043823242213],[39.824032253689268,7.317062547471814],[39.818877156575553,7.313067287868949],[39.810289510091174,7.311932712131102],[39.80637715657555,7.308900621202283],[39.801956176757841,7.307766045464435],[39.798043823242217,7.304733954535616],[39.792517428927979,7.303315734863308],[39.790698920355929,7.296229214138481],[39.785543823242215,7.292233954535616],[39.781122843424505,7.291099378797769],[39.777210489908882,7.288067287868949],[39.772789510091172,7.286932712131102],[39.768877156575549,7.283900621202283],[39.763208685980935,7.282445949978325],[39.738067287868951,7.256377156575546],[39.736932712131107,7.251956176757838],[39.733900621202288,7.248043823242213],[39.733333333333363,7.241666666666692],[39.7125,7.241666666666692],[39.712146674262179,7.235075547960095],[39.704519992404542,7.227424452039956],[39.704166666666694,7.220833333333358],[39.701742214626762,7.221186659071206],[39.698257785373293,7.224646674262178],[39.694120279947946,7.225353325737872],[39.689924452039961,7.221186659071206],[39.6875,7.220833333333358],[39.686532253689265,7.217062547471813],[39.68137715657555,7.213067287868949],[39.675850762261312,7.211649068196639],[39.674086507161483,7.20477413601348],[39.65833333333336,7.204166666666691],[39.658900621202285,7.197789510091171],[39.661932712131104,7.193877156575546],[39.663161214192733,7.180066257052976],[39.666666666666693,7.179166666666692],[39.666666666666693,7.175],[39.667517428927979,7.171684265136744],[39.670833333333363,7.170833333333357],[39.669865587022599,7.167062547471813],[39.664710489908884,7.163067287868948],[39.660289510091175,7.161932712131101],[39.656377156575552,7.158900621202282],[39.650850762261314,7.157482401529972],[39.649432712131102,7.151956176757837],[39.642233954535619,7.143877156575545],[39.641666666666694,7.141666666666691],[39.642233954535619,7.139456176757837],[39.645266045464439,7.135543823242212],[39.646684095594644,7.130017428927976],[39.65331590440541,7.128315904405406],[39.654733954535615,7.12278951009117],[39.657766045464442,7.118877156575545],[39.658900621202285,7.106122843424503],[39.661932712131104,7.102210489908878],[39.663067287868955,7.09778951009117],[39.667233954535618,7.092413330078148],[39.666099378797774,7.089456176757837],[39.663067287868955,7.085543823242212],[39.661932712131104,7.081122843424503],[39.658900621202285,7.077210489908878],[39.65833333333336,7.05416666666669],[39.657766045464442,7.051956176757836],[39.654733954535615,7.048043823242211],[39.65331590440541,7.042517428927975],[39.65,7.041666666666691],[39.649344211154542,7.034293280707489],[39.643877156575549,7.029733954535613],[39.63945617675784,7.028599378797766],[39.635543823242216,7.025567287868947],[39.629827880859402,7.024100409613739],[39.629166666666691,7.016666666666691],[39.629733954535617,7.006122843424503],[39.633320109049507,7.00149570041235],[39.627210489908883,6.99640062120228],[39.621494547526069,6.994933742947072],[39.62026604546444,6.981122843424503],[39.617233954535621,6.977210489908877],[39.61609937879777,6.972789510091169],[39.608900621202288,6.964710489908877],[39.607429673936657,6.958978949652801],[39.593877156575552,6.94640062120228],[39.588350762261314,6.944982571072071],[39.5875,6.94166666666669],[39.587146674262179,6.935075547960093],[39.583686659071205,6.931591118706621],[39.583333333333364,6.929166666666689],[39.582672119140653,6.921732923719641],[39.575708346896732,6.919945949978321],[39.574432712131106,6.910289510091168],[39.571400621202287,6.906377156575543],[39.570833333333361,6.904166666666689],[39.564242214626766,6.903813340928842],[39.558691406250027,6.89829033745662],[39.558333333333358,6.895833333333355],[39.557980007595511,6.885075547960092],[39.554519992404543,6.88159111870662],[39.553813340928848,6.868408881293425],[39.550013902452285,6.864582655164953],[39.557980007595511,6.85659111870662],[39.558333333333358,6.854166666666689],[39.55,6.854166666666689],[39.545833333333363,6.854166666666689],[39.543408881293431,6.854519992404536],[39.539924452039955,6.857980007595508],[39.527453613281274,6.858686659071203],[39.523257785373289,6.854519992404536],[39.518408881293432,6.853813340928841],[39.514924452039956,6.850353325737869],[39.491666666666696,6.85],[39.4875,6.85],[39.4869327121311,6.847789510091168],[39.483900621202281,6.843877156575543],[39.482413736979197,6.838082885742209],[39.473043823242215,6.829733954535612],[39.467517428927977,6.828315904405404],[39.466666666666697,6.825],[39.466313340928849,6.818408881293425],[39.462853325737875,6.814924452039953],[39.462146674262179,6.805908881293425],[39.458686659071205,6.802424452039952],[39.457980007595509,6.797575547960092],[39.453813340928846,6.793379720052105],[39.454519992404542,6.785075547960091],[39.457980007595509,6.781591118706618],[39.458333333333357,6.779166666666688],[39.455908881293432,6.778813340928841],[39.444091118706623,6.767019992404535],[39.441666666666691,6.766666666666688],[39.440815904405412,6.763350762261306],[39.435289510091174,6.761932712131098],[39.43125,6.758801947699673],[39.425746663411488,6.763067287868945],[39.409237331814261,6.761855400933181],[39.40833333333336,6.758333333333354],[39.40416666666669,6.758333333333354],[39.401742214626765,6.758686659071202],[39.396189032660615,6.764212036132834],[39.395480007595509,6.773257785373286],[39.392019992404542,6.776742214626758],[39.391313340928846,6.781591118706618],[39.387853325737872,6.785075547960091],[39.387146674262176,6.789924452039952],[39.381623670789956,6.795475260416689],[39.376742214626759,6.796186659071202]]]}}
]
}
