{
"type": "FeatureCollection",
"name": "juba_shabelle_rivers",
"crs": { "type": "name", "properties": { "name": "urn:ogc:def:crs:OGC:1.3:CRS84" } },
"features": [
{"type":"Feature","properties":{"name":"Juba","section":"Somalia"},"geometry":{"type":"MultiLineString","coordinates":[[[41.893749999999102,3.972916666666109],[41.89791666666585,3.977083333332722],[41.902083333332428,3.977083333332722],[41.922916666665799,3.997916666666015],[41.927083333332462,3.997916666666015],[41.931249999999039,4.002083333332841],[41.935416666665674,4.002083333332841],[41.939583333332507,4.006249999999461],[41.943749999999085,4.006249999999461],[41.947916666665748,4.010416666666117],[41.943749999999085,4.014583333332737],[41.952083333332325,4.022916666666177],[41.952083333332325,4.031249999999453],[41.947916666665748,4.03541666666603]],[[41.947916666665748,4.03541666666603],[41.947916666665748,4.052083333332746],[41.952083333332325,4.05624999999953]],[[41.952083333332325,4.05624999999953],[41.964583333332371,4.068749999999419],[41.964583333332371,4.072916666666082],[41.97708333333253,4.085416666666099],[41.97708333333253,4.093749999999375]],[[42.081249999999073,4.177083333332796],[42.089583333332456,4.168749999999349],[42.097916666665697,4.168749999999349],[42.106249999999193,4.177083333332796],[42.114583333332433,4.177083333332796],[42.118749999998983,4.172916666665969],[42.122916666665645,4.172916666665969]],[[42.122916666665645,4.172916666665969],[42.139583333332382,4.156249999999503],[42.143749999999187,4.156249999999503],[42.147916666665765,4.152083333332676]],[[42.147916666665765,4.152083333332676],[42.156249999999091,4.143749999999443],[42.164583333332502,4.143749999999443]],[[42.164583333332502,4.143749999999443],[42.168749999999051,4.147916666666056],[42.177083333332376,4.147916666666056],[42.181249999998954,4.152083333332676],[42.181249999998954,4.156249999999503],[42.177083333332376,4.160416666666116],[42.177083333332376,4.164583333332779],[42.168749999999051,4.172916666665969],[42.177083333332376,4.181249999999409],[42.181249999998954,4.181249999999409]],[[42.20208333333224,4.177083333332796],[42.193749999999113,4.168749999999349],[42.193749999999113,4.160416666666116],[42.197916666665662,4.156249999999503],[42.20208333333224,4.156249999999503],[42.206249999999159,4.160416666666116],[42.210416666665736,4.160416666666116],[42.214583333332399,4.164583333332779],[42.222916666665782,4.164583333332779],[42.231249999999022,4.156249999999503],[42.231249999999022,4.147916666666056],[42.222916666665782,4.13958333333278],[42.222916666665782,4.135416666666167],[42.227083333332445,4.131249999999341],[42.231249999999022,4.131249999999341],[42.235416666665685,4.12708333333272],[42.243749999999096,4.12708333333272],[42.247916666665731,4.131249999999341],[42.247916666665731,4.135416666666167],[42.260416666665805,4.147916666666056]],[[42.260416666665805,4.147916666666056],[42.277083333332513,4.147916666666056],[42.285416666665753,4.13958333333278],[42.285416666665753,4.135416666666167],[42.289583333332416,4.131249999999341],[42.289583333332416,4.12708333333272],[42.293749999999164,4.12291666666615],[42.293749999999164,4.114583333332703],[42.297916666665799,4.110416666666048],[42.302083333332376,4.110416666666048],[42.31458333333245,4.097916666666158],[42.306249999999039,4.089583333332712],[42.306249999999039,4.085416666666099],[42.310416666665702,4.081249999999521]],[[42.310416666665702,4.081249999999521],[42.318749999999113,4.081249999999521],[42.322916666665776,4.077083333332823],[42.322916666665776,4.072916666666082],[42.31458333333245,4.064583333332806],[42.31458333333245,4.060416666665979],[42.318749999999113,4.05624999999953],[42.322916666665776,4.05624999999953]],[[42.322916666665776,4.05624999999953],[42.327083333332325,4.05624999999953],[42.331249999999159,4.052083333332746],[42.343749999999062,4.052083333332746],[42.34791666666564,4.04791666666609],[42.352083333332445,4.04791666666609],[42.356249999999108,4.052083333332746],[42.36041666666577,4.052083333332746]],[[42.36041666666577,4.052083333332746],[42.364583333332348,4.05624999999953],[42.368749999999011,4.05624999999953],[42.372916666665844,4.060416666665979],[42.377083333332394,4.05624999999953],[42.381249999999056,4.05624999999953],[42.39374999999913,4.04374999999947],[42.39374999999913,4.039583333332644],[42.402083333332371,4.031249999999453],[42.402083333332371,4.027083333332797],[42.406249999999176,4.022916666666177]],[[42.406249999999176,4.022916666666177],[42.406249999999176,4.018749999999351],[42.410416666665839,4.014583333332737],[42.414583333332416,4.014583333332737],[42.418749999999079,4.010416666666117],[42.422916666665742,4.010416666666117],[42.431249999999125,4.002083333332841]],[[42.431249999999125,4.002083333332841],[42.439583333332365,3.993749999999402]],[[42.439583333332365,3.993749999999402],[42.439583333332365,3.989583333332824],[42.452083333332439,3.977083333332722],[42.447916666665776,3.972916666666109],[42.447916666665776,3.968749999999496],[42.443749999999028,3.964583333332833],[42.443749999999028,3.960416666666049],[42.447916666665776,3.956249999999393],[42.447916666665776,3.952083333332773],[42.456249999999073,3.943749999999497]],[[42.456249999999073,3.943749999999497],[42.460416666665651,3.939583333332756],[42.460416666665651,3.935416666666057],[42.464583333332484,3.93124999999948]],[[42.464583333332484,3.93124999999948],[42.468749999999147,3.93124999999948]],[[42.468749999999147,3.93124999999948],[42.47291666666581,3.935416666666057],[42.48541666666577,3.935416666666057],[42.489583333332433,3.93124999999948],[42.493749999999096,3.93124999999948]],[[42.493749999999096,3.93124999999948],[42.497916666665674,3.927083333332696],[42.506249999999142,3.927083333332696],[42.510416666665719,3.92291666666604],[42.522916666665623,3.92291666666604],[42.527083333332456,3.91874999999942],[42.527083333332456,3.914583333332764],[42.531249999999034,3.910416666666151],[42.531249999999034,3.906249999999361],[42.535416666665668,3.902083333332705]],[[42.535416666665668,3.902083333332705],[42.539583333332502,3.902083333332705]],[[42.539583333332502,3.902083333332705],[42.552083333332405,3.902083333332705]],[[42.552083333332405,3.902083333332705],[42.556249999999068,3.897916666666127],[42.556249999999068,3.893749999999429],[42.560416666665787,3.889583333332858],[42.560416666665787,3.885416666666075],[42.564583333332365,3.881249999999412]],[[42.564583333332365,3.881249999999412],[42.564583333332365,3.852083333332637],[42.568749999999113,3.847916666666059],[42.568749999999113,3.83541666666617],[42.577083333332354,3.827083333332723]],[[42.577083333332354,3.827083333332723],[42.577083333332354,3.818749999999454],[42.581249999999102,3.814583333332834]],[[42.581249999999102,3.814583333332834],[42.581249999999102,3.802083333332817],[42.572916666665691,3.793749999999378],[42.568749999999113,3.793749999999378],[42.564583333332365,3.789583333332715],[42.556249999999068,3.789583333332715],[42.552083333332405,3.793749999999378],[42.552083333332405,3.797916666666161],[42.556249999999068,3.802083333332817],[42.560416666665787,3.802083333332817],[42.568749999999113,3.810416666666008],[42.568749999999113,3.814583333332834],[42.560416666665787,3.82291666666611],[42.552083333332405,3.82291666666611],[42.547916666665742,3.827083333332723],[42.543749999999079,3.827083333332723],[42.539583333332502,3.82291666666611],[42.535416666665668,3.82291666666611],[42.527083333332456,3.814583333332834]],[[42.527083333332456,3.814583333332834],[42.527083333332456,3.810416666666008],[42.531249999999034,3.806249999999437]],[[42.531249999999034,3.806249999999437],[42.539583333332502,3.797916666666161],[42.539583333332502,3.793749999999378]],[[42.539583333332502,3.793749999999378],[42.539583333332502,3.768749999999379],[42.543749999999079,3.764583333332766],[42.543749999999079,3.756249999999532],[42.547916666665742,3.752083333332749],[42.547916666665742,3.743749999999473],[42.543749999999079,3.739583333332646],[42.531249999999034,3.739583333332646],[42.527083333332456,3.735416666666033]],[[42.527083333332456,3.735416666666033],[42.535416666665668,3.727083333332757]],[[42.535416666665668,3.727083333332757],[42.535416666665668,3.718749999999311],[42.531249999999034,3.714583333332698],[42.531249999999034,3.71041666666612],[42.527083333332456,3.706249999999464],[42.527083333332456,3.693749999999405]],[[42.527083333332456,3.693749999999405],[42.527083333332456,3.689583333332784],[42.531249999999034,3.685416666666129],[42.531249999999034,3.681249999999515],[42.527083333332456,3.677083333332689],[42.522916666665623,3.677083333332689],[42.518749999999216,3.672916666666069],[42.510416666665719,3.672916666666069],[42.506249999999142,3.668749999999498],[42.497916666665674,3.668749999999498]],[[42.497916666665674,3.668749999999498],[42.489583333332433,3.660416666666052]],[[42.489583333332433,3.660416666666052],[42.489583333332433,3.656249999999396],[42.493749999999096,3.652083333332776],[42.493749999999096,3.647916666666163],[42.497916666665674,3.6437499999995],[42.502083333332337,3.6437499999995],[42.506249999999142,3.639583333332716],[42.518749999999216,3.639583333332716]],[[42.518749999999216,3.639583333332716],[42.522916666665623,3.63541666666606],[42.518749999999216,3.63124999999944],[42.518749999999216,3.62708333333287],[42.510416666665719,3.618749999999423]],[[42.510416666665719,3.618749999999423],[42.506249999999142,3.618749999999423],[42.502083333332337,3.614583333332767],[42.497916666665674,3.614583333332767],[42.493749999999096,3.610416666666154]],[[42.493749999999096,3.610416666666154],[42.506249999999142,3.597916666666094],[42.506249999999142,3.593749999999432],[42.48541666666577,3.572916666666138],[42.48541666666577,3.568749999999525],[42.47291666666581,3.568749999999525],[42.468749999999147,3.564583333332742]],[[42.468749999999147,3.564583333332742],[42.468749999999147,3.556249999999466]],[[42.468749999999147,3.556249999999466],[42.468749999999147,3.552083333332639],[42.47291666666581,3.54791666666619],[42.47291666666581,3.543749999999406],[42.477083333332388,3.53958333333275],[42.481249999998965,3.53958333333275],[42.489583333332433,3.531249999999304],[42.489583333332433,3.527083333332733],[42.497916666665674,3.518749999999457],[42.502083333332337,3.518749999999457],[42.506249999999142,3.522916666666113],[42.527083333332456,3.522916666666113],[42.531249999999034,3.518749999999457],[42.531249999999034,3.514583333332837],[42.535416666665668,3.510416666666011]],[[42.535416666665668,3.510416666666011],[42.535416666665668,3.506249999999397],[42.527083333332456,3.497916666666121],[42.522916666665623,3.497916666666121],[42.514583333332382,3.489583333332675],[42.510416666665719,3.489583333332675],[42.506249999999142,3.485416666666104],[42.506249999999142,3.481249999999484]],[[42.506249999999142,3.481249999999484],[42.506249999999142,3.477083333332828]],[[42.506249999999142,3.477083333332828],[42.510416666665719,3.472916666666045],[42.514583333332382,3.477083333332828],[42.518749999999216,3.477083333332828],[42.535416666665668,3.460416666666156]],[[42.535416666665668,3.460416666666156],[42.547916666665742,3.447916666666053]],[[42.547916666665742,3.447916666666053],[42.547916666665742,3.443749999999476],[42.543749999999079,3.439583333332862],[42.543749999999079,3.4354166666662],[42.539583333332502,3.431249999999416],[42.539583333332502,3.42708333333276],[42.543749999999079,3.42291666666614],[42.552083333332405,3.42291666666614]],[[42.552083333332405,3.42291666666614],[42.560416666665787,3.4145833333327],[42.560416666665787,3.406249999999424],[42.556249999999068,3.402083333332847],[42.535416666665668,3.402083333332847],[42.531249999999034,3.406249999999424],[42.518749999999216,3.406249999999424],[42.514583333332382,3.402083333332847],[42.514583333332382,3.397916666665978],[42.510416666665719,3.393749999999407]],[[42.510416666665719,3.393749999999407],[42.502083333332337,3.385416666666131],[42.502083333332337,3.368749999999459],[42.497916666665674,3.364583333332796],[42.497916666665674,3.360416666666183]],[[42.497916666665674,3.360416666666183],[42.502083333332337,3.356249999999356]],[[42.502083333332337,3.356249999999356],[42.497916666665674,3.352083333332779],[42.497916666665674,3.343749999999503],[42.48541666666577,3.331249999999443],[42.477083333332388,3.331249999999443],[42.47291666666581,3.32708333333283],[42.468749999999147,3.32708333333283]],[[42.468749999999147,3.32708333333283],[42.464583333332484,3.322916666666174],[42.464583333332484,3.314583333332727]],[[42.464583333332484,3.314583333332727],[42.477083333332388,3.302083333332881],[42.477083333332388,3.293749999999434],[42.481249999998965,3.289583333332821],[42.481249999998965,3.285416666666038],[42.48541666666577,3.281249999999375],[42.489583333332433,3.281249999999375]],[[42.489583333332433,3.281249999999375],[42.497916666665674,3.272916666666099],[42.497916666665674,3.268749999999486],[42.506249999999142,3.260416666666082],[42.506249999999142,3.256249999999469]],[[42.506249999999142,3.256249999999469],[42.497916666665674,3.247916666666192],[42.497916666665674,3.235416666666133],[42.506249999999142,3.227083333332857],[42.506249999999142,3.21874999999946]],[[42.506249999999142,3.21874999999946],[42.506249999999142,3.20208333333278],[42.497916666665674,3.193749999999504],[42.497916666665674,3.185416666666065]],[[42.497916666665674,3.185416666666065],[42.502083333332337,3.181249999999487]],[[42.502083333332337,3.181249999999487],[42.502083333332337,3.156249999999496],[42.497916666665674,3.152083333332712],[42.497916666665674,3.143749999999436],[42.493749999999096,3.139583333332865],[42.493749999999096,3.13541666666616],[42.502083333332337,3.12708333333272]],[[42.502083333332337,3.12708333333272],[42.510416666665719,3.12708333333272],[42.514583333332382,3.131249999999419],[42.518749999999216,3.131249999999419]],[[42.518749999999216,3.131249999999419],[42.522916666665623,3.12708333333272],[42.527083333332456,3.12708333333272],[42.531249999999034,3.122916666666143],[42.531249999999034,3.11874999999953],[42.535416666665668,3.114583333332867],[42.535416666665668,3.110416666666083],[42.543749999999079,3.102083333332814],[42.581249999999102,3.102083333332814],[42.585416666665736,3.097916666665988],[42.585416666665736,3.093749999999368]],[[42.585416666665736,3.093749999999368],[42.572916666665691,3.081249999999521],[42.568749999999113,3.081249999999521],[42.560416666665787,3.072916666666075],[42.560416666665787,3.056249999999359],[42.556249999999068,3.052083333332739]],[[42.556249999999068,3.052083333332739],[42.556249999999068,3.01458333333273],[42.560416666665787,3.010416666666117],[42.560416666665787,3.002083333332841],[42.564583333332365,2.9979166666661],[42.564583333332365,2.985416666666204]],[[42.564583333332365,2.985416666666204],[42.552083333332405,2.972916666666102],[42.547916666665742,2.972916666666102],[42.539583333332502,2.964583333332705]],[[42.539583333332502,2.964583333332705],[42.531249999999034,2.956249999999429]],[[42.531249999999034,2.956249999999429],[42.497916666665674,2.922916666666076]],[[42.497916666665674,2.922916666666076],[42.497916666665674,2.91874999999942],[42.493749999999096,2.9145833333328],[42.493749999999096,2.910416666665974],[42.489583333332433,2.906249999999361],[42.489583333332433,2.902083333332783],[42.48541666666577,2.897916666666127],[42.48541666666577,2.893749999999507],[42.477083333332388,2.885416666666067]],[[42.477083333332388,2.885416666666067],[42.464583333332484,2.872916666666178],[42.464583333332484,2.868749999999352],[42.460416666665651,2.864583333332732]],[[42.460416666665651,2.864583333332732],[42.447916666665776,2.852083333332885]],[[42.447916666665776,2.852083333332885],[42.443749999999028,2.847916666666059],[42.439583333332365,2.847916666666059],[42.435416666665702,2.843749999999439]],[[42.435416666665702,2.843749999999439],[42.422916666665742,2.843749999999439],[42.418749999999079,2.839583333332826]],[[42.418749999999079,2.839583333332826],[42.406249999999176,2.839583333332826],[42.402083333332371,2.835416666666163],[42.389583333332297,2.835416666666163]],[[42.389583333332297,2.835416666666163],[42.385416666665719,2.831249999999379],[42.381249999999056,2.831249999999379],[42.372916666665844,2.822916666666103]],[[42.372916666665844,2.822916666666103],[42.368749999999011,2.822916666666103],[42.364583333332348,2.818749999999532],[42.364583333332348,2.81458333333287],[42.356249999999108,2.80624999999943]],[[42.356249999999108,2.80624999999943],[42.356249999999108,2.802083333332817],[42.343749999999062,2.789583333332757],[42.343749999999062,2.785416666666094]],[[42.343749999999062,2.785416666666094],[42.343749999999062,2.764583333332801]],[[42.343749999999062,2.764583333332801],[42.343749999999062,2.752083333332742]],[[42.343749999999062,2.752083333332742],[42.34791666666564,2.747916666666129],[42.34791666666564,2.739583333332853],[42.352083333332445,2.735416666666026],[42.352083333332445,2.727083333332835],[42.356249999999108,2.72291666666618],[42.356249999999108,2.71041666666612]],[[42.356249999999108,2.71041666666612],[42.356249999999108,2.69791666666606],[42.36041666666577,2.693749999999397],[42.36041666666577,2.689583333332784]],[[42.36041666666577,2.689583333332784],[42.36041666666577,2.672916666666104]],[[42.36041666666577,2.672916666666104],[42.364583333332348,2.668749999999491],[42.364583333332348,2.660416666666045],[42.368749999999011,2.656249999999432],[42.372916666665844,2.656249999999432],[42.381249999999056,2.647916666666156],[42.381249999999056,2.639583333332716]],[[42.381249999999056,2.639583333332716],[42.381249999999056,2.635416666666138],[42.368749999999011,2.622916666666079],[42.364583333332348,2.622916666666079],[42.36041666666577,2.618749999999423],[42.352083333332445,2.618749999999423]],[[42.352083333332445,2.618749999999423],[42.343749999999062,2.618749999999423],[42.339583333332484,2.622916666666079],[42.327083333332325,2.622916666666079],[42.31458333333245,2.610416666666147]],[[42.31458333333245,2.610416666666147],[42.310416666665702,2.606249999999527],[42.310416666665702,2.602083333332743],[42.306249999999039,2.597916666666087],[42.306249999999039,2.589583333332641],[42.302083333332376,2.58541666666607]],[[42.302083333332376,2.58541666666607],[42.302083333332376,2.58124999999945]],[[42.302083333332376,2.58124999999945],[42.302083333332376,2.572916666666181]],[[42.302083333332376,2.572916666666181],[42.293749999999164,2.564583333332735],[42.293749999999164,2.522916666666106]],[[42.293749999999164,2.522916666666106],[42.293749999999164,2.510416666666046]],[[42.293749999999164,2.510416666666046],[42.293749999999164,2.50624999999939],[42.297916666665799,2.50208333333282],[42.297916666665799,2.493749999999544],[42.302083333332376,2.48958333333276],[42.302083333332376,2.485416666666097],[42.306249999999039,2.481249999999484],[42.306249999999039,2.477083333332864],[42.310416666665702,2.472916666666208]],[[42.310416666665702,2.472916666666208],[42.310416666665702,2.468749999999424],[42.318749999999113,2.460416666666148],[42.318749999999113,2.447916666666131],[42.322916666665776,2.443749999999476],[42.322916666665776,2.439583333332855],[42.327083333332325,2.435416666666029],[42.331249999999159,2.435416666666029],[42.339583333332484,2.427083333332796],[42.339583333332484,2.414583333332693],[42.343749999999062,2.410416666666123],[42.343749999999062,2.406249999999503]],[[42.343749999999062,2.406249999999503],[42.331249999999159,2.3937499999994],[42.327083333332325,2.3937499999994],[42.322916666665776,2.389583333332787],[42.318749999999113,2.389583333332787],[42.306249999999039,2.377083333332727],[42.297916666665799,2.377083333332727]],[[42.297916666665799,2.377083333332727],[42.285416666665753,2.377083333332727],[42.281249999999091,2.372916666666072],[42.281249999999091,2.347916666666158],[42.285416666665753,2.343749999999545],[42.281249999999091,2.339583333332719]],[[42.281249999999091,2.339583333332719],[42.268749999999045,2.327083333332823],[42.268749999999045,2.318749999999383],[42.264583333332382,2.314583333332806],[42.264583333332382,2.30624999999953]],[[42.264583333332382,2.30624999999953],[42.252083333332308,2.293749999999477],[42.231249999999022,2.293749999999477],[42.227083333332445,2.29791666666609],[42.227083333332445,2.302083333332746],[42.222916666665782,2.30624999999953],[42.222916666665782,2.339583333332719],[42.214583333332399,2.347916666666158],[42.210416666665736,2.347916666666158],[42.20208333333224,2.356249999999434],[42.197916666665662,2.356249999999434],[42.193749999999113,2.360416666666218]],[[42.193749999999113,2.360416666666218],[42.18958333333245,2.360416666666218]],[[42.18958333333245,2.360416666666218],[42.185416666665787,2.360416666666218],[42.181249999998954,2.356249999999434],[42.164583333332502,2.356249999999434],[42.160416666665668,2.352083333332779],[42.156249999999091,2.352083333332779],[42.152083333332428,2.347916666666158],[42.147916666665765,2.347916666666158],[42.143749999999187,2.343749999999545],[42.143749999999187,2.335416666666099],[42.135416666665719,2.327083333332823],[42.131249999999142,2.327083333332823],[42.127083333332479,2.322916666666082]],[[42.127083333332479,2.322916666666082],[42.127083333332479,2.31041666666615],[42.122916666665645,2.30624999999953],[42.122916666665645,2.29791666666609]],[[42.122916666665645,2.29791666666609],[42.122916666665645,2.293749999999477],[42.131249999999142,2.285416666666201]],[[42.131249999999142,2.285416666666201],[42.135416666665719,2.285416666666201],[42.147916666665765,2.272916666666184],[42.152083333332428,2.277083333332754],[42.160416666665668,2.277083333332754],[42.164583333332502,2.272916666666184],[42.164583333332502,2.268749999999358],[42.172916666665714,2.260416666666124],[42.210416666665736,2.260416666666124]],[[42.210416666665736,2.260416666666124],[42.222916666665782,2.247916666666022],[42.227083333332445,2.247916666666022],[42.235416666665685,2.239583333332789],[42.239583333332519,2.239583333332789],[42.243749999999096,2.235416666666126]],[[42.243749999999096,2.235416666666126],[42.243749999999096,2.227083333332686],[42.239583333332519,2.222916666666109],[42.239583333332519,2.21458333333284]],[[42.239583333332519,2.21458333333284],[42.239583333332519,2.206249999999393],[42.235416666665685,2.20208333333278],[42.227083333332445,2.20208333333278],[42.218749999999147,2.210416666666219],[42.218749999999147,2.21458333333284],[42.214583333332399,2.218749999999496],[42.214583333332399,2.222916666666109],[42.210416666665736,2.227083333332686],[42.206249999999159,2.227083333332686],[42.20208333333224,2.231249999999555],[42.177083333332376,2.231249999999555],[42.172916666665714,2.227083333332686],[42.168749999999051,2.227083333332686],[42.164583333332502,2.222916666666109],[42.160416666665668,2.222916666666109],[42.156249999999091,2.218749999999496]],[[42.156249999999091,2.218749999999496],[42.156249999999091,2.210416666666219],[42.147916666665765,2.20208333333278],[42.147916666665765,2.19791666666616],[42.143749999999187,2.193749999999504]],[[42.143749999999187,2.193749999999504],[42.143749999999187,2.189583333332763],[42.139583333332382,2.185416666666057],[42.139583333332382,2.181249999999487],[42.135416666665719,2.177083333332867]],[[42.135416666665719,2.177083333332867],[42.135416666665719,2.172916666666211]],[[42.135416666665719,2.172916666666211],[42.135416666665719,2.168749999999427],[42.139583333332382,2.164583333332764],[42.139583333332382,2.160416666666151],[42.147916666665765,2.152083333332705]],[[42.147916666665765,2.152083333332705],[42.152083333332428,2.147916666666092],[42.168749999999051,2.147916666666092],[42.172916666665714,2.143749999999436],[42.177083333332376,2.143749999999436],[42.193749999999113,2.127083333332799]],[[42.193749999999113,2.127083333332799],[42.193749999999113,2.114583333332696],[42.18958333333245,2.110416666666083],[42.18958333333245,2.106249999999463],[42.185416666665787,2.102083333332807],[42.185416666665787,2.093749999999361]],[[42.185416666665787,2.093749999999361],[42.185416666665787,2.08958333333279],[42.18958333333245,2.08541666666617]],[[42.18958333333245,2.08541666666617],[42.197916666665662,2.08541666666617],[42.20208333333224,2.08958333333279],[42.206249999999159,2.08541666666617],[42.206249999999159,2.081249999999514],[42.210416666665736,2.07708333333273],[42.210416666665736,2.072916666666075],[42.214583333332399,2.068749999999454],[42.218749999999147,2.068749999999454],[42.222916666665782,2.064583333332841],[42.227083333332445,2.064583333332841]],[[42.227083333332445,2.064583333332841],[42.235416666665685,2.064583333332841],[42.239583333332519,2.060416666666178],[42.243749999999096,2.060416666666178],[42.247916666665731,2.056249999999395],[42.252083333332308,2.056249999999395],[42.256249999999056,2.052083333332739],[42.260416666665805,2.052083333332739],[42.264583333332382,2.047916666666161],[42.268749999999045,2.047916666666161],[42.27291666666585,2.043749999999548],[42.281249999999091,2.043749999999548]],[[42.281249999999091,2.043749999999548],[42.293749999999164,2.031249999999446],[42.297916666665799,2.031249999999446],[42.310416666665702,2.018749999999386]],[[42.310416666665702,2.018749999999386],[42.310416666665702,2.014583333332766],[42.293749999999164,1.997916666666093]],[[42.293749999999164,1.997916666666093],[42.293749999999164,1.99374999999948]],[[42.293749999999164,1.99374999999948],[42.293749999999164,1.98124999999942],[42.289583333332416,1.977083333332757],[42.289583333332416,1.972916666666144],[42.285416666665753,1.968749999999481],[42.281249999999091,1.968749999999481],[42.27291666666585,1.960416666666127]],[[42.27291666666585,1.960416666666127],[42.27291666666585,1.956249999999464],[42.268749999999045,1.952083333332851],[42.268749999999045,1.947916666666025]],[[42.268749999999045,1.947916666666025],[42.268749999999045,1.943749999999405],[42.264583333332382,1.939583333332791],[42.264583333332382,1.935416666666129],[42.260416666665805,1.931249999999515],[42.260416666665805,1.927083333332689],[42.256249999999056,1.922916666666076],[42.256249999999056,1.918749999999498],[42.264583333332382,1.910416666666222]],[[42.264583333332382,1.910416666666222],[42.264583333332382,1.897916666666163]],[[42.264583333332382,1.897916666666163],[42.264583333332382,1.889583333332723],[42.268749999999045,1.88541666666606]],[[42.268749999999045,1.88541666666606],[42.27291666666585,1.881249999999447],[42.281249999999091,1.881249999999447]],[[42.281249999999091,1.881249999999447],[42.289583333332416,1.881249999999447],[42.297916666665799,1.872916666666171]],[[42.297916666665799,1.872916666666171],[42.310416666665702,1.872916666666171],[42.31458333333245,1.86874999999943]],[[42.31458333333245,1.86874999999943],[42.318749999999113,1.864583333332767],[42.318749999999113,1.860416666666154],[42.322916666665776,1.856249999999534],[42.322916666665776,1.852083333332878],[42.327083333332325,1.847916666666094],[42.327083333332325,1.843749999999439],[42.318749999999113,1.835416666666248]],[[42.318749999999113,1.835416666666248],[42.302083333332376,1.818749999999525],[42.302083333332376,1.810416666666086]],[[42.302083333332376,1.810416666666086],[42.318749999999113,1.793749999999363],[42.318749999999113,1.785416666666173],[42.327083333332325,1.777083333332904]],[[42.327083333332325,1.777083333332904],[42.335416666665822,1.777083333332904],[42.339583333332484,1.781249999999474],[42.343749999999062,1.781249999999474]],[[42.343749999999062,1.781249999999474],[42.34791666666564,1.781249999999474],[42.352083333332445,1.777083333332904]],[[42.352083333332445,1.777083333332904],[42.356249999999108,1.777083333332904],[42.36041666666577,1.772916666666077],[42.36041666666577,1.768749999999457],[42.364583333332348,1.764583333332844],[42.364583333332348,1.760416666666181],[42.368749999999011,1.756249999999397]],[[42.368749999999011,1.756249999999397],[42.381249999999056,1.743749999999508],[42.385416666665719,1.743749999999508],[42.39374999999913,1.735416666666104]],[[42.39374999999913,1.735416666666104],[42.402083333332371,1.727083333332828],[42.402083333332371,1.714583333332769]],[[42.402083333332371,1.714583333332769],[42.397916666665708,1.710416666666113],[42.397916666665708,1.7062499999995],[42.385416666665719,1.693749999999483]],[[42.385416666665719,1.693749999999483],[42.389583333332297,1.689583333332777],[42.39374999999913,1.689583333332777],[42.397916666665708,1.685416666666207],[42.397916666665708,1.672916666666147]],[[42.397916666665708,1.672916666666147],[42.397916666665708,1.668749999999484],[42.402083333332371,1.664583333332871],[42.406249999999176,1.664583333332871],[42.410416666665839,1.660416666666087]],[[42.410416666665839,1.660416666666087],[42.42708333333249,1.660416666666087],[42.431249999999125,1.656249999999424]],[[42.431249999999125,1.656249999999424],[42.435416666665702,1.652083333332811],[42.435416666665702,1.635416666666138],[42.439583333332365,1.631249999999518],[42.443749999999028,1.631249999999518],[42.447916666665776,1.627083333332692],[42.447916666665776,1.622916666666079]],[[42.447916666665776,1.622916666666079],[42.443749999999028,1.622916666666079],[42.439583333332365,1.618749999999459],[42.439583333332365,1.597916666666165]],[[42.439583333332365,1.597916666666165],[42.460416666665651,1.57708333333283]],[[42.460416666665651,1.57708333333283],[42.460416666665651,1.564583333332735],[42.447916666665776,1.552083333332881],[42.443749999999028,1.552083333332881],[42.439583333332365,1.547916666666097],[42.431249999999125,1.547916666666097],[42.42708333333249,1.543749999999442],[42.42708333333249,1.539583333332821],[42.422916666665742,1.535416666666208]],[[42.422916666665742,1.535416666666208],[42.422916666665742,1.527083333332762],[42.418749999999079,1.522916666666106]],[[42.418749999999079,1.522916666666106],[42.42708333333249,1.514583333332915],[42.435416666665702,1.514583333332915],[42.439583333332365,1.518749999999486],[42.443749999999028,1.518749999999486],[42.447916666665776,1.522916666666106],[42.456249999999073,1.522916666666106]],[[42.456249999999073,1.522916666666106],[42.460416666665651,1.518749999999486],[42.460416666665651,1.514583333332915],[42.468749999999147,1.506249999999469],[42.468749999999147,1.502083333332813],[42.47291666666581,1.497916666666192],[42.47291666666581,1.493749999999366],[42.468749999999147,1.489583333332753],[42.468749999999147,1.48541666666614],[42.464583333332484,1.481249999999477],[42.464583333332484,1.477083333332864],[42.456249999999073,1.468749999999417]],[[42.456249999999073,1.468749999999417],[42.452083333332439,1.464583333332847],[42.447916666665776,1.464583333332847],[42.443749999999028,1.468749999999417],[42.439583333332365,1.468749999999417],[42.435416666665702,1.472916666666038],[42.422916666665742,1.472916666666038],[42.418749999999079,1.468749999999417]],[[42.418749999999079,1.468749999999417],[42.418749999999079,1.443749999999511],[42.422916666665742,1.439583333332848],[42.422916666665742,1.422916666666218],[42.42708333333249,1.418749999999562],[42.439583333332365,1.418749999999562],[42.447916666665776,1.410416666666116],[42.452083333332439,1.410416666666116],[42.456249999999073,1.406249999999503],[42.460416666665651,1.406249999999503]],[[42.460416666665651,1.406249999999503],[42.464583333332484,1.402083333332882],[42.460416666665651,1.397916666666227],[42.464583333332484,1.393749999999443],[42.464583333332484,1.385416666666167],[42.460416666665651,1.381249999999426],[42.460416666665651,1.364583333332874],[42.456249999999073,1.36041666666609]],[[42.456249999999073,1.36041666666609],[42.456249999999073,1.356249999999427],[42.452083333332439,1.352083333332814],[42.452083333332439,1.347916666666158],[42.456249999999073,1.343749999999538]],[[42.456249999999073,1.343749999999538],[42.460416666665651,1.339583333332754]],[[42.460416666665651,1.339583333332754],[42.468749999999147,1.331249999999521],[42.481249999998965,1.331249999999521],[42.48541666666577,1.327083333332865],[42.489583333332433,1.331249999999521],[42.493749999999096,1.331249999999521]],[[42.493749999999096,1.331249999999521],[42.502083333332337,1.322916666666082],[42.510416666665719,1.322916666666082],[42.518749999999216,1.314583333332806],[42.518749999999216,1.310416666666185],[42.510416666665719,1.302083333332746]],[[42.510416666665719,1.302083333332746],[42.514583333332382,1.297916666666126],[42.514583333332382,1.29374999999947],[42.518749999999216,1.289583333332892],[42.518749999999216,1.285416666666023],[42.522916666665623,1.281249999999453],[42.522916666665623,1.277083333332833],[42.527083333332456,1.272916666666177],[42.531249999999034,1.277083333332833],[42.539583333332502,1.268749999999564],[42.556249999999068,1.268749999999564],[42.560416666665787,1.264583333332737]],[[42.560416666665787,1.264583333332737],[42.560416666665787,1.260416666666117],[42.568749999999113,1.252083333332841],[42.568749999999113,1.247916666666057],[42.564583333332365,1.243749999999402],[42.568749999999113,1.239583333332824],[42.568749999999113,1.235416666666211],[42.564583333332365,1.231249999999548]],[[42.564583333332365,1.231249999999548],[42.556249999999068,1.222916666666109],[42.556249999999068,1.193749999999582],[42.552083333332405,1.189583333332756]],[[42.552083333332405,1.189583333332756],[42.552083333332405,1.185416666666143],[42.556249999999068,1.18124999999948],[42.556249999999068,1.17291666666604],[42.564583333332365,1.164583333332807],[42.556249999999068,1.156249999999531],[42.560416666665787,1.152083333332705],[42.564583333332365,1.152083333332705],[42.577083333332354,1.139583333332851],[42.585416666665736,1.139583333332851],[42.589583333332399,1.143749999999514],[42.59791666666581,1.143749999999514]],[[42.59791666666581,1.143749999999514],[42.602083333332473,1.139583333332851],[42.606249999999051,1.139583333332851],[42.610416666665714,1.135416666666238],[42.610416666665714,1.127083333332791],[42.602083333332473,1.118749999999523],[42.59791666666581,1.118749999999523],[42.589583333332399,1.110416666666076],[42.589583333332399,1.106249999999505],[42.593749999999147,1.102083333332885],[42.593749999999147,1.097916666666229],[42.589583333332399,1.093749999999446],[42.589583333332399,1.08541666666617],[42.585416666665736,1.08124999999955]],[[42.585416666665736,1.08124999999955],[42.585416666665736,1.077083333332894],[42.581249999999102,1.07291666666611]],[[42.581249999999102,1.07291666666611],[42.581249999999102,1.068749999999447]],[[42.581249999999102,1.068749999999447],[42.581249999999102,1.05624999999943],[42.593749999999147,1.043749999999541]],[[42.593749999999147,1.043749999999541],[42.606249999999051,1.031249999999481],[42.606249999999051,1.027083333332826],[42.602083333332473,1.022916666666205],[42.59791666666581,1.022916666666205],[42.59791666666581,1.018749999999464],[42.593749999999147,1.014583333332766]],[[42.593749999999147,1.014583333332766],[42.593749999999147,1.010416666666188],[42.59791666666581,1.006249999999532],[42.602083333332473,1.006249999999532],[42.606249999999051,1.002083333332749]],[[42.606249999999051,1.002083333332749],[42.606249999999051,0.993749999999473],[42.618749999999181,0.981249999999413]],[[42.618749999999181,0.981249999999413],[42.627083333332337,0.981249999999413],[42.631249999999,0.977083333332835],[42.631249999999,0.96458333333274],[42.627083333332337,0.96041666666612],[42.610416666665714,0.96041666666612],[42.606249999999051,0.956249999999507],[42.606249999999051,0.952083333332844],[42.593749999999147,0.939583333332784],[42.589583333332399,0.939583333332784]],[[42.589583333332399,0.939583333332784],[42.585416666665736,0.935416666666171]],[[42.585416666665736,0.935416666666171],[42.585416666665736,0.931249999999508],[42.589583333332399,0.927083333332767],[42.589583333332399,0.918749999999491],[42.593749999999147,0.914583333332878],[42.59791666666581,0.914583333332878],[42.606249999999051,0.906249999999432]],[[42.606249999999051,0.906249999999432],[42.614583333332433,0.897916666666163],[42.614583333332433,0.893749999999542]],[[42.614583333332433,0.893749999999542],[42.614583333332433,0.889583333332887],[42.610416666665714,0.885416666666146],[42.602083333332473,0.885416666666146],[42.59791666666581,0.889583333332887],[42.593749999999147,0.885416666666146]],[[42.593749999999147,0.885416666666146],[42.593749999999147,0.88124999999944],[42.59791666666581,0.87708333333287],[42.593749999999147,0.872916666666249],[42.593749999999147,0.868749999999423],[42.589583333332399,0.86458333333281],[42.593749999999147,0.860416666666147]],[[42.593749999999147,0.860416666666147],[42.59791666666581,0.856249999999534],[42.59791666666581,0.852083333332708],[42.602083333332473,0.847916666666087],[42.602083333332473,0.843749999999474]],[[42.602083333332473,0.843749999999474],[42.606249999999051,0.839583333332818],[42.606249999999051,0.835416666666241],[42.59791666666581,0.827083333332801],[42.59791666666581,0.822916666666181],[42.602083333332473,0.818749999999525]],[[42.602083333332473,0.818749999999525],[42.610416666665714,0.818749999999525],[42.622916666665759,0.806249999999466],[42.627083333332337,0.810416666666079],[42.627083333332337,0.814583333332742],[42.631249999999,0.818749999999525],[42.631249999999,0.822916666666181],[42.639583333332467,0.831249999999372],[42.647916666665708,0.822916666666181],[42.652083333332541,0.827083333332801],[42.652083333332541,0.831249999999372],[42.647916666665708,0.835416666666241],[42.652083333332541,0.839583333332818],[42.656249999999119,0.839583333332818],[42.664583333332359,0.831249999999372],[42.664583333332359,0.827083333332801],[42.660416666665782,0.822916666666181],[42.660416666665782,0.806249999999466],[42.668749999998994,0.79791666666619],[42.668749999998994,0.793749999999449],[42.672916666665827,0.789583333332743],[42.668749999998994,0.785416666666173],[42.668749999998994,0.781249999999552],[42.656249999999119,0.76874999999945],[42.656249999999119,0.756249999999561]],[[42.656249999999119,0.756249999999561],[42.660416666665782,0.752083333332777],[42.660416666665782,0.73958333333276],[42.672916666665827,0.727083333332828],[42.677083333332405,0.727083333332828],[42.685416666665731,0.735416666666104],[42.689583333332308,0.735416666666104]],[[42.689583333332308,0.735416666666104],[42.693749999999113,0.731249999999484],[42.693749999999113,0.718749999999424],[42.697916666665776,0.714583333332769],[42.702083333332439,0.714583333332769],[42.706249999999017,0.718749999999424],[42.710416666665594,0.718749999999424],[42.714583333332428,0.714583333332769],[42.710416666665594,0.710416666666148],[42.710416666665594,0.706249999999493],[42.697916666665776,0.693749999999476]],[[42.697916666665776,0.693749999999476],[42.706249999999017,0.6854166666662],[42.706249999999017,0.681249999999416],[42.718749999999062,0.668749999999527],[42.718749999999062,0.6645833333327],[42.710416666665594,0.65624999999951],[42.714583333332428,0.652083333332847],[42.722916666665725,0.652083333332847]],[[42.722916666665725,0.652083333332847],[42.735416666665799,0.652083333332847],[42.743749999999011,0.643749999999407],[42.743749999999011,0.622916666666072],[42.747916666665844,0.618749999999451]],[[42.747916666665844,0.618749999999451],[42.747916666665844,0.606249999999434],[42.739583333332376,0.597916666666165],[42.739583333332376,0.589583333332889],[42.735416666665799,0.585416666666106],[42.731249999999136,0.585416666666106],[42.727083333332473,0.581249999999443]],[[42.727083333332473,0.581249999999443],[42.727083333332473,0.57708333333283],[42.735416666665799,0.568749999999554],[42.735416666665799,0.564583333332813],[42.739583333332376,0.56041666666615],[42.756249999999085,0.56041666666615]],[[42.756249999999085,0.56041666666615],[42.760416666665662,0.556249999999537],[42.760416666665662,0.55208333333271],[42.764583333332325,0.54791666666609],[42.764583333332325,0.543749999999477],[42.760416666665662,0.539583333332821],[42.760416666665662,0.527083333332762],[42.76874999999913,0.518749999999528],[42.764583333332325,0.514583333332908],[42.764583333332325,0.489583333332746],[42.756249999999085,0.481249999999555]],[[42.756249999999085,0.481249999999555],[42.756249999999085,0.472916666666116],[42.752083333332507,0.468749999999453],[42.739583333332376,0.468749999999453],[42.731249999999136,0.460416666666227],[42.727083333332473,0.460416666666227],[42.722916666665725,0.456249999999564],[42.722916666665725,0.447916666666124],[42.718749999999062,0.443749999999504],[42.718749999999062,0.439583333332934]],[[42.718749999999062,0.439583333332934],[42.722916666665725,0.435416666666228],[42.722916666665725,0.431249999999487],[42.727083333332473,0.427083333332789],[42.727083333332473,0.418749999999427],[42.731249999999136,0.414583333332772],[42.735416666665799,0.414583333332772],[42.739583333332376,0.410416666666151],[42.739583333332376,0.406249999999496],[42.747916666665844,0.397916666666092]],[[42.747916666665844,0.397916666666092],[42.747916666665844,0.360416666666083],[42.756249999999085,0.352083333332807],[42.760416666665662,0.352083333332807],[42.764583333332325,0.347916666666194]],[[42.764583333332325,0.347916666666194],[42.764583333332325,0.343749999999368],[42.76874999999913,0.33958333333279],[42.76874999999913,0.335416666666177],[42.756249999999085,0.322916666666075],[42.756249999999085,0.302083333332739],[42.760416666665662,0.297916666666168],[42.760416666665662,0.289583333332892],[42.752083333332507,0.281249999999446],[42.747916666665844,0.285416666666109],[42.743749999999011,0.281249999999446]],[[42.743749999999011,0.281249999999446],[42.743749999999011,0.277083333332833],[42.747916666665844,0.272916666666212],[42.743749999999011,0.268749999999557],[42.743749999999011,0.264583333332773],[42.747916666665844,0.26041666666611]],[[42.747916666665844,0.26041666666611],[42.752083333332507,0.26041666666611],[42.756249999999085,0.256249999999497],[42.76874999999913,0.256249999999497],[42.777083333332371,0.247916666666264],[42.777083333332371,0.222916666666144],[42.781249999999034,0.218749999999488],[42.781249999999034,0.210416666666042],[42.777083333332371,0.206249999999429],[42.777083333332371,0.197916666666195],[42.772916666665793,0.193749999999575],[42.772916666665793,0.189583333332749],[42.764583333332325,0.181249999999515]],[[42.764583333332325,0.181249999999515],[42.764583333332325,0.172916666666076]],[[42.764583333332325,0.172916666666076],[42.747916666665844,0.156249999999567],[42.739583333332376,0.156249999999567],[42.735416666665799,0.160416666666229],[42.727083333332473,0.152083333332783]],[[42.727083333332473,0.152083333332783],[42.727083333332473,0.135416666666231],[42.722916666665725,0.131249999999447],[42.722916666665725,0.127083333332791]],[[42.722916666665725,0.127083333332791],[42.714583333332428,0.118749999999601],[42.714583333332428,0.102083333332885],[42.718749999999062,0.097916666666094],[42.718749999999062,0.093749999999439],[42.722916666665725,0.089583333332826],[42.722916666665725,0.08124999999955]],[[42.722916666665725,0.08124999999955],[42.722916666665725,0.077083333332808],[42.727083333332473,0.072916666666103],[42.731249999999136,0.072916666666103],[42.735416666665799,0.068749999999532]],[[42.735416666665799,0.068749999999532],[42.731249999999136,0.06458333333287],[42.731249999999136,0.056249999999473],[42.735416666665799,0.05208333333281],[42.718749999999062,0.035416666666137],[42.706249999999017,0.035416666666137],[42.693749999999113,0.022916666666035],[42.677083333332405,0.022916666666035],[42.672916666665827,0.018749999999464],[42.668749999998994,0.018749999999464],[42.664583333332359,0.014583333332844],[42.664583333332359,0.002083333332742],[42.656249999999119,-0.006250000000406],[42.664583333332359,-0.014583333333889],[42.664583333332359,-0.018750000000594],[42.660416666665782,-0.022916666667165]],[[42.660416666665782,-0.022916666667165],[42.656249999999119,-0.022916666667165],[42.652083333332541,-0.018750000000594],[42.647916666665708,-0.018750000000594],[42.643749999999045,-0.022916666667165],[42.639583333332467,-0.018750000000594],[42.627083333332337,-0.018750000000594],[42.614583333332433,-0.031250000000526]],[[42.614583333332433,-0.031250000000526],[42.610416666665714,-0.035416666667224],[42.610416666665714,-0.039583333333887],[42.602083333332473,-0.047916666667199],[42.59791666666581,-0.047916666667199],[42.589583333332399,-0.05625000000056],[42.589583333332399,-0.060416666667216]],[[42.589583333332399,-0.060416666667216],[42.593749999999147,-0.064583333333793],[42.593749999999147,-0.072916666667155],[42.59791666666581,-0.077083333333853]],[[42.59791666666581,-0.077083333333853],[42.59791666666581,-0.089583333333827],[42.606249999999051,-0.097916666667189],[42.606249999999051,-0.102083333333887],[42.602083333332473,-0.106250000000543],[42.59791666666581,-0.106250000000543],[42.593749999999147,-0.110416666667163],[42.589583333332399,-0.110416666667163],[42.581249999999102,-0.118750000000482]],[[42.581249999999102,-0.118750000000482],[42.577083333332354,-0.122916666667223],[42.577083333332354,-0.131250000000456]],[[42.577083333332354,-0.131250000000456],[42.589583333332399,-0.143750000000516],[42.589583333332399,-0.152083333333913],[42.606249999999051,-0.16875000000055]],[[42.606249999999051,-0.16875000000055],[42.618749999999181,-0.181250000000524],[42.610416666665714,-0.189583333333886],[42.610416666665714,-0.193750000000541]],[[42.610416666665714,-0.193750000000541],[42.610416666665714,-0.20208333333386],[42.614583333332433,-0.206250000000473],[42.614583333332433,-0.210416666667172],[42.618749999999181,-0.21458333333392],[42.618749999999181,-0.231250000000507],[42.622916666665759,-0.235416666667213],[42.622916666665759,-0.239583333333783],[42.618749999999181,-0.243750000000482],[42.614583333332433,-0.243750000000482],[42.610416666665714,-0.247916666667187]],[[42.610416666665714,-0.247916666667187],[42.614583333332433,-0.2520833333338],[42.622916666665759,-0.2520833333338],[42.627083333332337,-0.256250000000541]]]}},
{"type":"Feature","properties":{"name":"Juba","section":"upstream"},"geometry":{"type":"MultiLineString","coordinates":[[[38.089583333332541,5.320833333332764],[38.089583333332541,5.285416666666173],[38.085416666665793,5.281249999999297],[38.085416666665793,5.272916666666113],[38.089583333332541,5.26874999999945],[38.089583333332541,5.260416666666011],[38.093749999999204,5.25624999999939],[38.093749999999204,5.25208333333277],[38.102083333332416,5.243749999999331],[38.102083333332416,5.239583333332668],[38.106249999999079,5.235416666666104]],[[38.106249999999079,5.235416666666104],[38.102083333332416,5.231249999999484],[38.102083333332416,5.222916666666045],[38.106249999999079,5.218749999999382],[38.106249999999079,5.210416666666156],[38.110416666665913,5.206249999999493],[38.110416666665913,5.202083333332702],[38.118749999999153,5.193749999999476],[38.118749999999153,5.168749999999356],[38.135416666665776,5.152083333332804],[38.135416666665776,5.147916666666056]],[[38.135416666665776,5.147916666666056],[38.139583333332439,5.143749999999407],[38.139583333332439,5.139583333332787],[38.147916666665935,5.131249999999348]],[[38.147916666665935,5.131249999999348],[38.152083333332484,5.127083333332727],[38.152083333332484,5.122916666666065],[38.16041666666581,5.114583333332625],[38.164583333332558,5.114583333332625],[38.168749999999221,5.110416666666005],[38.168749999999221,5.102083333332736],[38.172916666665799,5.097916666666158]],[[38.172916666665799,5.097916666666158],[38.172916666665799,5.077083333332659],[38.168749999999221,5.072916666665996],[38.168749999999221,5.06874999999939]],[[38.168749999999221,5.06874999999939],[38.168749999999221,5.039583333332821],[38.172916666665799,5.03541666666603],[38.177083333332462,5.03541666666603],[38.185416666665844,5.027083333332762],[38.185416666665844,5.018749999999478],[38.189583333332507,5.014583333332745],[38.19374999999917,5.014583333332745],[38.202083333332581,5.006249999999461],[38.202083333332581,4.993749999999402]],[[38.202083333332581,4.993749999999402],[38.210416666665878,4.985416666666133],[38.210416666665878,4.981249999999299],[38.214583333332456,4.977083333332693],[38.218749999999034,4.977083333332693],[38.218749999999034,4.96874999999941],[38.214583333332456,4.964583333332833],[38.214583333332456,4.952083333332773],[38.218749999999034,4.947916666666124]],[[38.218749999999034,4.947916666666124],[38.222916666665867,4.943749999999334]],[[38.222916666665867,4.943749999999334],[38.22708333333253,4.939583333332671]],[[38.22708333333253,4.939583333332671],[38.264583333332524,4.902083333332705],[38.268749999999102,4.902083333332705],[38.272916666665765,4.897916666666056],[38.272916666665765,4.893749999999436]],[[38.272916666665765,4.893749999999436],[38.277083333332598,4.889583333332816],[38.281249999999233,4.889583333332816]],[[38.281249999999233,4.889583333332816],[38.28541666666581,4.885416666666153],[38.28541666666581,4.881249999999376],[38.289583333332473,4.877083333332713],[38.289583333332473,4.872916666666136],[38.293749999999136,4.868749999999359],[38.297916666665884,4.868749999999359]],[[38.297916666665884,4.868749999999359],[38.297916666665884,4.860416666666076],[38.302083333332547,4.856249999999427],[38.302083333332547,4.852083333332807],[38.310416666665759,4.843749999999368],[38.310416666665759,4.839583333332747]],[[38.310416666665759,4.839583333332747],[38.314583333332422,4.835416666666084],[38.314583333332422,4.831249999999521]],[[38.314583333332422,4.831249999999521],[38.31874999999917,4.82708333333273],[38.322916666665833,4.82708333333273],[38.335416666665878,4.814583333332628],[38.339583333332456,4.814583333332628],[38.343749999999204,4.810416666666008],[38.347916666665782,4.810416666666008],[38.352083333332359,4.814583333332628],[38.360416666665827,4.814583333332628]],[[38.360416666665827,4.814583333332628],[38.385416666665805,4.814583333332628]],[[38.385416666665805,4.814583333332628],[38.389583333332524,4.814583333332628]],[[38.389583333332524,4.814583333332628],[38.393749999999187,4.818749999999461],[38.39791666666585,4.818749999999461],[38.402083333332428,4.822916666666067],[38.406249999999091,4.822916666666067],[38.410416666665924,4.82708333333273]],[[38.410416666665924,4.82708333333273],[38.418749999999136,4.835416666666084],[38.43124999999921,4.835416666666084],[38.435416666665787,4.839583333332747],[38.439583333332422,4.839583333332747],[38.443749999999085,4.843749999999368],[38.452083333332496,4.843749999999368],[38.456249999999159,4.847916666666016]],[[38.456249999999159,4.847916666666016],[38.468749999999204,4.847916666666016],[38.472916666665867,4.852083333332807]],[[38.472916666665867,4.852083333332807],[38.485416666665856,4.852083333332807],[38.497916666665731,4.864583333332696],[38.497916666665731,4.872916666666136],[38.502083333332394,4.877083333332713]],[[38.502083333332394,4.877083333332713],[38.506249999999227,4.877083333332713],[38.51041666666589,4.881249999999376],[38.514583333332467,4.881249999999376],[38.518749999999017,4.885416666666153],[38.535416666665753,4.885416666666153],[38.539583333332416,4.889583333332816],[38.572916666665748,4.889583333332816]],[[38.572916666665748,4.889583333332816],[38.585416666665822,4.889583333332816]],[[38.585416666665822,4.889583333332816],[38.60208333333253,4.872916666666136],[38.60208333333253,4.868749999999359],[38.606249999999193,4.864583333332696],[38.614583333332433,4.864583333332696]],[[38.614583333332433,4.864583333332696],[38.618749999999181,4.864583333332696],[38.622916666665816,4.868749999999359]],[[38.622916666665816,4.868749999999359],[38.643749999999216,4.889583333332816]],[[38.643749999999216,4.889583333332816],[38.647916666665765,4.893749999999436],[38.652083333332342,4.893749999999436],[38.656249999999261,4.897916666666056],[38.656249999999261,4.902083333332705],[38.660416666665839,4.906249999999496],[38.664583333332502,4.906249999999496],[38.668749999999079,4.910416666666158],[38.672916666665742,4.910416666666158],[38.677083333332547,4.914583333332764],[38.677083333332547,4.918749999999342],[38.681249999999125,4.922916666666048],[38.681249999999125,4.927083333332781],[38.68958333333245,4.935416666666065]],[[38.68958333333245,4.935416666666065],[38.697916666665861,4.943749999999334],[38.697916666665861,4.947916666666124],[38.702083333332411,4.952083333332773],[38.706249999999159,4.952083333332773],[38.710416666665907,4.956249999999393]],[[38.710416666665907,4.956249999999393],[38.710416666665907,4.960416666665971],[38.72291666666581,4.972916666666116],[38.72291666666581,5.002083333332642],[38.735416666665856,5.014583333332745]],[[38.735416666665856,5.014583333332745],[38.735416666665856,5.022916666666141],[38.731249999999193,5.027083333332762],[38.731249999999193,5.031249999999368],[38.727083333332445,5.03541666666603],[38.72291666666581,5.03541666666603],[38.714583333332484,5.04374999999947]],[[38.714583333332484,5.04374999999947],[38.714583333332484,5.05208333333271],[38.72291666666581,5.060416666666107]],[[38.72291666666581,5.060416666666107],[38.731249999999193,5.060416666666107],[38.735416666665856,5.056249999999373],[38.739583333332519,5.060416666666107],[38.739583333332519,5.064583333332813],[38.747916666665759,5.072916666665996]],[[38.747916666665759,5.072916666665996],[38.752083333332479,5.06874999999939]],[[38.752083333332479,5.06874999999939],[38.756249999999142,5.06874999999939],[38.760416666665805,5.072916666665996],[38.764583333332382,5.072916666665996],[38.768749999999045,5.077083333332659],[38.772916666665878,5.072916666665996],[38.777083333332456,5.072916666665996],[38.781249999999091,5.077083333332659],[38.781249999999091,5.08124999999945],[38.785416666665924,5.085416666666099],[38.785416666665924,5.093749999999339],[38.789583333332587,5.097916666666158],[38.793749999999164,5.097916666666158],[38.797916666665742,5.102083333332736]],[[38.797916666665742,5.102083333332736],[38.80624999999921,5.102083333332736],[38.81458333333245,5.093749999999339],[38.818749999999113,5.097916666666158]],[[38.818749999999113,5.097916666666158],[38.818749999999113,5.102083333332736]],[[38.818749999999113,5.102083333332736],[38.818749999999113,5.106249999999442],[38.81458333333245,5.110416666666005],[38.81458333333245,5.118749999999459],[38.818749999999113,5.122916666666065],[38.818749999999113,5.131249999999348],[38.822916666665776,5.135416666666124],[38.822916666665776,5.143749999999407],[38.843749999999233,5.164583333332693]],[[38.843749999999233,5.164583333332693],[38.84791666666581,5.168749999999356],[38.852083333332473,5.164583333332693],[38.864583333332519,5.164583333332693],[38.877083333332422,5.152083333332804]],[[38.877083333332422,5.152083333332804],[38.881249999999,5.147916666666056],[38.881249999999,5.143749999999407],[38.889583333332467,5.135416666666124],[38.889583333332467,5.131249999999348],[38.902083333332541,5.118749999999459],[38.902083333332541,5.114583333332625],[38.906249999999204,5.110416666666005],[38.910416666665753,5.110416666666005],[38.910416666665753,5.106249999999442],[38.914583333332416,5.102083333332736]],[[38.914583333332416,5.102083333332736],[38.91874999999925,5.106249999999442],[38.91874999999925,5.110416666666005],[38.922916666665913,5.114583333332625],[38.922916666665913,5.118749999999459],[38.92708333333249,5.122916666666065]],[[38.92708333333249,5.122916666666065],[38.935416666665702,5.122916666666065],[38.939583333332536,5.118749999999459],[38.943749999999199,5.122916666666065],[38.956249999999102,5.122916666666065]],[[38.956249999999102,5.122916666666065],[38.968749999999147,5.135416666666124]],[[38.968749999999147,5.135416666666124],[38.972916666665725,5.139583333332787],[38.989583333332433,5.139583333332787],[38.997916666665844,5.131249999999348],[39.002083333332507,5.131249999999348],[39.00624999999917,5.127083333332727]],[[39.00624999999917,5.127083333332727],[39.010416666665748,5.122916666666065],[39.010416666665748,5.114583333332625],[39.018749999999216,5.106249999999442],[39.018749999999216,5.097916666666158],[39.027083333332456,5.089583333332719],[39.031249999999204,5.089583333332719],[39.035416666665867,5.085416666666099],[39.035416666665867,5.08124999999945],[39.047916666665742,5.06874999999939],[39.052083333332575,5.06874999999939]],[[39.052083333332575,5.06874999999939],[39.064583333332394,5.056249999999373]],[[39.064583333332394,5.056249999999373],[39.072916666665861,5.04791666666609],[39.081249999999102,5.04791666666609]],[[39.081249999999102,5.04791666666609],[39.093749999999147,5.04791666666609],[39.09791666666581,5.05208333333271],[39.110416666665884,5.05208333333271]],[[39.110416666665884,5.05208333333271],[39.110416666665884,5.04791666666609],[39.118749999999096,5.039583333332821],[39.118749999999096,5.018749999999478]],[[39.118749999999096,5.018749999999478],[39.122916666665759,5.014583333332745],[39.122916666665759,5.006249999999461],[39.127083333332507,5.002083333332642]],[[39.127083333332507,5.002083333332642],[39.13124999999917,4.997916666666022],[39.135416666665833,4.997916666666022],[39.147916666665793,4.985416666666133],[39.147916666665793,4.981249999999299],[39.152083333332541,4.977083333332693],[39.152083333332541,4.960416666665971],[39.156249999999119,4.956249999999393],[39.156249999999119,4.952083333332773],[39.160416666665697,4.947916666666124]],[[39.160416666665697,4.947916666666124],[39.156249999999119,4.943749999999334]],[[39.156249999999119,4.943749999999334],[39.168749999999164,4.931249999999444],[39.172916666665827,4.931249999999444],[39.177083333332405,4.927083333332781],[39.181249999999068,4.927083333332781],[39.185416666665901,4.922916666666048]],[[39.185416666665901,4.922916666666048],[39.185416666665901,4.914583333332764]],[[39.185416666665901,4.914583333332764],[39.189583333332479,4.910416666666158],[39.197916666665691,4.910416666666158]],[[39.197916666665691,4.910416666666158],[39.206249999999187,4.902083333332705],[39.206249999999187,4.897916666666056],[39.210416666665765,4.893749999999436]],[[39.210416666665765,4.893749999999436],[39.214583333332428,4.893749999999436],[39.227083333332473,4.881249999999376],[39.235416666665799,4.881249999999376],[39.247916666665759,4.868749999999359],[39.252083333332422,4.872916666666136]],[[39.252083333332422,4.872916666666136],[39.256249999999085,4.872916666666136],[39.264583333332496,4.864583333332696]],[[39.264583333332496,4.864583333332696],[39.272916666665736,4.864583333332696]],[[39.272916666665736,4.864583333332696],[39.277083333332371,4.864583333332696],[39.281249999999204,4.868749999999359],[39.285416666665867,4.868749999999359],[39.285416666665867,4.872916666666136],[39.289583333332445,4.877083333332713],[39.293749999999022,4.872916666666136],[39.30208333333249,4.872916666666136],[39.306249999999153,4.868749999999359]],[[39.306249999999153,4.868749999999359],[39.310416666665731,4.864583333332696],[39.322916666665805,4.864583333332696],[39.327083333332439,4.860416666666076],[39.331249999999017,4.860416666666076],[39.335416666665679,4.856249999999427],[39.339583333332513,4.860416666666076]],[[39.339583333332513,4.860416666666076],[39.343749999999091,4.856249999999427],[39.356249999999136,4.856249999999427],[39.360416666665799,4.852083333332807]],[[39.360416666665799,4.852083333332807],[39.360416666665799,4.847916666666016],[39.364583333332462,4.843749999999368]],[[39.364583333332462,4.843749999999368],[39.364583333332462,4.839583333332747],[39.368749999999125,4.835416666666084]],[[39.368749999999125,4.835416666666084],[39.372916666665873,4.831249999999521],[39.372916666665873,4.82708333333273],[39.368749999999125,4.822916666666067],[39.368749999999125,4.806249999999402],[39.372916666665873,4.802083333332739],[39.372916666665873,4.797916666666119],[39.368749999999125,4.793749999999299],[39.372916666665873,4.789583333332679],[39.372916666665873,4.781249999999453]],[[39.372916666665873,4.781249999999453],[39.372916666665873,4.777083333332833]],[[39.372916666665873,4.777083333332833],[39.37708333333245,4.772916666665999],[39.381249999999085,4.772916666665999],[39.385416666665748,4.768749999999393],[39.385416666665748,4.764583333332773]],[[39.385416666665748,4.764583333332773],[39.393749999999159,4.756249999999334],[39.397916666665822,4.76041666666611]],[[39.397916666665822,4.76041666666611],[39.402083333332484,4.756249999999334],[39.406249999999204,4.756249999999334],[39.410416666665867,4.752083333332671],[39.410416666665867,4.74791666666605],[39.427083333332519,4.73124999999937],[39.427083333332519,4.727083333332764],[39.431249999999153,4.722916666666144],[39.435416666665816,4.722916666666144],[39.439583333332394,4.727083333332764],[39.443749999999056,4.727083333332764]],[[39.443749999999056,4.727083333332764],[39.452083333332553,4.727083333332764]],[[39.452083333332553,4.727083333332764],[39.460416666665679,4.727083333332764],[39.464583333332428,4.722916666666144],[39.477083333332416,4.722916666666144],[39.481249999999079,4.727083333332764],[39.489583333332462,4.727083333332764]],[[39.489583333332462,4.727083333332764],[39.497916666665787,4.718749999999481],[39.502083333332365,4.718749999999481]],[[39.502083333332365,4.718749999999481],[39.522916666665651,4.718749999999481]],[[39.522916666665651,4.718749999999481],[39.527083333332484,4.722916666666144],[39.531249999999147,4.718749999999481],[39.535416666665782,4.718749999999481],[39.535416666665782,4.714583333332705],[39.53958333333253,4.710416666666042]],[[39.53958333333253,4.710416666666042],[39.543749999999193,4.710416666666042],[39.547916666665856,4.706249999999422],[39.552083333332433,4.706249999999422],[39.556249999999096,4.710416666666042],[39.560416666665816,4.710416666666042],[39.564583333332479,4.714583333332705]],[[39.564583333332479,4.714583333332705],[39.568749999999142,4.710416666666042],[39.577083333332382,4.710416666666042],[39.581249999999216,4.706249999999422]],[[39.581249999999216,4.706249999999422],[39.581249999999216,4.702083333332844],[39.597916666665753,4.685416666666136]],[[39.597916666665753,4.685416666666136],[39.622916666665787,4.685416666666136],[39.635416666665691,4.672916666666076],[39.643749999999073,4.672916666666076],[39.647916666665822,4.668749999999413],[39.652083333332399,4.668749999999413]],[[39.652083333332399,4.668749999999413],[39.656249999999147,4.664583333332793],[39.656249999999147,4.660416666665974],[39.664583333332445,4.652083333332776]],[[39.664583333332445,4.652083333332776],[39.668749999999108,4.656249999999353],[39.685416666665759,4.656249999999353],[39.689583333332422,4.652083333332776]],[[39.689583333332422,4.652083333332776],[39.693749999999142,4.656249999999353],[39.702083333332467,4.656249999999353]],[[39.702083333332467,4.656249999999353],[39.710416666665708,4.664583333332793],[39.710416666665708,4.668749999999413],[39.714583333332541,4.672916666666076],[39.714583333332541,4.677083333332696]],[[39.714583333332541,4.677083333332696],[39.714583333332541,4.681249999999302],[39.722916666665753,4.689583333332756]],[[39.722916666665753,4.689583333332756],[39.735416666665827,4.702083333332844]],[[39.735416666665827,4.702083333332844],[39.739583333332405,4.702083333332844],[39.743749999999039,4.706249999999422]],[[39.743749999999039,4.706249999999422],[39.747916666665873,4.710416666666042]],[[39.747916666665873,4.710416666666042],[39.760416666665776,4.722916666666144],[39.760416666665776,4.735416666666033],[39.768749999999159,4.743749999999473]],[[39.768749999999159,4.743749999999473],[39.777083333332484,4.752083333332671],[39.785416666665725,4.752083333332671],[39.789583333332473,4.74791666666605],[39.793749999999136,4.752083333332671],[39.810416666665844,4.752083333332671]],[[39.810416666665844,4.752083333332671],[39.818749999999085,4.743749999999473],[39.83124999999913,4.743749999999473]],[[39.83124999999913,4.743749999999473],[39.839583333332371,4.743749999999473]],[[39.839583333332371,4.743749999999473],[39.843749999999034,4.739583333332824],[39.852083333332416,4.739583333332824],[39.860416666665913,4.73124999999937],[39.868749999999153,4.73124999999937],[39.872916666665731,4.727083333332764],[39.877083333332365,4.727083333332764],[39.885416666665861,4.718749999999481],[39.893749999999102,4.718749999999481],[39.897916666665765,4.714583333332705]],[[39.897916666665765,4.714583333332705],[39.914583333332388,4.714583333332705]],[[39.914583333332388,4.714583333332705],[39.918749999999221,4.714583333332705],[39.922916666665799,4.718749999999481],[39.927083333332433,4.718749999999481],[39.935416666665674,4.727083333332764]],[[39.935416666665674,4.727083333332764],[39.935416666665674,4.73124999999937]],[[39.935416666665674,4.73124999999937],[39.947916666665833,4.743749999999473],[39.952083333332382,4.739583333332824],[39.977083333332502,4.739583333332824]],[[39.977083333332502,4.739583333332824],[39.993749999999238,4.739583333332824],[39.997916666665816,4.743749999999473],[40.002083333332479,4.743749999999473]],[[40.002083333332479,4.743749999999473],[40.006249999999028,4.74791666666605]],[[40.006249999999028,4.74791666666605],[40.010416666665691,4.74791666666605],[40.022916666665765,4.76041666666611],[40.027083333332428,4.76041666666611],[40.031249999999062,4.764583333332773],[40.03541666666581,4.764583333332773],[40.039583333332473,4.768749999999393],[40.043749999999136,4.768749999999393]],[[40.043749999999136,4.768749999999393],[40.056249999999096,4.768749999999393],[40.060416666665759,4.772916666665999],[40.081249999999073,4.772916666665999]],[[40.081249999999073,4.772916666665999],[40.085416666665708,4.777083333332833],[40.089583333332541,4.777083333332833]],[[40.089583333332541,4.777083333332833],[40.093749999999204,4.777083333332833],[40.097916666665782,4.772916666665999],[40.093749999999204,4.768749999999393],[40.093749999999204,4.764583333332773],[40.102083333332359,4.756249999999334]],[[40.102083333332359,4.756249999999334],[40.106249999999022,4.752083333332671],[40.110416666665827,4.752083333332671]],[[40.110416666665827,4.752083333332671],[40.11458333333249,4.752083333332671],[40.127083333332564,4.764583333332773],[40.143749999999017,4.764583333332773],[40.14791666666585,4.768749999999393],[40.152083333332428,4.768749999999393],[40.156249999999091,4.772916666665999],[40.160416666665725,4.772916666665999],[40.164583333332303,4.777083333332833]],[[40.164583333332303,4.777083333332833],[40.168749999999136,4.781249999999453]],[[40.168749999999136,4.781249999999453],[40.172916666665799,4.785416666666102]],[[40.172916666665799,4.785416666666102],[40.177083333332462,4.789583333332679],[40.177083333332462,4.802083333332739]],[[40.177083333332462,4.802083333332739],[40.177083333332462,4.806249999999402],[40.172916666665799,4.810416666666008],[40.177083333332462,4.814583333332628],[40.177083333332462,4.818749999999461]],[[40.177083333332462,4.818749999999461],[40.177083333332462,4.831249999999521],[40.185416666665844,4.839583333332747],[40.185416666665844,4.847916666666016]],[[40.185416666665844,4.847916666666016],[40.193749999999085,4.856249999999427],[40.197916666665748,4.856249999999427]],[[40.197916666665748,4.856249999999427],[40.206249999999159,4.856249999999427],[40.222916666665867,4.839583333332747],[40.222916666665867,4.835416666666084],[40.22708333333253,4.831249999999521],[40.231249999999108,4.835416666666084],[40.235416666665685,4.835416666666084]],[[40.235416666665685,4.835416666666084],[40.243749999999153,4.835416666666084],[40.247916666665816,4.831249999999521],[40.252083333332394,4.835416666666084],[40.256249999999056,4.831249999999521],[40.272916666665765,4.831249999999521]],[[40.272916666665765,4.831249999999521],[40.277083333332342,4.831249999999521]],[[40.277083333332342,4.831249999999521],[40.281249999999176,4.82708333333273],[40.285416666665753,4.82708333333273],[40.289583333332416,4.822916666666067],[40.297916666665799,4.822916666666067]],[[40.297916666665799,4.822916666666067],[40.310416666665787,4.822916666666067],[40.314583333332536,4.818749999999461],[40.318749999999085,4.822916666666067],[40.322916666665833,4.822916666666067],[40.327083333332411,4.818749999999461],[40.331249999999073,4.818749999999461]],[[40.331249999999073,4.818749999999461],[40.339583333332484,4.818749999999461]],[[40.339583333332484,4.818749999999461],[40.343749999999119,4.818749999999461],[40.347916666665697,4.814583333332628]],[[40.347916666665697,4.814583333332628],[40.352083333332359,4.814583333332628],[40.356249999999193,4.810416666666008],[40.356249999999193,4.802083333332739],[40.36041666666577,4.797916666666119]],[[40.36041666666577,4.797916666666119],[40.364583333332433,4.797916666666119],[40.368749999999153,4.793749999999299],[40.372916666665816,4.793749999999299]],[[40.372916666665816,4.793749999999299],[40.381249999999056,4.785416666666102],[40.385416666665719,4.785416666666102],[40.389583333332553,4.781249999999453],[40.393749999999187,4.781249999999453]],[[40.393749999999187,4.781249999999453],[40.397916666665765,4.777083333332833]],[[40.397916666665765,4.777083333332833],[40.406249999999091,4.777083333332833],[40.410416666665839,4.781249999999453],[40.414583333332502,4.777083333332833]],[[40.414583333332502,4.777083333332833],[40.418749999999079,4.772916666665999],[40.418749999999079,4.768749999999393],[40.431249999999125,4.756249999999334],[40.43958333333245,4.756249999999334],[40.443749999999028,4.752083333332671]],[[40.443749999999028,4.752083333332671],[40.447916666665833,4.74791666666605],[40.452083333332411,4.74791666666605],[40.464583333332314,4.735416666666033]],[[40.464583333332314,4.735416666666033],[40.468749999999147,4.735416666666033],[40.485416666665856,4.718749999999481]],[[40.485416666665856,4.718749999999481],[40.489583333332519,4.718749999999481],[40.493749999999096,4.714583333332705],[40.497916666665759,4.714583333332705],[40.506249999999227,4.706249999999422]],[[40.506249999999227,4.706249999999422],[40.514583333332382,4.697916666666195],[40.518749999999045,4.697916666666195],[40.522916666665878,4.702083333332844],[40.527083333332513,4.702083333332844],[40.531249999999091,4.697916666666195]],[[40.531249999999091,4.697916666666195],[40.543749999999164,4.685416666666136],[40.547916666665827,4.685416666666136]],[[40.547916666665827,4.685416666666136],[40.547916666665827,4.681249999999302],[40.56458333333245,4.664583333332793],[40.577083333332354,4.664583333332793]],[[40.577083333332354,4.664583333332793],[40.581249999999159,4.660416666665974],[40.581249999999159,4.643749999999507],[40.589583333332484,4.63541666666606],[40.593749999999062,4.63541666666606],[40.59791666666564,4.631249999999447],[40.59791666666564,4.627083333332791],[40.61041666666577,4.614583333332774],[40.61041666666577,4.610416666666154]],[[40.61041666666577,4.610416666666154],[40.61041666666577,4.606249999999498],[40.618749999999181,4.597916666666052],[40.618749999999181,4.593749999999439],[40.63541666666589,4.577083333332716],[40.63541666666589,4.572916666666103],[40.64374999999913,4.56458333333287],[40.64374999999913,4.560416666666086],[40.652083333332371,4.55208333333281],[40.660416666665753,4.55208333333281],[40.664583333332416,4.547916666666026]],[[40.664583333332416,4.547916666666026],[40.668749999999079,4.547916666666026],[40.67708333333249,4.53958333333275]],[[40.67708333333249,4.53958333333275],[40.681249999999068,4.535416666666094],[40.681249999999068,4.531249999999474],[40.689583333332536,4.522916666666035]],[[40.689583333332536,4.522916666666035],[40.710416666665822,4.502083333332742],[40.710416666665822,4.477083333332835],[40.718749999999147,4.468749999999389],[40.722916666665725,4.468749999999389],[40.73541666666577,4.4562499999995],[40.739583333332433,4.4562499999995],[40.743749999999011,4.452083333332673],[40.743749999999011,4.439583333332777],[40.747916666665844,4.435416666666036]],[[40.747916666665844,4.435416666666036],[40.752083333332507,4.431249999999338],[40.75624999999917,4.431249999999338],[40.760416666665719,4.42708333333276],[40.764583333332297,4.42708333333276],[40.777083333332456,4.4145833333327],[40.772916666665793,4.410416666666045]],[[40.772916666665793,4.410416666666045],[40.772916666665793,4.393749999999415],[40.768749999999216,4.389583333332709],[40.768749999999216,4.385416666666138],[40.772916666665793,4.381249999999518],[40.768749999999216,4.377083333332862],[40.768749999999216,4.368749999999416]],[[40.768749999999216,4.368749999999416],[40.768749999999216,4.364583333332803]],[[40.768749999999216,4.364583333332803],[40.764583333332297,4.360416666665976],[40.764583333332297,4.356249999999356],[40.760416666665719,4.352083333332743],[40.75624999999917,4.352083333332743],[40.752083333332507,4.347916666666087],[40.752083333332507,4.34374999999951],[40.747916666665844,4.339583333332641],[40.760416666665719,4.327083333332794]],[[40.760416666665719,4.327083333332794],[40.764583333332297,4.322916666666174],[40.764583333332297,4.318749999999348],[40.768749999999216,4.314583333332735],[40.764583333332297,4.310416666666114],[40.764583333332297,4.306249999999459]],[[40.764583333332297,4.306249999999459],[40.768749999999216,4.302083333332718],[40.768749999999216,4.293749999999442],[40.772916666665793,4.289583333332821]],[[40.772916666665793,4.289583333332821],[40.793749999999079,4.268749999999493],[40.802083333332405,4.268749999999493]],[[40.802083333332405,4.268749999999493],[40.810416666665816,4.260416666666046]],[[40.810416666665816,4.260416666666046],[40.814583333332365,4.260416666666046],[40.818749999999028,4.25624999999939],[40.827083333332524,4.25624999999939],[40.835416666665765,4.247916666666029],[40.843749999999147,4.247916666666029],[40.84791666666581,4.243749999999373]],[[40.84791666666581,4.243749999999373],[40.84791666666581,4.239583333332753]],[[40.84791666666581,4.239583333332753],[40.856249999999051,4.231249999999477],[40.864583333332433,4.231249999999477],[40.872916666665759,4.222916666666038],[40.877083333332337,4.222916666666038],[40.88124999999917,4.218749999999417]],[[40.88124999999917,4.218749999999417],[40.885416666665833,4.214583333332762],[40.885416666665833,4.2062499999994],[40.88124999999917,4.202083333332745],[40.897916666665623,4.185416666666072],[40.897916666665623,4.177083333332796]],[[40.897916666665623,4.177083333332796],[40.902083333332541,4.172916666665969]],[[40.902083333332541,4.172916666665969],[40.902083333332541,4.164583333332779],[40.906249999999119,4.160416666666116],[40.910416666665782,4.160416666666116],[40.914583333332359,4.156249999999503],[40.918749999998994,4.156249999999503],[40.922916666665827,4.152083333332676],[40.939583333332479,4.152083333332676]],[[40.939583333332479,4.152083333332676],[40.943749999999113,4.147916666666056],[40.952083333332439,4.147916666666056],[40.960416666665765,4.13958333333278],[40.964583333332428,4.13958333333278],[40.977083333332473,4.12708333333272],[40.977083333332473,4.12291666666615],[40.985416666665799,4.114583333332703]],[[40.985416666665799,4.114583333332703],[40.993749999999181,4.114583333332703],[40.997916666665759,4.110416666666048]],[[40.997916666665759,4.110416666666048],[41.010416666665833,4.097916666666158],[41.010416666665833,4.093749999999375],[41.014583333332496,4.089583333332712],[41.018749999999159,4.089583333332712]],[[41.018749999999159,4.089583333332712],[41.031249999999204,4.077083333332823],[41.035416666665867,4.077083333332823]],[[41.035416666665867,4.077083333332823],[41.043749999999022,4.068749999999419],[41.043749999999022,4.064583333332806],[41.05208333333249,4.05624999999953],[41.056249999999153,4.05624999999953]],[[41.056249999999153,4.05624999999953],[41.064583333332394,4.04791666666609],[41.064583333332394,4.039583333332644],[41.068749999999227,4.03541666666603],[41.068749999999227,4.031249999999453],[41.081249999999102,4.018749999999351],[41.085416666665679,4.018749999999351],[41.093749999999091,4.010416666666117]],[[41.093749999999091,4.010416666666117],[41.097916666665753,4.006249999999461],[41.097916666665753,3.997916666666015],[41.102083333332388,3.993749999999402]],[[41.102083333332388,3.993749999999402],[41.110416666665799,3.985416666666126]],[[41.110416666665799,3.985416666666126],[41.114583333332462,3.985416666666126],[41.118749999999125,3.981249999999385],[41.127083333332507,3.981249999999385],[41.13124999999917,3.977083333332722],[41.13124999999917,3.972916666666109],[41.135416666665748,3.968749999999496]],[[41.135416666665748,3.968749999999496],[41.139583333332411,3.968749999999496],[41.143749999999159,3.964583333332833],[41.152083333332456,3.964583333332833],[41.156249999999034,3.960416666666049]],[[41.156249999999034,3.960416666666049],[41.160416666665697,3.956249999999393],[41.16458333333253,3.956249999999393],[41.168749999999193,3.952083333332773],[41.17291666666577,3.952083333332773],[41.177083333332348,3.947916666666202]],[[41.177083333332348,3.947916666666202],[41.185416666665816,3.939583333332756]],[[41.185416666665816,3.939583333332756],[41.197916666665719,3.939583333332756]],[[41.197916666665719,3.939583333332756],[41.210416666665765,3.952083333332773],[41.235416666665714,3.952083333332773]],[[41.235416666665714,3.952083333332773],[41.247916666665787,3.952083333332773]],[[41.247916666665787,3.952083333332773],[41.25208333333245,3.956249999999393],[41.25624999999917,3.956249999999393]],[[41.25624999999917,3.956249999999393],[41.264583333332496,3.947916666666202],[41.268749999999073,3.947916666666202],[41.272916666665736,3.952083333332773],[41.277083333332484,3.947916666666202],[41.293749999999022,3.947916666666202]],[[41.293749999999022,3.947916666666202],[41.302083333332433,3.939583333332756],[41.310416666665645,3.939583333332756]],[[41.310416666665645,3.939583333332756],[41.314583333332564,3.943749999999497],[41.322916666665719,3.943749999999497],[41.327083333332382,3.939583333332756],[41.33541666666585,3.947916666666202],[41.343749999999091,3.947916666666202],[41.356249999999164,3.960416666666049]],[[41.356249999999164,3.960416666666049],[41.364583333332376,3.960416666666049]],[[41.364583333332376,3.960416666666049],[41.368749999999039,3.960416666666049],[41.372916666665787,3.956249999999393],[41.37708333333245,3.956249999999393]],[[41.37708333333245,3.956249999999393],[41.385416666665691,3.956249999999393],[41.393749999999159,3.964583333332833],[41.397916666665822,3.964583333332833],[41.406249999998977,3.956249999999393]],[[41.406249999998977,3.956249999999393],[41.41041666666581,3.956249999999393]],[[41.41041666666581,3.956249999999393],[41.414583333332445,3.952083333332773],[41.418749999999108,3.952083333332773],[41.422916666665685,3.947916666666202],[41.427083333332348,3.952083333332773],[41.435416666665759,3.952083333332773],[41.439583333332394,3.956249999999393],[41.44791666666589,3.956249999999393],[41.452083333332467,3.960416666666049],[41.460416666665708,3.952083333332773]],[[41.460416666665708,3.952083333332773],[41.468749999999176,3.952083333332773],[41.472916666665753,3.956249999999393],[41.477083333332416,3.956249999999393]],[[41.477083333332416,3.956249999999393],[41.485416666665827,3.956249999999393],[41.489583333332462,3.952083333332773],[41.493749999999039,3.952083333332773],[41.497916666665702,3.956249999999393],[41.497916666665702,3.960416666666049],[41.510416666665776,3.960416666666049],[41.514583333332439,3.956249999999393],[41.518749999998988,3.956249999999393],[41.535416666665725,3.972916666666109]],[[41.535416666665725,3.972916666666109],[41.543749999999108,3.981249999999385]],[[41.543749999999108,3.981249999999385],[41.552083333332433,3.981249999999385]],[[41.552083333332433,3.981249999999385],[41.556249999999011,3.981249999999385],[41.560416666665674,3.977083333332722],[41.564583333332507,3.977083333332722],[41.568749999999056,3.972916666666109],[41.572916666665719,3.972916666666109]],[[41.572916666665719,3.972916666666109],[41.593749999999034,3.972916666666109],[41.597916666665839,3.977083333332722],[41.602083333332416,3.977083333332722],[41.606249999999079,3.972916666666109],[41.610416666665742,3.972916666666109],[41.614583333332405,3.977083333332722],[41.614583333332405,3.981249999999385],[41.618749999999153,3.985416666666126]],[[41.618749999999153,3.985416666666126],[41.627083333332365,3.985416666666126]],[[41.627083333332365,3.985416666666126],[41.631249999999028,3.985416666666126]],[[41.631249999999028,3.985416666666126],[41.635416666665861,3.985416666666126],[41.639583333332439,3.981249999999385]],[[41.639583333332439,3.981249999999385],[41.643749999999102,3.977083333332722],[41.66041666666581,3.977083333332722]],[[41.66041666666581,3.977083333332722],[41.67291666666577,3.977083333332722],[41.677083333332433,3.972916666666109],[41.681249999999096,3.972916666666109],[41.685416666665674,3.977083333332722],[41.689583333332337,3.977083333332722],[41.702083333332382,3.989583333332824]],[[41.702083333332382,3.989583333332824],[41.710416666665878,3.989583333332824],[41.714583333332456,3.993749999999402]],[[41.714583333332456,3.993749999999402],[41.727083333332331,3.993749999999402],[41.731249999999164,3.997916666666015],[41.739583333332405,3.997916666666015]],[[41.739583333332405,3.997916666666015],[41.743749999999068,3.993749999999402],[41.743749999999068,3.989583333332824],[41.747916666665645,3.985416666666126],[41.75208333333245,3.985416666666126],[41.756249999999028,3.981249999999385],[41.760416666665776,3.981249999999385]],[[41.760416666665776,3.981249999999385],[41.764583333332524,3.977083333332722],[41.768749999999187,3.981249999999385],[41.777083333332399,3.981249999999385],[41.781249999999062,3.977083333332722],[41.78541666666581,3.977083333332722],[41.789583333332473,3.972916666666109],[41.793749999999136,3.972916666666109],[41.806249999999096,3.960416666666049]],[[41.806249999999096,3.960416666666049],[41.810416666665844,3.960416666666049],[41.814583333332422,3.956249999999393],[41.818749999999,3.956249999999393],[41.822916666665833,3.952083333332773],[41.839583333332371,3.952083333332773]],[[41.839583333332371,3.952083333332773],[41.843749999999204,3.952083333332773]],[[41.843749999999204,3.952083333332773],[41.847916666665782,3.952083333332773]],[[41.847916666665782,3.952083333332773],[41.852083333332445,3.952083333332773],[41.86458333333249,3.964583333332833],[41.872916666665731,3.964583333332833]],[[41.872916666665731,3.964583333332833],[41.881249999998971,3.964583333332833],[41.889583333332439,3.972916666666109]],[[41.889583333332439,3.972916666666109],[41.893749999999102,3.972916666666109]],[[41.97708333333253,4.093749999999375],[41.98958333333232,4.106249999999434]],[[41.98958333333232,4.106249999999434],[41.993749999999153,4.110416666666048],[42.002083333332394,4.110416666666048],[42.006249999999056,4.114583333332703],[42.010416666665861,4.110416666666048],[42.014583333332439,4.114583333332703],[42.014583333332439,4.118749999999494],[42.022916666665765,4.12708333333272],[42.027083333332342,4.12708333333272],[42.035416666665753,4.135416666666167]],[[42.035416666665753,4.135416666666167],[42.035416666665753,4.13958333333278],[42.039583333332388,4.143749999999443],[42.047916666665628,4.143749999999443],[42.052083333332462,4.147916666666056],[42.052083333332462,4.152083333332676],[42.056249999999125,4.156249999999503],[42.056249999999125,4.160416666666116],[42.068749999998914,4.172916666665969],[42.072916666665833,4.172916666665969],[42.077083333332411,4.177083333332796],[42.081249999999073,4.177083333332796]],[[42.181249999998954,4.181249999999409],[42.197916666665662,4.181249999999409],[42.20208333333224,4.177083333332796]]]}},
{"type":"Feature","properties":{"name":"Shabelle","section":"Somalia"},"geometry":{"type":"MultiLineString","coordinates":[[[45.014583333332411,4.918749999999342],[45.018749999999073,4.914583333332764],[45.018749999999073,4.906249999999496]],[[45.018749999999073,4.906249999999496],[45.018749999999073,4.902083333332705],[45.039583333332359,4.881249999999376]],[[45.039583333332359,4.881249999999376],[45.052083333332433,4.868749999999359]],[[45.052083333332433,4.868749999999359],[45.056249999999011,4.872916666666136],[45.060416666665674,4.872916666666136],[45.064583333332308,4.877083333332713],[45.072916666665719,4.877083333332713],[45.077083333332382,4.881249999999376]],[[45.077083333332382,4.881249999999376],[45.081249999999045,4.877083333332713],[45.081249999999045,4.872916666666136],[45.089583333332371,4.864583333332696]],[[45.089583333332371,4.864583333332696],[45.097916666665668,4.864583333332696],[45.102083333332331,4.860416666666076],[45.131249999999028,4.860416666666076],[45.135416666665691,4.864583333332696]],[[45.135416666665691,4.864583333332696],[45.147916666665736,4.864583333332696]],[[45.147916666665736,4.864583333332696],[45.152083333332314,4.864583333332696],[45.164583333332473,4.852083333332807]],[[45.164583333332473,4.852083333332807],[45.168749999999022,4.847916666666016],[45.168749999999022,4.835416666666084],[45.1729166666656,4.831249999999521]],[[45.1729166666656,4.831249999999521],[45.1729166666656,4.82708333333273],[45.177083333332348,4.822916666666067],[45.1729166666656,4.818749999999461],[45.1729166666656,4.814583333332628]],[[45.1729166666656,4.814583333332628],[45.1729166666656,4.810416666666008],[45.185416666665759,4.797916666666119],[45.185416666665759,4.793749999999299],[45.193749999999,4.785416666666102]],[[45.193749999999,4.785416666666102],[45.193749999999,4.781249999999453],[45.185416666665759,4.772916666665999],[45.185416666665759,4.764583333332773],[45.197916666665634,4.752083333332671],[45.202083333332382,4.752083333332671],[45.206249999999045,4.74791666666605]],[[45.206249999999045,4.74791666666605],[45.210416666665708,4.743749999999473],[45.210416666665708,4.739583333332824]],[[45.210416666665708,4.739583333332824],[45.210416666665708,4.735416666666033],[45.214583333332286,4.73124999999937],[45.214583333332286,4.727083333332764],[45.210416666665708,4.722916666666144],[45.210416666665708,4.718749999999481],[45.206249999999045,4.714583333332705],[45.206249999999045,4.702083333332844]],[[45.206249999999045,4.702083333332844],[45.206249999999045,4.689583333332756],[45.214583333332286,4.681249999999302],[45.214583333332286,4.677083333332696]],[[45.214583333332286,4.677083333332696],[45.214583333332286,4.672916666666076],[45.218749999999119,4.668749999999413],[45.218749999999119,4.664583333332793],[45.222916666665668,4.660416666665974],[45.222916666665668,4.647916666666127]],[[45.222916666665668,4.647916666666127],[45.227083333332416,4.643749999999507]],[[45.227083333332416,4.643749999999507],[45.235416666665571,4.63541666666606]],[[45.235416666665571,4.63541666666606],[45.243749999999068,4.627083333332791],[45.239583333332405,4.622916666666008],[45.239583333332405,4.618749999999345],[45.243749999999068,4.614583333332774],[45.243749999999068,4.606249999999498],[45.247916666665702,4.602083333332715]],[[45.247916666665702,4.602083333332715],[45.25208333333228,4.597916666666052],[45.25208333333228,4.593749999999439],[45.256249999999113,4.589583333332818]],[[45.256249999999113,4.589583333332818],[45.256249999999113,4.581249999999379],[45.260416666665776,4.577083333332716]],[[45.260416666665776,4.577083333332716],[45.264583333332354,4.572916666666103],[45.264583333332354,4.560416666666086],[45.272916666665736,4.55208333333281],[45.272916666665736,4.53958333333275]],[[45.272916666665736,4.53958333333275],[45.277083333332399,4.535416666666094],[45.277083333332399,4.531249999999474],[45.272916666665736,4.527083333332733],[45.272916666665736,4.518749999999457],[45.281249999999062,4.510416666666181],[45.281249999999062,4.506249999999397],[45.277083333332399,4.502083333332742],[45.277083333332399,4.485416666666104]],[[45.277083333332399,4.485416666666104],[45.277083333332399,4.477083333332835],[45.281249999999062,4.472916666666009]],[[45.281249999999062,4.472916666666009],[45.281249999999062,4.460416666666113],[45.28541666666564,4.4562499999995],[45.28541666666564,4.452083333332673],[45.289583333332303,4.447916666666053],[45.289583333332303,4.439583333332777]],[[45.289583333332303,4.439583333332777],[45.293749999999136,4.435416666666036],[45.293749999999136,4.431249999999338],[45.29791666666577,4.431249999999338],[45.302083333332348,4.42708333333276]],[[45.302083333332348,4.42708333333276],[45.310416666665674,4.42708333333276],[45.314583333332422,4.422916666666147]],[[45.314583333332422,4.422916666666147],[45.314583333332422,4.418749999999491],[45.33124999999913,4.402083333332811]],[[45.33124999999913,4.402083333332811],[45.343749999999034,4.389583333332709],[45.343749999999034,4.385416666666138],[45.356249999998994,4.372916666666079],[45.356249999998994,4.368749999999416]],[[45.356249999998994,4.368749999999416],[45.356249999998994,4.364583333332803],[45.360416666665742,4.360416666665976]],[[45.360416666665742,4.360416666665976],[45.372916666665731,4.347916666666087]],[[45.372916666665731,4.347916666666087],[45.372916666665731,4.339583333332641],[45.377083333332365,4.33541666666607]],[[45.377083333332365,4.33541666666607],[45.377083333332365,4.322916666666174],[45.381249999999028,4.318749999999348],[45.381249999999028,4.314583333332735],[45.385416666665606,4.310416666666114],[45.381249999999028,4.306249999999459]],[[45.381249999999028,4.306249999999459],[45.381249999999028,4.302083333332718],[45.389583333332439,4.293749999999442]],[[45.389583333332439,4.293749999999442],[45.393749999999102,4.289583333332821],[45.393749999999102,4.285416666666165],[45.406249999999062,4.272916666666106],[45.406249999999062,4.268749999999493]],[[45.406249999999062,4.268749999999493],[45.410416666665725,4.26458333333283],[45.410416666665725,4.25624999999939],[45.414583333332388,4.252083333332813],[45.414583333332388,4.247916666666029],[45.418749999998965,4.243749999999373]],[[45.418749999998965,4.243749999999373],[45.418749999998965,4.239583333332753],[45.414583333332388,4.235416666666097],[45.414583333332388,4.227083333332693]],[[45.414583333332388,4.227083333332693],[45.414583333332388,4.222916666666038],[45.406249999999062,4.214583333332762]],[[45.406249999999062,4.214583333332762],[45.406249999999062,4.2062499999994]],[[45.406249999999062,4.2062499999994],[45.418749999998965,4.193749999999469],[45.418749999998965,4.189583333332855],[45.427083333332462,4.181249999999409]],[[45.427083333332462,4.181249999999409],[45.439583333332337,4.168749999999349],[45.452083333332325,4.168749999999349],[45.45624999999896,4.164583333332779]],[[45.45624999999896,4.164583333332779],[45.464583333332456,4.156249999999503],[45.489583333332405,4.156249999999503],[45.493749999998983,4.152083333332676],[45.497916666665645,4.152083333332676],[45.502083333332394,4.147916666666056]],[[45.502083333332394,4.147916666666056],[45.502083333332394,4.13958333333278]],[[45.502083333332394,4.13958333333278],[45.506249999999056,4.135416666666167],[45.506249999999056,4.12291666666615],[45.510416666665691,4.118749999999494]],[[45.510416666665691,4.118749999999494],[45.510416666665691,4.114583333332703],[45.514583333332268,4.110416666666048],[45.518749999998931,4.110416666666048]],[[45.518749999998931,4.110416666666048],[45.522916666665765,4.106249999999434],[45.522916666665765,4.089583333332712],[45.518749999998931,4.085416666666099],[45.518749999998931,4.077083333332823],[45.514583333332268,4.072916666666082],[45.514583333332268,4.068749999999419],[45.510416666665691,4.064583333332806],[45.510416666665691,4.060416666665979],[45.514583333332268,4.05624999999953],[45.514583333332268,4.04791666666609]],[[45.514583333332268,4.04791666666609],[45.518749999998931,4.04374999999947],[45.518749999998931,4.027083333332797],[45.522916666665765,4.022916666666177]],[[45.522916666665765,4.022916666666177],[45.522916666665765,3.997916666666015],[45.518749999998931,3.993749999999402]],[[45.518749999998931,3.993749999999402],[45.514583333332268,3.989583333332824],[45.514583333332268,3.981249999999385],[45.502083333332394,3.968749999999496]],[[45.502083333332394,3.968749999999496],[45.502083333332394,3.964583333332833],[45.510416666665691,3.956249999999393],[45.514583333332268,3.956249999999393],[45.518749999998931,3.952083333332773],[45.522916666665765,3.952083333332773],[45.527083333332428,3.947916666666202],[45.531249999999005,3.947916666666202],[45.543749999999051,3.935416666666057],[45.547916666665714,3.935416666666057],[45.564583333332337,3.91874999999942]],[[45.564583333332337,3.91874999999942],[45.568749999999,3.914583333332764],[45.568749999999,3.889583333332858],[45.564583333332337,3.885416666666075],[45.564583333332337,3.872916666666136],[45.560416666665759,3.868749999999523]],[[45.560416666665759,3.868749999999523],[45.572916666665662,3.856249999999463],[45.572916666665662,3.852083333332637]],[[45.572916666665662,3.852083333332637],[45.572916666665662,3.83541666666617],[45.564583333332337,3.827083333332723],[45.564583333332337,3.82291666666611]],[[45.564583333332337,3.82291666666611],[45.564583333332337,3.818749999999454]],[[45.564583333332337,3.818749999999454],[45.572916666665662,3.810416666666008],[45.577083333332496,3.810416666666008],[45.585416666665651,3.818749999999454],[45.589583333332286,3.818749999999454],[45.593749999999119,3.814583333332834],[45.593749999999119,3.810416666666008]],[[45.593749999999119,3.810416666666008],[45.593749999999119,3.802083333332817],[45.602083333332359,3.793749999999378],[45.602083333332359,3.789583333332715],[45.606249999999022,3.785416666666102]],[[45.606249999999022,3.785416666666102],[45.606249999999022,3.777083333332826],[45.610416666665685,3.772916666666042],[45.610416666665685,3.768749999999379],[45.614583333332405,3.764583333332766],[45.614583333332405,3.760416666666188],[45.618749999999068,3.756249999999532],[45.618749999999068,3.743749999999473]],[[45.618749999999068,3.743749999999473],[45.635416666665719,3.727083333332757]],[[45.635416666665719,3.727083333332757],[45.652083333332428,3.71041666666612],[45.660416666665753,3.71041666666612],[45.672916666665799,3.697916666666018],[45.672916666665799,3.689583333332784]],[[45.672916666665799,3.689583333332784],[45.672916666665799,3.672916666666069]],[[45.672916666665799,3.672916666666069],[45.660416666665753,3.660416666666052]],[[45.660416666665753,3.660416666666052],[45.656249999999091,3.664583333332835],[45.652083333332428,3.664583333332835],[45.647916666665594,3.660416666666052],[45.647916666665594,3.652083333332776]],[[45.647916666665594,3.652083333332776],[45.660416666665753,3.639583333332716],[45.660416666665753,3.618749999999423]],[[45.660416666665753,3.618749999999423],[45.660416666665753,3.614583333332767],[45.66874999999888,3.606249999999363],[45.66874999999888,3.602083333332708],[45.672916666665799,3.597916666666094]],[[45.672916666665799,3.597916666666094],[45.672916666665799,3.593749999999432],[45.66874999999888,3.589583333332818]],[[45.66874999999888,3.589583333332818],[45.66874999999888,3.585416666666077],[45.664583333332303,3.581249999999372],[45.660416666665753,3.581249999999372],[45.656249999999091,3.577083333332801],[45.656249999999091,3.556249999999466],[45.647916666665594,3.54791666666619]],[[45.647916666665594,3.54791666666619],[45.647916666665594,3.531249999999304],[45.643749999999017,3.527083333332733],[45.643749999999017,3.522916666666113]],[[45.643749999999017,3.522916666666113],[45.643749999999017,3.514583333332837]],[[45.643749999999017,3.514583333332837],[45.635416666665719,3.506249999999397],[45.635416666665719,3.502083333332777],[45.643749999999017,3.493749999999544],[45.643749999999017,3.485416666666104],[45.647916666665594,3.481249999999484],[45.647916666665594,3.472916666666045]],[[45.647916666665594,3.472916666666045],[45.643749999999017,3.468749999999382],[45.643749999999017,3.464583333332769],[45.639583333332354,3.464583333332769],[45.635416666665719,3.460416666666156]],[[45.635416666665719,3.460416666666156],[45.627083333332308,3.452083333332709],[45.627083333332308,3.447916666666053],[45.622916666665731,3.443749999999476]],[[45.622916666665731,3.443749999999476],[45.622916666665731,3.439583333332862],[45.614583333332405,3.431249999999416],[45.614583333332405,3.42708333333276],[45.610416666665685,3.42291666666614],[45.606249999999022,3.42291666666614],[45.602083333332359,3.418749999999314],[45.602083333332359,3.406249999999424]],[[45.602083333332359,3.406249999999424],[45.602083333332359,3.402083333332847],[45.606249999999022,3.397916666665978],[45.606249999999022,3.393749999999407]],[[45.606249999999022,3.393749999999407],[45.606249999999022,3.389583333332787],[45.602083333332359,3.385416666666131]],[[45.602083333332359,3.385416666666131],[45.597916666665782,3.381249999999518],[45.593749999999119,3.381249999999518]],[[45.593749999999119,3.381249999999518],[45.593749999999119,3.377083333332692],[45.585416666665651,3.368749999999459],[45.585416666665651,3.356249999999356]],[[45.585416666665651,3.356249999999356],[45.585416666665651,3.352083333332779],[45.581249999999073,3.347916666666165],[45.581249999999073,3.339583333332719],[45.577083333332496,3.335416666666063],[45.577083333332496,3.322916666666174]],[[45.577083333332496,3.322916666666174],[45.577083333332496,3.318749999999383],[45.572916666665662,3.314583333332727],[45.572916666665662,3.306249999999537],[45.568749999999,3.302083333332881],[45.568749999999,3.293749999999434],[45.564583333332337,3.289583333332821]],[[45.564583333332337,3.289583333332821],[45.556249999998954,3.289583333332821],[45.552083333332291,3.285416666666038]],[[45.552083333332291,3.285416666666038],[45.543749999999051,3.277083333332762],[45.547916666665714,3.272916666666099],[45.547916666665714,3.268749999999486],[45.552083333332291,3.264583333332745],[45.547916666665714,3.260416666666082],[45.547916666665714,3.256249999999469],[45.543749999999051,3.252083333332813],[45.543749999999051,3.247916666666192],[45.539583333332473,3.243749999999409]],[[45.539583333332473,3.243749999999409],[45.539583333332473,3.235416666666133]],[[45.539583333332473,3.235416666666133],[45.539583333332473,3.227083333332857],[45.535416666665554,3.222916666666116]],[[45.535416666665554,3.222916666666116],[45.535416666665554,3.21874999999946],[45.539583333332473,3.21458333333284],[45.539583333332473,3.189583333332678],[45.543749999999051,3.185416666666065]],[[45.543749999999051,3.185416666666065],[45.539583333332473,3.181249999999487],[45.539583333332473,3.177083333332789]],[[45.539583333332473,3.177083333332789],[45.539583333332473,3.168749999999385],[45.547916666665714,3.160416666666158]],[[45.547916666665714,3.160416666666158],[45.547916666665714,3.152083333332712],[45.543749999999051,3.147916666666056],[45.539583333332473,3.147916666666056]],[[45.539583333332473,3.147916666666056],[45.535416666665554,3.143749999999436],[45.535416666665554,3.139583333332865],[45.543749999999051,3.131249999999419],[45.547916666665714,3.131249999999419],[45.552083333332291,3.12708333333272]],[[45.552083333332291,3.12708333333272],[45.552083333332291,3.114583333332867],[45.547916666665714,3.110416666666083],[45.547916666665714,3.106249999999427]],[[45.547916666665714,3.106249999999427],[45.547916666665714,3.08958333333279],[45.552083333332291,3.085416666666092],[45.552083333332291,3.077083333332695]],[[45.552083333332291,3.077083333332695],[45.543749999999051,3.068749999999461],[45.547916666665714,3.064583333332799],[45.535416666665554,3.052083333332739]],[[45.535416666665554,3.052083333332739],[45.527083333332428,3.043749999999463],[45.518749999998931,3.043749999999463]],[[45.518749999998931,3.043749999999463],[45.514583333332268,3.043749999999463],[45.506249999999056,3.035416666666023],[45.506249999999056,3.022916666666177],[45.510416666665691,3.018749999999386],[45.510416666665691,3.01458333333273],[45.514583333332268,3.010416666666117],[45.514583333332268,3.006249999999497],[45.518749999998931,3.002083333332841],[45.518749999998931,2.9979166666661]],[[45.518749999998931,2.9979166666661],[45.518749999998931,2.993749999999395],[45.522916666665765,2.989583333332824],[45.522916666665765,2.985416666666204],[45.527083333332428,2.981249999999548],[45.527083333332428,2.972916666666102],[45.535416666665554,2.964583333332705],[45.535416666665554,2.960416666666042]],[[45.535416666665554,2.960416666666042],[45.535416666665554,2.9145833333328],[45.539583333332473,2.910416666665974],[45.543749999999051,2.910416666665974],[45.547916666665714,2.906249999999361]],[[45.547916666665714,2.906249999999361],[45.547916666665714,2.889583333332681],[45.535416666665554,2.877083333332791],[45.535416666665554,2.872916666666178],[45.531249999999005,2.868749999999352]],[[45.531249999999005,2.868749999999352],[45.531249999999005,2.864583333332732],[45.527083333332428,2.860416666666161],[45.527083333332428,2.852083333332885],[45.531249999999005,2.847916666666059],[45.531249999999005,2.839583333332826],[45.535416666665554,2.835416666666163],[45.535416666665554,2.831249999999379]],[[45.535416666665554,2.831249999999379],[45.539583333332473,2.827083333332723],[45.539583333332473,2.818749999999532]],[[45.539583333332473,2.818749999999532],[45.539583333332473,2.81458333333287],[45.527083333332428,2.802083333332817],[45.527083333332428,2.797916666666197]],[[45.527083333332428,2.797916666666197],[45.522916666665765,2.793749999999541],[45.522916666665765,2.789583333332757],[45.514583333332268,2.781249999999481],[45.510416666665691,2.781249999999481],[45.506249999999056,2.777083333332655]],[[45.506249999999056,2.777083333332655],[45.502083333332394,2.772916666666035],[45.502083333332394,2.768749999999464],[45.506249999999056,2.764583333332801],[45.506249999999056,2.760416666666188],[45.502083333332394,2.756249999999362],[45.502083333332394,2.743749999999466]],[[45.502083333332394,2.743749999999466],[45.506249999999056,2.739583333332853],[45.506249999999056,2.735416666666026],[45.510416666665691,2.731249999999413]],[[45.510416666665691,2.731249999999413],[45.514583333332268,2.727083333332835]],[[45.514583333332268,2.727083333332835],[45.514583333332268,2.72291666666618],[45.518749999998931,2.718749999999559],[45.518749999998931,2.7062499999995]],[[45.518749999998931,2.7062499999995],[45.514583333332268,2.702083333332844],[45.514583333332268,2.689583333332784],[45.510416666665691,2.685416666666207],[45.510416666665691,2.681249999999508],[45.506249999999056,2.677083333332767],[45.506249999999056,2.664583333332871],[45.502083333332394,2.660416666666045],[45.502083333332394,2.652083333332776],[45.510416666665691,2.643749999999372],[45.510416666665691,2.63124999999944]],[[45.510416666665691,2.63124999999944],[45.510416666665691,2.622916666666079],[45.506249999999056,2.618749999999423],[45.506249999999056,2.610416666666147],[45.502083333332394,2.606249999999527],[45.502083333332394,2.602083333332743]],[[45.502083333332394,2.602083333332743],[45.502083333332394,2.597916666666087],[45.497916666665645,2.59374999999951],[45.497916666665645,2.58124999999945],[45.493749999998983,2.577083333332794],[45.493749999998983,2.556249999999459]],[[45.493749999998983,2.556249999999459],[45.493749999998983,2.547916666666019],[45.489583333332405,2.543749999999442],[45.489583333332405,2.535416666666165],[45.493749999998983,2.531249999999552],[45.493749999998983,2.510416666666046]],[[45.493749999998983,2.510416666666046],[45.489583333332405,2.50624999999939]],[[45.489583333332405,2.50624999999939],[45.489583333332405,2.493749999999544],[45.481249999999079,2.485416666666097],[45.481249999999079,2.481249999999484],[45.477083333332359,2.477083333332864]],[[45.477083333332359,2.477083333332864],[45.468749999999034,2.468749999999424],[45.468749999999034,2.460416666666148]],[[45.468749999999034,2.460416666666148],[45.464583333332456,2.456249999999322],[45.464583333332456,2.435416666666029]],[[45.464583333332456,2.435416666666029],[45.464583333332456,2.431249999999416],[45.45624999999896,2.42291666666614]],[[45.45624999999896,2.42291666666614],[45.452083333332325,2.42291666666614],[45.447916666665748,2.41874999999952],[45.44374999999917,2.41874999999952]],[[45.44374999999917,2.41874999999952],[45.439583333332337,2.41874999999952],[45.427083333332462,2.406249999999503],[45.422916666665628,2.406249999999503],[45.414583333332388,2.397916666666063]],[[45.414583333332388,2.397916666666063],[45.418749999998965,2.3937499999994],[45.418749999998965,2.381249999999511]],[[45.418749999998965,2.381249999999511],[45.414583333332388,2.377083333332727],[45.410416666665725,2.377083333332727],[45.406249999999062,2.372916666666072],[45.406249999999062,2.368749999999451],[45.397916666665679,2.360416666666218]],[[45.397916666665679,2.360416666666218],[45.393749999999102,2.360416666666218],[45.385416666665606,2.352083333332779],[45.385416666665606,2.343749999999545],[45.381249999999028,2.339583333332719],[45.381249999999028,2.335416666666099],[45.372916666665731,2.327083333332823],[45.372916666665731,2.322916666666082],[45.356249999998994,2.30624999999953]],[[45.356249999998994,2.30624999999953],[45.352083333332416,2.30624999999953],[45.343749999999034,2.29791666666609],[45.343749999999034,2.293749999999477],[45.335416666665708,2.285416666666201]],[[45.335416666665708,2.285416666666201],[45.33124999999913,2.285416666666201],[45.327083333332297,2.289583333332814],[45.327083333332297,2.293749999999477],[45.318749999999085,2.302083333332746]],[[45.318749999999085,2.302083333332746],[45.314583333332422,2.302083333332746],[45.310416666665674,2.29791666666609],[45.293749999999136,2.29791666666609],[45.28541666666564,2.289583333332814]],[[45.28541666666564,2.289583333332814],[45.25208333333228,2.289583333332814],[45.247916666665702,2.285416666666201],[45.243749999999068,2.285416666666201]],[[45.243749999999068,2.285416666666201],[45.235416666665571,2.277083333332754]],[[45.235416666665571,2.277083333332754],[45.231249999998994,2.272916666666184],[45.231249999998994,2.268749999999358],[45.227083333332416,2.264583333332737],[45.227083333332416,2.247916666666022],[45.231249999998994,2.243749999999402]],[[45.231249999998994,2.243749999999402],[45.222916666665668,2.235416666666126]],[[45.222916666665668,2.235416666666126],[45.218749999999119,2.231249999999555]],[[45.218749999999119,2.231249999999555],[45.210416666665708,2.222916666666109],[45.206249999999045,2.222916666666109],[45.197916666665634,2.21458333333284],[45.197916666665634,2.210416666666219],[45.189583333332337,2.20208333333278],[45.189583333332337,2.19791666666616]],[[45.189583333332337,2.19791666666616],[45.181249999999096,2.189583333332763],[45.177083333332348,2.189583333332763],[45.1729166666656,2.185416666666057],[45.168749999999022,2.189583333332763],[45.16041666666581,2.189583333332763]],[[45.16041666666581,2.189583333332763],[45.147916666665736,2.177083333332867],[45.147916666665736,2.172916666666211],[45.143749999999073,2.168749999999427]],[[45.143749999999073,2.168749999999427],[45.12708333333245,2.152083333332705],[45.12708333333245,2.147916666666092],[45.122916666665617,2.143749999999436]],[[45.122916666665617,2.143749999999436],[45.114583333332405,2.143749999999436],[45.106249999999079,2.135416666665989],[45.085416666665793,2.135416666665989]],[[45.085416666665793,2.135416666665989],[45.081249999999045,2.135416666665989]],[[45.081249999999045,2.135416666665989],[45.077083333332382,2.135416666665989],[45.068749999999056,2.143749999999436],[45.064583333332308,2.143749999999436],[45.056249999999011,2.135416666665989]],[[45.056249999999011,2.135416666665989],[45.0479166666656,2.127083333332799],[45.043749999998937,2.127083333332799],[45.039583333332359,2.122916666666143],[45.022916666665651,2.122916666666143],[45.018749999999073,2.118749999999523],[45.014583333332411,2.118749999999523],[45.010416666665606,2.114583333332696]],[[45.010416666665606,2.114583333332696],[44.997916666665787,2.114583333332696],[44.993749999999125,2.118749999999523],[44.989583333332291,2.118749999999523],[44.981249999999079,2.127083333332799]],[[44.981249999999079,2.127083333332799],[44.977083333332416,2.127083333332799],[44.964583333332342,2.114583333332696],[44.964583333332342,2.110416666666083],[44.95624999999913,2.102083333332807],[44.952083333332467,2.106249999999463],[44.947916666665719,2.106249999999463],[44.943749999999056,2.110416666666083],[44.927083333332348,2.110416666666083],[44.922916666665685,2.114583333332696]],[[44.922916666665685,2.114583333332696],[44.918749999999108,2.110416666666083]],[[44.918749999999108,2.110416666666083],[44.914583333332274,2.106249999999463],[44.914583333332274,2.102083333332807],[44.918749999999108,2.097916666666229],[44.918749999999108,2.072916666666075]],[[44.918749999999108,2.072916666666075],[44.914583333332274,2.068749999999454],[44.914583333332274,2.060416666666178],[44.897916666665822,2.043749999999548],[44.889583333332325,2.043749999999548],[44.885416666665748,2.047916666666161],[44.87708333333228,2.047916666666161]],[[44.87708333333228,2.047916666666161],[44.872916666665617,2.043749999999548],[44.872916666665617,2.039583333332885],[44.868749999999039,2.035416666666102],[44.868749999999039,2.027083333332826],[44.852083333332331,2.01041666666611]],[[44.852083333332331,2.01041666666611],[44.843749999999091,2.002083333332749]],[[44.843749999999091,2.002083333332749],[44.835416666665679,1.99374999999948],[44.839583333332428,1.989583333332817]],[[44.839583333332428,1.989583333332817],[44.831249999999017,1.98124999999942],[44.831249999999017,1.977083333332757],[44.827083333332382,1.972916666666144],[44.827083333332382,1.968749999999481],[44.831249999999017,1.964583333332868],[44.831249999999017,1.956249999999464],[44.827083333332382,1.952083333332851],[44.831249999999017,1.947916666666025],[44.831249999999017,1.943749999999405]],[[44.831249999999017,1.943749999999405],[44.831249999999017,1.931249999999515],[44.822916666665805,1.922916666666076],[44.818749999999142,1.922916666666076]],[[44.818749999999142,1.922916666666076],[44.814583333332394,1.918749999999498],[44.793749999999022,1.918749999999498],[44.789583333332359,1.914583333332843],[44.785416666665782,1.914583333332843],[44.772916666665736,1.902083333332783],[44.768749999999073,1.902083333332783],[44.752083333332422,1.88541666666606]],[[44.752083333332422,1.88541666666606],[44.747916666665787,1.881249999999447],[44.743749999998954,1.881249999999447],[44.727083333332217,1.864583333332767]],[[44.727083333332217,1.864583333332767],[44.722916666665668,1.860416666666154],[44.722916666665668,1.856249999999534],[44.714583333332428,1.847916666666094],[44.714583333332428,1.843749999999439],[44.706249999998931,1.835416666666248],[44.706249999998931,1.831249999999379],[44.702083333332354,1.827083333332801],[44.702083333332354,1.822916666666103],[44.689583333332308,1.810416666666086],[44.689583333332308,1.806249999999466],[44.672916666665742,1.78958333333275],[44.668749999999022,1.78958333333275]],[[44.668749999999022,1.78958333333275],[44.660416666665697,1.78958333333275],[44.656249999999119,1.793749999999363],[44.652083333332456,1.793749999999363],[44.647916666665623,1.78958333333275],[44.643749999998988,1.78958333333275],[44.639583333332411,1.785416666666173],[44.639583333332411,1.781249999999474],[44.635416666665833,1.777083333332904]],[[44.635416666665833,1.777083333332904],[44.63124999999917,1.772916666666077],[44.63124999999917,1.768749999999457],[44.614583333332291,1.752083333332742]],[[44.614583333332291,1.752083333332742],[44.610416666665628,1.752083333332742],[44.606249999999051,1.747916666666121],[44.59374999999892,1.747916666666121]],[[44.59374999999892,1.747916666666121],[44.585416666665765,1.747916666666121],[44.577083333332439,1.756249999999397],[44.572916666665606,1.756249999999397]],[[44.572916666665606,1.756249999999397],[44.568749999999028,1.760416666666181],[44.568749999999028,1.764583333332844],[44.560416666665731,1.772916666666077],[44.556249999998983,1.772916666666077],[44.55208333333232,1.777083333332904],[44.539583333332445,1.777083333332904],[44.535416666665697,1.772916666666077],[44.531249999999034,1.772916666666077],[44.522916666665793,1.764583333332844],[44.510416666665662,1.764583333332844],[44.502083333332507,1.756249999999397]],[[44.502083333332507,1.756249999999397],[44.497916666665844,1.756249999999397],[44.493749999999011,1.752083333332742],[44.489583333332376,1.752083333332742]],[[44.489583333332376,1.752083333332742],[44.472916666665725,1.752083333332742],[44.468749999999062,1.747916666666121],[44.460416666665679,1.747916666666121],[44.452083333332439,1.739583333332845],[44.452083333332439,1.7062499999995]],[[44.452083333332439,1.7062499999995],[44.447916666665776,1.70208333333288],[44.447916666665776,1.697916666666053],[44.443749999999113,1.693749999999483],[44.439583333332365,1.693749999999483],[44.435416666665731,1.689583333332777]],[[44.435416666665731,1.689583333332777],[44.418749999999079,1.672916666666147]],[[44.418749999999079,1.672916666666147],[44.414583333332331,1.668749999999484]],[[44.414583333332331,1.668749999999484],[44.410416666665782,1.668749999999484],[44.406249999998948,1.664583333332871],[44.402083333332371,1.664583333332871],[44.402083333332371,1.647916666666156],[44.393749999999045,1.639583333332794],[44.389583333332467,1.643749999999407],[44.360416666665685,1.643749999999407]],[[44.360416666665685,1.643749999999407],[44.310416666665787,1.643749999999407],[44.302083333332405,1.652083333332811],[44.264583333332382,1.652083333332811],[44.260416666665719,1.647916666666156],[44.252083333332337,1.647916666666156],[44.247916666665674,1.643749999999407],[44.243749999999096,1.643749999999407],[44.214583333332314,1.614583333332803],[44.214583333332314,1.610416666666183],[44.206249999999073,1.602083333332786],[44.202083333332411,1.602083333332786],[44.197916666665776,1.597916666666165],[44.197916666665776,1.59374999999951],[44.193749999999028,1.589583333332889]],[[44.193749999999028,1.589583333332889],[44.189583333332365,1.589583333332889],[44.181249999999125,1.58124999999945]],[[44.181249999999125,1.58124999999945],[44.177083333332462,1.58124999999945],[44.168749999999079,1.572916666666174],[44.164583333332416,1.572916666666174],[44.156249999999005,1.564583333332735],[44.152083333332342,1.564583333332735],[44.147916666665708,1.560416666666114],[44.14374999999913,1.560416666666114],[44.122916666665816,1.539583333332821],[44.122916666665816,1.535416666666208],[44.118749999999011,1.531249999999545],[44.114583333332348,1.531249999999545],[44.11041666666577,1.527083333332762],[44.097916666665725,1.527083333332762],[44.089583333332484,1.518749999999486],[44.085416666665651,1.522916666666106],[44.072916666665748,1.522916666666106],[44.068749999999113,1.527083333332762],[44.060416666665702,1.527083333332762],[44.056249999999125,1.531249999999545],[44.052083333332376,1.531249999999545],[44.039583333332416,1.518749999999486],[44.035416666665753,1.518749999999486],[44.031249999999091,1.514583333332915],[44.027083333332342,1.514583333332915],[44.022916666665679,1.510416666666046],[44.018749999999045,1.510416666666046],[44.014583333332467,1.506249999999469],[44.010416666665805,1.506249999999469],[44.006249999999056,1.502083333332813],[44.002083333332394,1.502083333332813],[43.997916666665731,1.497916666666192],[43.997916666665731,1.493749999999366],[43.993749999999153,1.489583333332753],[43.985416666665685,1.489583333332753],[43.981249999999022,1.48541666666614],[43.968749999998977,1.48541666666614],[43.964583333332399,1.481249999999477],[43.964583333332399,1.477083333332864],[43.972916666665611,1.468749999999417],[43.968749999998977,1.464583333332847],[43.964583333332399,1.464583333332847],[43.960416666665736,1.460416666666184],[43.952083333332325,1.460416666666184],[43.943749999999085,1.452083333332745],[43.943749999999085,1.447916666666124],[43.93958333333245,1.443749999999511],[43.93958333333245,1.435416666666065],[43.927083333332376,1.422916666666218],[43.927083333332376,1.414583333332772],[43.922916666665799,1.410416666666116],[43.922916666665799,1.402083333332882],[43.918749999999051,1.402083333332882],[43.910416666665668,1.393749999999443],[43.910416666665668,1.38958333333278],[43.906249999999091,1.385416666666167],[43.906249999999091,1.37708333333272]],[[43.906249999999091,1.37708333333272],[43.902083333332428,1.37291666666615],[43.902083333332428,1.368749999999487],[43.897916666665765,1.364583333332874],[43.897916666665765,1.352083333332814],[43.881249999999142,1.335416666666099],[43.872916666665731,1.335416666666099]],[[43.872916666665731,1.335416666666099],[43.864583333332405,1.327083333332865],[43.864583333332405,1.322916666666082],[43.856249999999193,1.314583333332806],[43.852083333332359,1.314583333332806],[43.847916666665697,1.310416666666185],[43.835416666665651,1.310416666666185],[43.831249999999073,1.306249999999359],[43.831249999999073,1.29374999999947],[43.822916666665833,1.285416666666023],[43.818749999999,1.285416666666023],[43.814583333332337,1.289583333332892],[43.797916666665714,1.289583333332892],[43.789583333332388,1.281249999999453],[43.797916666665714,1.272916666666177],[43.797916666665714,1.264583333332737],[43.806249999999125,1.256249999999504],[43.806249999999125,1.252083333332841]],[[43.806249999999125,1.252083333332841],[43.793749999999051,1.239583333332824],[43.785416666665583,1.239583333332824],[43.777083333332428,1.231249999999548],[43.772916666665765,1.231249999999548],[43.768749999999102,1.227083333332764],[43.768749999999102,1.222916666666109],[43.764583333332268,1.218749999999488],[43.756249999999056,1.218749999999488],[43.752083333332394,1.214583333332875],[43.743749999998983,1.214583333332875],[43.73958333333232,1.218749999999488],[43.731249999999108,1.218749999999488]],[[43.731249999999108,1.218749999999488],[43.731249999999108,1.214583333332875],[43.727083333332359,1.210416666666219],[43.722916666665697,1.210416666666219],[43.718749999999034,1.214583333332875],[43.714583333332456,1.214583333332875],[43.710416666665793,1.210416666666219]],[[43.710416666665793,1.210416666666219],[43.710416666665793,1.202083333332773],[43.702083333332325,1.193749999999582],[43.706249999998988,1.189583333332756]],[[43.706249999998988,1.189583333332756],[43.710416666665793,1.185416666666143],[43.714583333332456,1.185416666666143],[43.722916666665697,1.177083333332867],[43.722916666665697,1.16874999999942]],[[43.722916666665697,1.16874999999942],[43.697916666665748,1.143749999999514],[43.697916666665748,1.139583333332851],[43.702083333332325,1.135416666666238],[43.702083333332325,1.131249999999412],[43.697916666665748,1.127083333332791],[43.697916666665748,1.114583333332739],[43.69374999999917,1.110416666666076],[43.69374999999917,1.106249999999505],[43.689583333332507,1.102083333332885],[43.685416666665674,1.102083333332885]],[[43.685416666665674,1.102083333332885],[43.681249999999039,1.106249999999505],[43.664583333332388,1.106249999999505],[43.660416666665725,1.102083333332885],[43.652083333332257,1.102083333332885],[43.643749999999102,1.093749999999446],[43.639583333332439,1.093749999999446],[43.635416666665776,1.089583333332783],[43.631249999998943,1.089583333332783],[43.627083333332394,1.08541666666617],[43.622916666665731,1.08541666666617]],[[43.622916666665731,1.08541666666617],[43.618749999999068,1.08541666666617],[43.61458333333249,1.089583333332783],[43.610416666665657,1.089583333332783],[43.602083333332445,1.097916666666229]],[[43.602083333332445,1.097916666666229],[43.593749999999034,1.097916666666229]],[[43.593749999999034,1.097916666666229],[43.585416666665708,1.106249999999505],[43.58124999999913,1.106249999999505],[43.577083333332467,1.110416666666076],[43.572916666665662,1.110416666666076],[43.568749999999,1.106249999999505],[43.564583333332422,1.106249999999505],[43.560416666665844,1.110416666666076],[43.556249999999181,1.110416666666076],[43.552083333332348,1.114583333332739],[43.547916666665714,1.114583333332739],[43.543749999999136,1.118749999999523],[43.539583333332303,1.118749999999523]],[[43.539583333332303,1.118749999999523],[43.53541666666564,1.114583333332739],[43.53541666666564,1.110416666666076],[43.531249999999062,1.106249999999505],[43.527083333332399,1.106249999999505],[43.514583333332354,1.093749999999446],[43.506249999999113,1.093749999999446],[43.50208333333245,1.089583333332783],[43.485416666665742,1.089583333332783],[43.481249999999164,1.093749999999446]],[[43.481249999999164,1.093749999999446],[43.468749999999119,1.08124999999955],[43.464583333332286,1.08124999999955],[43.460416666665708,1.077083333332894],[43.456249999999045,1.077083333332894],[43.447916666665805,1.08541666666617]],[[43.447916666665805,1.08541666666617],[43.443749999999,1.089583333332783],[43.439583333332337,1.089583333332783],[43.435416666665759,1.093749999999446],[43.427083333332519,1.093749999999446],[43.4229166666656,1.089583333332783],[43.4229166666656,1.08124999999955],[43.418749999999051,1.077083333332894],[43.418749999999051,1.07291666666611],[43.414583333332473,1.068749999999447],[43.414583333332473,1.064583333332834]],[[43.414583333332473,1.064583333332834],[43.406249999998977,1.05624999999943]],[[43.406249999998977,1.05624999999943],[43.393749999999073,1.05624999999943],[43.389583333332439,1.052083333332817]],[[43.389583333332439,1.052083333332817],[43.385416666665691,1.052083333332817],[43.37708333333245,1.043749999999541],[43.372916666665787,1.043749999999541],[43.368749999999125,1.039583333332757],[43.364583333332405,1.039583333332757],[43.356249999999079,1.031249999999481],[43.356249999999079,1.027083333332826],[43.352083333332246,1.022916666666205],[43.352083333332246,1.014583333332766]],[[43.352083333332246,1.014583333332766],[43.356249999999079,1.010416666666188],[43.356249999999079,1.006249999999532]],[[43.356249999999079,1.006249999999532],[43.352083333332246,1.002083333332749],[43.352083333332246,0.997916666666129],[43.347916666665839,0.993749999999473],[43.343749999999005,0.993749999999473],[43.335416666665793,0.985416666666026],[43.335416666665793,0.981249999999413],[43.327083333332382,0.972916666666137]],[[43.327083333332382,0.972916666666137],[43.322916666665719,0.968749999999567],[43.322916666665719,0.96041666666612],[43.310416666665674,0.947916666666231],[43.306249999999011,0.947916666666231],[43.302083333332433,0.943749999999405],[43.29791666666577,0.943749999999405]],[[43.29791666666577,0.943749999999405],[43.293749999999108,0.939583333332784],[43.293749999999108,0.935416666666171],[43.277083333332484,0.918749999999491],[43.277083333332484,0.906249999999432],[43.272916666665651,0.902083333332776]],[[43.272916666665651,0.902083333332776],[43.272916666665651,0.893749999999542],[43.277083333332484,0.889583333332887],[43.277083333332484,0.885416666666146]],[[43.277083333332484,0.885416666666146],[43.277083333332484,0.88124999999944],[43.272916666665651,0.87708333333287],[43.272916666665651,0.856249999999534],[43.277083333332484,0.852083333332708]],[[43.277083333332484,0.852083333332708],[43.281249999999147,0.847916666666087],[43.281249999999147,0.835416666666241],[43.285416666665725,0.831249999999372],[43.285416666665725,0.814583333332742]],[[43.285416666665725,0.814583333332742],[43.285416666665725,0.810416666666079],[43.281249999999147,0.806249999999466],[43.281249999999147,0.79791666666619],[43.285416666665725,0.793749999999449],[43.281249999999147,0.789583333332743],[43.277083333332484,0.789583333332743],[43.272916666665651,0.785416666666173],[43.264583333332411,0.785416666666173],[43.260416666665776,0.781249999999552],[43.252083333332365,0.781249999999552],[43.243749999999039,0.772916666666113],[43.235416666665827,0.772916666666113],[43.231249999999079,0.777083333332897],[43.231249999999079,0.781249999999552],[43.227083333332416,0.785416666666173],[43.227083333332416,0.789583333332743],[43.218749999999005,0.79791666666619],[43.206249999999045,0.79791666666619],[43.197916666665719,0.789583333332743],[43.197916666665719,0.785416666666173],[43.193749999999056,0.781249999999552],[43.193749999999056,0.76874999999945]],[[43.193749999999056,0.76874999999945],[43.189583333332394,0.764583333332837],[43.177083333332348,0.764583333332837],[43.168749999999108,0.772916666666113],[43.164583333332445,0.772916666666113]],[[43.164583333332445,0.772916666666113],[43.156249999999062,0.764583333332837],[43.135416666665748,0.764583333332837],[43.131249999999113,0.760416666666224],[43.131249999999113,0.735416666666104],[43.12708333333245,0.731249999999484]],[[43.12708333333245,0.731249999999484],[43.118749999999039,0.731249999999484],[43.110416666665714,0.73958333333276],[43.093749999999091,0.73958333333276],[43.085416666665679,0.731249999999484],[43.085416666665679,0.727083333332828],[43.089583333332428,0.722916666666208],[43.089583333332428,0.718749999999424],[43.093749999999091,0.714583333332769],[43.093749999999091,0.710416666666148],[43.089583333332428,0.706249999999493],[43.089583333332428,0.697916666666131],[43.081249999999045,0.689583333332855],[43.081249999999045,0.6854166666662],[43.077083333332382,0.681249999999416],[43.077083333332382,0.66041666666608],[43.072916666665805,0.65624999999951]],[[43.072916666665805,0.65624999999951],[43.064583333332394,0.65624999999951],[43.060416666665645,0.652083333332847]],[[43.060416666665645,0.652083333332847],[43.060416666665645,0.639583333332787]],[[43.060416666665645,0.639583333332787],[43.064583333332394,0.635416666666174]],[[43.064583333332394,0.635416666666174],[43.056249999999068,0.627083333332898],[43.052083333332519,0.631249999999511],[43.047916666665856,0.631249999999511],[43.039583333332359,0.622916666666072]],[[43.039583333332359,0.622916666666072],[43.039583333332359,0.618749999999451],[43.035416666665782,0.614583333332881]],[[43.035416666665782,0.614583333332881],[43.022916666665736,0.602083333332779]],[[43.022916666665736,0.602083333332779],[43.018749999999073,0.602083333332779]],[[43.018749999999073,0.602083333332779],[43.006249999999,0.589583333332889]],[[43.006249999999,0.589583333332889],[43.00208333333245,0.589583333332889],[42.997916666665787,0.585416666666106],[42.997916666665787,0.581249999999443],[43.00208333333245,0.57708333333283],[43.00208333333245,0.568749999999554],[42.993749999999125,0.56041666666615]],[[42.993749999999125,0.56041666666615],[42.989583333332291,0.56041666666615],[42.985416666665714,0.556249999999537],[42.985416666665714,0.55208333333271],[42.989583333332291,0.54791666666609],[42.981249999999051,0.539583333332821],[42.977083333332388,0.539583333332821]],[[42.977083333332388,0.539583333332821],[42.972916666665839,0.543749999999477],[42.960416666665765,0.531249999999375],[42.935416666665816,0.531249999999375],[42.931249999998983,0.527083333332762],[42.92708333333232,0.527083333332762],[42.92291666666577,0.522916666666184]],[[42.92291666666577,0.522916666666184],[42.918749999999193,0.518749999999528],[42.92291666666577,0.514583333332908],[42.92708333333232,0.514583333332908],[42.931249999998983,0.510416666666082],[42.931249999998983,0.502083333332848],[42.918749999999193,0.489583333332746],[42.918749999999193,0.485416666666133]],[[42.918749999999193,0.485416666666133],[42.92291666666577,0.481249999999555],[42.92291666666577,0.477083333332857],[42.91458333333253,0.468749999999453],[42.91458333333253,0.46458333333284],[42.902083333332456,0.45208333333278],[42.902083333332456,0.447916666666124],[42.91458333333253,0.435416666666228]],[[42.91458333333253,0.435416666666228],[42.91458333333253,0.427083333332789],[42.906249999999034,0.418749999999427],[42.902083333332456,0.418749999999427],[42.897916666665651,0.414583333332772],[42.897916666665651,0.410416666666151],[42.893749999998988,0.406249999999496]],[[42.893749999998988,0.406249999999496],[42.893749999998988,0.402083333332882]],[[42.893749999998988,0.402083333332882],[42.897916666665651,0.397916666666092],[42.897916666665651,0.393749999999436],[42.902083333332456,0.389583333332858],[42.897916666665651,0.38541666666616],[42.889583333332411,0.38541666666616],[42.877083333332337,0.372916666666143],[42.877083333332337,0.36874999999953],[42.872916666665702,0.364583333332867],[42.872916666665702,0.360416666666083],[42.864583333332462,0.352083333332807],[42.864583333332462,0.343749999999368]],[[42.864583333332462,0.343749999999368],[42.868749999999125,0.33958333333279],[42.872916666665702,0.33958333333279],[42.88124999999917,0.331249999999514]],[[42.88124999999917,0.331249999999514],[42.872916666665702,0.322916666666075],[42.868749999999125,0.322916666666075],[42.864583333332462,0.318749999999454]],[[42.864583333332462,0.318749999999454],[42.856249999999051,0.327083333332901],[42.852083333332388,0.327083333332901],[42.847916666665725,0.322916666666075]],[[42.847916666665725,0.322916666666075],[42.839583333332513,0.314583333332841],[42.831249999999102,0.314583333332841],[42.822916666665606,0.306249999999402]],[[42.822916666665606,0.306249999999402],[42.818749999999056,0.302083333332739],[42.818749999999056,0.297916666666168],[42.814583333332394,0.293749999999548],[42.814583333332394,0.289583333332892],[42.80208333333232,0.277083333332833]],[[42.80208333333232,0.277083333332833],[42.80208333333232,0.268749999999557],[42.806249999999153,0.264583333332773]],[[42.806249999999153,0.264583333332773],[42.806249999999153,0.26041666666611],[42.80208333333232,0.256249999999497],[42.80208333333232,0.247916666666264],[42.806249999999153,0.24374999999948]],[[42.806249999999153,0.24374999999948],[42.806249999999153,0.235416666666204],[42.810416666665731,0.231249999999378],[42.810416666665731,0.214583333332868],[42.797916666665657,0.202083333332851],[42.797916666665657,0.193749999999575],[42.781249999999034,0.17708333333286],[42.777083333332371,0.17708333333286],[42.772916666665793,0.172916666666076],[42.764583333332325,0.172916666666076]]]}},
{"type":"Feature","properties":{"name":"Shabelle","section":"upstream"},"geometry":{"type":"MultiLineString","coordinates":[[[38.83333333333232,7.087499999999487],[38.84791666666581,7.072916666666011]],[[38.84791666666581,7.072916666666011],[38.860416666665685,7.060416666666079]],[[38.860416666665685,7.060416666666079],[38.856249999999108,7.056249999999459],[38.856249999999108,7.052083333332668]],[[38.856249999999108,7.052083333332668],[38.856249999999108,7.047916666666019],[38.868749999999181,7.035416666666002],[38.868749999999181,7.031249999999382],[38.872916666665844,7.027083333332719],[38.872916666665844,7.022916666666113],[38.885416666665805,7.010416666666053],[38.885416666665805,7.00624999999939]],[[38.885416666665805,7.00624999999939],[38.889583333332467,7.00208333333277],[38.889583333332467,6.997916666665951],[38.897916666665878,6.989583333332753],[38.897916666665878,6.98541666666609],[38.902083333332541,6.981249999999314],[38.906249999999204,6.981249999999314]],[[38.906249999999204,6.981249999999314],[38.914583333332416,6.97291666666603],[38.91874999999925,6.97291666666603],[38.931249999999068,6.960416666665985]],[[38.931249999999068,6.960416666665985],[38.935416666665702,6.956249999999322]],[[38.935416666665702,6.956249999999322],[38.947916666665776,6.956249999999322],[38.952083333332439,6.952083333332702],[38.960416666665822,6.952083333332702],[38.964583333332484,6.947916666666124]],[[38.964583333332484,6.947916666666124],[38.972916666665725,6.956249999999322]],[[38.972916666665725,6.956249999999322],[38.977083333332558,6.960416666665985],[38.977083333332558,6.964583333332762],[38.981249999999136,6.968749999999424],[38.985416666665799,6.968749999999424],[38.989583333332433,6.97291666666603]],[[38.989583333332433,6.97291666666603],[38.993749999999011,6.977083333332651],[38.993749999999011,6.981249999999314],[38.997916666665844,6.98541666666609],[38.993749999999011,6.989583333332753],[38.993749999999011,6.993749999999331]],[[38.993749999999011,6.993749999999331],[38.997916666665844,6.993749999999331],[39.00624999999917,7.00208333333277]],[[39.00624999999917,7.00208333333277],[39.014583333332297,7.010416666666053],[39.027083333332456,7.010416666666053],[39.039583333332502,7.022916666666113],[39.043749999999079,7.022916666666113],[39.047916666665742,7.027083333332719],[39.047916666665742,7.031249999999382]],[[39.047916666665742,7.031249999999382],[39.056249999999153,7.031249999999382]],[[39.056249999999153,7.031249999999382],[39.060416666665816,7.031249999999382],[39.064583333332394,7.027083333332719],[39.072916666665861,7.027083333332719],[39.081249999999102,7.035416666666002],[39.09791666666581,7.035416666666002]],[[39.09791666666581,7.035416666666002],[39.102083333332473,7.031249999999382]],[[39.102083333332473,7.031249999999382],[39.106249999999221,7.027083333332719]],[[39.106249999999221,7.027083333332719],[39.13124999999917,7.027083333332719]],[[39.13124999999917,7.027083333332719],[39.143749999999045,7.027083333332719],[39.147916666665793,7.031249999999382],[39.152083333332541,7.031249999999382],[39.156249999999119,7.035416666666002],[39.160416666665697,7.035416666666002],[39.16458333333253,7.03958333333258],[39.168749999999164,7.03958333333258],[39.172916666665827,7.035416666666002]],[[39.172916666665827,7.035416666666002],[39.181249999999068,7.043749999999399]],[[39.181249999999068,7.043749999999399],[39.185416666665901,7.047916666666019],[39.202083333332354,7.047916666666019],[39.210416666665765,7.056249999999459],[39.214583333332428,7.056249999999459]],[[39.214583333332428,7.056249999999459],[39.222916666665895,7.056249999999459],[39.227083333332473,7.060416666666079],[39.239583333332547,7.060416666666079]],[[39.239583333332547,7.060416666666079],[39.24374999999921,7.064583333332727],[39.252083333332422,7.064583333332727],[39.256249999999085,7.068749999999348],[39.260416666665833,7.068749999999348]],[[39.260416666665833,7.068749999999348],[39.264583333332496,7.072916666666011],[39.264583333332496,7.081249999999365],[39.281249999999204,7.097916666666087]],[[39.281249999999204,7.097916666666087],[39.289583333332445,7.097916666666087],[39.293749999999022,7.102083333332708],[39.297916666665856,7.102083333332708]],[[39.297916666665856,7.102083333332708],[39.30208333333249,7.102083333332708]],[[39.30208333333249,7.102083333332708],[39.310416666665731,7.102083333332708]],[[39.310416666665731,7.102083333332708],[39.322916666665805,7.102083333332708],[39.331249999999017,7.110416666665976],[39.335416666665679,7.110416666665976],[39.339583333332513,7.11458333333281],[39.356249999999136,7.11458333333281],[39.360416666665799,7.118749999999416]],[[39.360416666665799,7.118749999999416],[39.364583333332462,7.118749999999416],[39.368749999999125,7.122916666665994],[39.372916666665873,7.122916666665994]],[[39.372916666665873,7.122916666665994],[39.37708333333245,7.122916666665994],[39.381249999999085,7.127083333332699],[39.381249999999085,7.135416666666096],[39.385416666665748,7.139583333332716]],[[39.385416666665748,7.139583333332716],[39.389583333332411,7.139583333332716],[39.393749999999159,7.143749999999322],[39.397916666665822,7.143749999999322],[39.402083333332484,7.147916666665985]],[[39.402083333332484,7.147916666665985],[39.427083333332519,7.172916666666062]],[[39.427083333332519,7.172916666666062],[39.431249999999153,7.177083333332767]],[[39.431249999999153,7.177083333332767],[39.439583333332394,7.177083333332767],[39.443749999999056,7.181249999999345],[39.44791666666589,7.181249999999345]],[[39.44791666666589,7.181249999999345],[39.44791666666589,7.197916666666053],[39.443749999999056,7.202083333332673],[39.44791666666589,7.206249999999294],[39.44791666666589,7.210416666666113]],[[39.44791666666589,7.210416666666113],[39.44791666666589,7.214583333332691],[39.460416666665679,7.22708333333258]],[[39.460416666665679,7.22708333333258],[39.464583333332428,7.231249999999413],[39.464583333332428,7.235416666666019],[39.468749999999176,7.239583333332682],[39.468749999999176,7.243749999999473],[39.472916666665839,7.247916666666121]],[[39.472916666665839,7.247916666666121],[39.472916666665839,7.260416666666011],[39.477083333332416,7.264583333332759]],[[39.477083333332416,7.264583333332759],[39.493749999999125,7.281249999999311]],[[39.493749999999125,7.281249999999311],[39.502083333332365,7.28958333333275],[39.502083333332365,7.297916666665991]],[[39.502083333332365,7.297916666665991],[39.502083333332365,7.306249999999388],[39.506249999999199,7.310416666666093],[39.506249999999199,7.314583333332656]],[[39.506249999999199,7.314583333332656],[39.506249999999199,7.32291666666611],[39.502083333332365,7.327083333332716],[39.502083333332365,7.335416666665999]],[[39.502083333332365,7.335416666665999],[39.502083333332365,7.356249999999285]],[[39.502083333332365,7.356249999999285],[39.510416666665748,7.364583333332725]],[[39.510416666665748,7.364583333332725],[39.510416666665748,7.372916666666008],[39.514583333332496,7.377083333332784]],[[39.514583333332496,7.377083333332784],[39.514583333332496,7.381249999999405],[39.522916666665651,7.389583333332688],[39.522916666665651,7.393749999999336]],[[39.522916666665651,7.393749999999336],[39.522916666665651,7.397916666666127],[39.527083333332484,7.402083333332705],[39.53958333333253,7.402083333332705],[39.547916666665856,7.410416666665974],[39.543749999999193,7.414583333332637],[39.543749999999193,7.422916666666033]],[[39.543749999999193,7.422916666666033],[39.552083333332433,7.431249999999302]],[[39.552083333332433,7.431249999999302],[39.556249999999096,7.435416666666136],[39.556249999999096,7.439583333332756],[39.560416666665816,7.443749999999319],[39.564583333332479,7.443749999999319],[39.568749999999142,7.447916666665982],[39.572916666665719,7.447916666665982],[39.577083333332382,7.443749999999319],[39.581249999999216,7.447916666665982],[39.58541666666585,7.447916666665982],[39.589583333332428,7.452083333332602],[39.593749999999005,7.452083333332602],[39.597916666665753,7.447916666665982],[39.602083333332502,7.447916666665982]],[[39.602083333332502,7.447916666665982],[39.606249999999164,7.447916666665982],[39.614583333332376,7.456249999999422],[39.61874999999921,7.456249999999422],[39.622916666665787,7.460416666666042],[39.622916666665787,7.464583333332662],[39.639583333332496,7.481249999999385]],[[39.639583333332496,7.481249999999385],[39.664583333332445,7.481249999999385],[39.668749999999108,7.477083333332764],[39.668749999999108,7.472916666665931],[39.672916666665856,7.468749999999325],[39.677083333332519,7.468749999999325]],[[39.677083333332519,7.468749999999325],[39.689583333332422,7.468749999999325],[39.693749999999142,7.472916666665931],[39.710416666665708,7.472916666665931],[39.718749999999091,7.464583333332662],[39.735416666665827,7.464583333332662],[39.743749999999039,7.456249999999422],[39.747916666665873,7.456249999999422],[39.756249999999113,7.447916666665982],[39.760416666665776,7.447916666665982],[39.764583333332439,7.443749999999319]],[[39.764583333332439,7.443749999999319],[39.768749999999159,7.439583333332756],[39.772916666665822,7.439583333332756]],[[39.772916666665822,7.439583333332756],[39.777083333332484,7.443749999999319],[39.781249999999062,7.443749999999319],[39.785416666665725,7.447916666665982],[39.789583333332473,7.443749999999319]],[[39.789583333332473,7.443749999999319],[39.79791666666577,7.443749999999319],[39.810416666665844,7.456249999999422],[39.810416666665844,7.460416666666042]],[[39.810416666665844,7.460416666666042],[39.814583333332507,7.464583333332662],[39.818749999999085,7.464583333332662]],[[39.818749999999085,7.464583333332662],[39.822916666665634,7.468749999999325],[39.847916666665839,7.468749999999325],[39.852083333332416,7.464583333332662],[39.860416666665913,7.464583333332662]],[[39.860416666665913,7.464583333332662],[39.872916666665731,7.477083333332764]],[[39.872916666665731,7.477083333332764],[39.877083333332365,7.481249999999385],[39.889583333332439,7.481249999999385],[39.893749999999102,7.485416666665948],[39.906249999999147,7.485416666665948],[39.91041666666581,7.489583333332611],[39.94374999999917,7.489583333332611]],[[39.94374999999917,7.489583333332611],[39.952083333332382,7.489583333332611]],[[39.952083333332382,7.489583333332611],[39.960416666665878,7.489583333332611],[39.968749999999119,7.481249999999385],[39.977083333332502,7.481249999999385],[39.981249999999164,7.477083333332764],[40.002083333332479,7.477083333332764],[40.006249999999028,7.472916666665931],[40.010416666665691,7.477083333332764],[40.014583333332524,7.472916666665931],[40.018749999999102,7.472916666665931],[40.022916666665765,7.477083333332764],[40.027083333332428,7.477083333332764],[40.031249999999062,7.472916666665931],[40.03541666666581,7.472916666665931],[40.039583333332473,7.468749999999325],[40.047916666665884,7.468749999999325],[40.052083333332547,7.464583333332662],[40.077083333332496,7.464583333332662],[40.081249999999073,7.460416666666042],[40.081249999999073,7.456249999999422],[40.085416666665708,7.452083333332602],[40.085416666665708,7.447916666665982],[40.093749999999204,7.439583333332756],[40.110416666665827,7.439583333332756],[40.11458333333249,7.435416666666136],[40.156249999999091,7.435416666666136],[40.164583333332303,7.443749999999319],[40.177083333332462,7.443749999999319]],[[40.177083333332462,7.443749999999319],[40.185416666665844,7.452083333332602]],[[40.185416666665844,7.452083333332602],[40.189583333332422,7.456249999999422]],[[40.189583333332422,7.456249999999422],[40.193749999999085,7.456249999999422],[40.197916666665748,7.460416666666042],[40.206249999999159,7.460416666666042],[40.218749999999034,7.472916666665931],[40.222916666665867,7.472916666665931],[40.231249999999108,7.481249999999385],[40.231249999999108,7.485416666665948],[40.235416666665685,7.489583333332611]],[[40.235416666665685,7.489583333332611],[40.23958333333249,7.493749999999231],[40.252083333332394,7.493749999999231],[40.256249999999056,7.49791666666605],[40.26041666666589,7.49791666666605],[40.268749999999102,7.506249999999291],[40.268749999999102,7.51041666666611],[40.281249999999176,7.51041666666611],[40.293749999999051,7.522916666665999],[40.293749999999051,7.527083333332577]],[[40.293749999999051,7.527083333332577],[40.302083333332462,7.535416666666016],[40.302083333332462,7.539583333332679],[40.306249999999125,7.543749999999299],[40.306249999999125,7.54791666666592],[40.310416666665787,7.552083333332739]],[[40.310416666665787,7.552083333332739],[40.314583333332536,7.552083333332739],[40.318749999999085,7.54791666666592],[40.322916666665833,7.54791666666592],[40.331249999999073,7.556249999999359],[40.331249999999073,7.560416666666008],[40.335416666665822,7.564583333332799],[40.335416666665822,7.568749999999461]],[[40.335416666665822,7.568749999999461],[40.339583333332484,7.572916666666067],[40.343749999999119,7.572916666666067]],[[40.343749999999119,7.572916666666067],[40.356249999999193,7.585416666666084],[40.36041666666577,7.585416666666084],[40.364583333332433,7.589583333332747],[40.364583333332433,7.593749999999368],[40.368749999999153,7.597916666665988],[40.372916666665816,7.597916666665988],[40.377083333332479,7.602083333332637],[40.381249999999056,7.602083333332637]],[[40.381249999999056,7.602083333332637],[40.385416666665719,7.606249999999427],[40.393749999999187,7.606249999999427],[40.397916666665765,7.61041666666609]],[[40.397916666665765,7.61041666666609],[40.393749999999187,7.614583333332696],[40.402083333332342,7.62291666666615],[40.418749999999079,7.62291666666615],[40.422916666665714,7.627083333332713],[40.422916666665714,7.631249999999376],[40.427083333332376,7.631249999999376],[40.431249999999125,7.635416666665996],[40.435416666665787,7.635416666665996]],[[40.435416666665787,7.635416666665996],[40.460416666665736,7.635416666665996],[40.468749999999147,7.643749999999436]],[[40.468749999999147,7.643749999999436],[40.472916666665782,7.647916666666056]],[[40.472916666665782,7.647916666666056],[40.481249999999022,7.647916666666056],[40.489583333332519,7.656249999999325]],[[40.489583333332519,7.656249999999325],[40.493749999999096,7.660416666665903]],[[40.493749999999096,7.660416666665903],[40.502083333332479,7.660416666665903],[40.506249999999227,7.664583333332764],[40.518749999999045,7.664583333332764],[40.522916666665878,7.660416666665903],[40.527083333332513,7.660416666665903],[40.531249999999091,7.656249999999325],[40.535416666665753,7.656249999999325],[40.539583333332416,7.652083333332705],[40.543749999999164,7.652083333332705],[40.552083333332376,7.660416666665903]],[[40.552083333332376,7.660416666665903],[40.552083333332376,7.664583333332764],[40.556249999999039,7.668749999999342],[40.556249999999039,7.672916666666048],[40.560416666665873,7.677083333332625],[40.560416666665873,7.693749999999334],[40.56458333333245,7.697916666666124]],[[40.56458333333245,7.697916666666124],[40.56458333333245,7.710416666665971],[40.577083333332354,7.72291666666603]],[[40.577083333332354,7.72291666666603],[40.577083333332354,7.731249999999299],[40.585416666665822,7.739583333332753],[40.585416666665822,7.747916666666022],[40.589583333332484,7.752083333332642],[40.59791666666564,7.752083333332642],[40.61041666666577,7.764583333332659]],[[40.61041666666577,7.764583333332659],[40.61041666666577,7.768749999999322],[40.618749999999181,7.777083333332762],[40.618749999999181,7.781249999999368],[40.639583333332467,7.802083333332668],[40.64374999999913,7.802083333332668]],[[40.64374999999913,7.802083333332668],[40.647916666665708,7.802083333332668]],[[40.647916666665708,7.802083333332668],[40.652083333332371,7.806249999999288],[40.660416666665753,7.806249999999288],[40.664583333332416,7.810416666666107],[40.672916666665742,7.810416666666107]],[[40.672916666665742,7.810416666666107],[40.681249999999068,7.81874999999939]],[[40.681249999999068,7.81874999999939],[40.685416666665702,7.822916666665996],[40.689583333332536,7.822916666665996],[40.693749999999199,7.827083333332617],[40.693749999999199,7.83124999999945],[40.706249999999102,7.83124999999945]],[[40.706249999999102,7.83124999999945],[40.710416666665822,7.835416666666056],[40.710416666665822,7.839583333332719],[40.714583333332484,7.843749999999339]],[[40.714583333332484,7.843749999999339],[40.714583333332484,7.852083333332736],[40.722916666665725,7.860416666666005],[40.722916666665725,7.864583333332625],[40.727083333332388,7.868749999999245],[40.727083333332388,7.877083333332685],[40.731249999999136,7.881249999999348],[40.731249999999136,7.889583333332787]],[[40.731249999999136,7.889583333332787],[40.731249999999136,7.893749999999407],[40.73541666666577,7.897916666665985],[40.731249999999136,7.902083333332634],[40.731249999999136,7.906249999999424]],[[40.731249999999136,7.906249999999424],[40.73541666666577,7.910416666666087]],[[40.73541666666577,7.910416666666087],[40.743749999999011,7.918749999999314],[40.743749999999011,7.927083333332753],[40.747916666665844,7.931249999999416],[40.75624999999917,7.931249999999416]],[[40.75624999999917,7.931249999999416],[40.768749999999216,7.943749999999433],[40.772916666665793,7.943749999999433],[40.777083333332456,7.947916666666053],[40.781249999999034,7.947916666666053],[40.789583333332502,7.956249999999322],[40.797916666665742,7.956249999999322],[40.802083333332405,7.960416666665942],[40.806249999999238,7.960416666665942]],[[40.806249999999238,7.960416666665942],[40.814583333332365,7.960416666665942]],[[40.814583333332365,7.960416666665942],[40.818749999999028,7.964583333332762],[40.822916666665861,7.960416666665942],[40.831249999999102,7.960416666665942],[40.835416666665765,7.964583333332762],[40.839583333332399,7.964583333332762],[40.843749999999147,7.960416666665942],[40.84791666666581,7.960416666665942],[40.852083333332473,7.956249999999322],[40.856249999999051,7.956249999999322]],[[40.856249999999051,7.956249999999322],[40.860416666665714,7.960416666665942],[40.868749999999096,7.960416666665942],[40.872916666665759,7.964583333332762],[40.877083333332337,7.960416666665942],[40.88124999999917,7.960416666665942],[40.885416666665833,7.956249999999322],[40.889583333332467,7.960416666665942]],[[40.889583333332467,7.960416666665942],[40.893749999999045,7.964583333332762],[40.897916666665623,7.964583333332762],[40.902083333332541,7.960416666665942],[40.906249999999119,7.960416666665942],[40.910416666665782,7.964583333332762],[40.918749999998994,7.964583333332762],[40.922916666665827,7.960416666665942],[40.927083333332405,7.960416666665942]],[[40.927083333332405,7.960416666665942],[40.931249999999068,7.964583333332762],[40.935416666665731,7.964583333332762],[40.943749999999113,7.972916666666045],[40.956249999999187,7.972916666666045],[40.960416666665765,7.968749999999382],[40.964583333332428,7.972916666666045]],[[40.964583333332428,7.972916666666045],[40.968749999999062,7.977083333332665],[40.972916666665725,7.977083333332665],[40.977083333332473,7.972916666666045],[40.981249999999136,7.972916666666045],[40.989583333332376,7.981249999999228],[40.985416666665799,7.985416666666104],[41.002083333332422,8.002083333332571],[41.006249999999085,8.002083333332571],[41.010416666665833,8.00624999999939],[41.018749999999159,8.00624999999939],[41.022916666665708,8.010416666666011],[41.031249999999204,8.010416666666011]],[[41.031249999999204,8.010416666666011],[41.035416666665867,8.010416666666011],[41.039583333332445,8.014583333332673],[41.043749999999022,8.010416666666011],[41.05208333333249,8.010416666666011],[41.060416666665731,8.01874999999945],[41.060416666665731,8.022916666666028],[41.064583333332394,8.027083333332733],[41.068749999999227,8.027083333332733],[41.072916666665776,8.031249999999297],[41.072916666665776,8.035416666665959],[41.081249999999102,8.043749999999356],[41.081249999999102,8.047916666666019],[41.085416666665679,8.052083333332639],[41.085416666665679,8.056249999999288],[41.089583333332513,8.060416666666079],[41.093749999999091,8.060416666666079]],[[41.093749999999091,8.060416666666079],[41.097916666665753,8.064583333332699],[41.097916666665753,8.068749999999348],[41.102083333332388,8.072916666665925],[41.110416666665799,8.072916666665925],[41.114583333332462,8.077083333332801],[41.13124999999917,8.077083333332801],[41.135416666665748,8.081249999999365]],[[41.135416666665748,8.081249999999365],[41.139583333332411,8.085416666665985],[41.147916666665822,8.085416666665985],[41.156249999999034,8.093749999999268],[41.156249999999034,8.097916666666087]],[[41.156249999999034,8.097916666666087],[41.160416666665697,8.102083333332708],[41.16458333333253,8.102083333332708],[41.17291666666577,8.110416666665976],[41.17291666666577,8.114583333332554],[41.177083333332348,8.11874999999943],[41.181249999998983,8.11874999999943],[41.185416666665816,8.122916666665994],[41.189583333332479,8.122916666665994],[41.193749999999056,8.127083333332614]],[[41.193749999999056,8.127083333332614],[41.197916666665719,8.131249999999447],[41.206249999999102,8.131249999999447],[41.210416666665765,8.135416666666053],[41.214583333332428,8.131249999999447],[41.214583333332428,8.127083333332614]],[[41.214583333332428,8.127083333332614],[41.218749999999005,8.122916666665994],[41.222916666665839,8.122916666665994],[41.227083333332416,8.127083333332614],[41.243749999999125,8.127083333332614],[41.247916666665787,8.131249999999447],[41.260416666665748,8.131249999999447],[41.264583333332496,8.135416666666053],[41.272916666665736,8.135416666666053],[41.285416666665782,8.147916666665942],[41.289583333332359,8.147916666665942],[41.293749999999022,8.152083333332776],[41.302083333332433,8.152083333332776]],[[41.302083333332433,8.152083333332776],[41.306249999999096,8.152083333332776],[41.310416666665645,8.156249999999396],[41.314583333332564,8.156249999999396],[41.318749999999142,8.152083333332776]],[[41.318749999999142,8.152083333332776],[41.322916666665719,8.156249999999396],[41.339583333332428,8.156249999999396],[41.343749999999091,8.152083333332776],[41.347916666665753,8.152083333332776],[41.356249999999164,8.143749999999336]],[[41.356249999999164,8.143749999999336],[41.364583333332376,8.135416666666053],[41.368749999999039,8.135416666666053]],[[41.368749999999039,8.135416666666053],[41.372916666665787,8.131249999999447],[41.385416666665691,8.131249999999447]],[[41.385416666665691,8.131249999999447],[41.393749999999159,8.122916666665994],[41.406249999998977,8.122916666665994],[41.414583333332445,8.114583333332554],[41.427083333332348,8.114583333332554]],[[41.427083333332348,8.114583333332554],[41.439583333332394,8.114583333332554],[41.443749999998971,8.11874999999943],[41.452083333332467,8.11874999999943],[41.460416666665708,8.127083333332614]],[[41.460416666665708,8.127083333332614],[41.464583333332513,8.127083333332614],[41.468749999999176,8.131249999999447],[41.481249999999079,8.131249999999447],[41.485416666665827,8.135416666666053],[41.489583333332462,8.135416666666053]],[[41.489583333332462,8.135416666666053],[41.493749999999039,8.131249999999447],[41.497916666665702,8.131249999999447],[41.502083333332536,8.127083333332614],[41.502083333332536,8.11874999999943],[41.510416666665776,8.110416666665976],[41.510416666665776,8.106249999999328],[41.514583333332439,8.102083333332708],[41.514583333332439,8.093749999999268]],[[41.514583333332439,8.093749999999268],[41.514583333332439,8.085416666665985],[41.522916666665822,8.077083333332801],[41.522916666665822,8.064583333332699],[41.527083333332484,8.060416666666079],[41.527083333332484,8.056249999999288],[41.531249999999147,8.052083333332639],[41.527083333332484,8.047916666666019],[41.531249999999147,8.043749999999356],[41.527083333332484,8.03958333333275],[41.527083333332484,8.035416666665959],[41.531249999999147,8.031249999999297],[41.531249999999147,8.027083333332733],[41.527083333332484,8.022916666666028],[41.527083333332484,7.981249999999228]],[[41.527083333332484,7.981249999999228],[41.527083333332484,7.977083333332665],[41.531249999999147,7.972916666666045],[41.535416666665725,7.972916666666045],[41.539583333332303,7.968749999999382]],[[41.539583333332303,7.968749999999382],[41.539583333332303,7.9395833333326],[41.543749999999108,7.935416666666036]],[[41.543749999999108,7.935416666666036],[41.54791666666577,7.931249999999416],[41.556249999999011,7.931249999999416]],[[41.556249999999011,7.931249999999416],[41.560416666665674,7.927083333332753],[41.560416666665674,7.910416666666087]],[[41.560416666665674,7.910416666666087],[41.560416666665674,7.906249999999424],[41.564583333332507,7.902083333332634],[41.564583333332507,7.897916666665985],[41.568749999999056,7.893749999999407],[41.564583333332507,7.889583333332787],[41.564583333332507,7.877083333332685],[41.568749999999056,7.872916666666065],[41.568749999999056,7.868749999999245],[41.572916666665719,7.864583333332625]],[[41.572916666665719,7.864583333332625],[41.572916666665719,7.852083333332736],[41.577083333332553,7.847916666665917],[41.589583333332371,7.860416666666005],[41.593749999999034,7.856249999999356],[41.593749999999034,7.852083333332736],[41.606249999999079,7.839583333332719],[41.606249999999079,7.835416666666056]],[[41.606249999999079,7.835416666666056],[41.606249999999079,7.822916666665996]],[[41.606249999999079,7.822916666665996],[41.606249999999079,7.810416666666107]],[[41.606249999999079,7.810416666666107],[41.610416666665742,7.806249999999288]],[[41.610416666665742,7.806249999999288],[41.614583333332405,7.802083333332668],[41.614583333332405,7.793749999999271]],[[41.614583333332405,7.793749999999271],[41.614583333332405,7.785416666665988],[41.610416666665742,7.781249999999368],[41.610416666665742,7.777083333332762],[41.606249999999079,7.772916666665928],[41.610416666665742,7.768749999999322],[41.610416666665742,7.764583333332659],[41.618749999999153,7.756249999999461],[41.618749999999153,7.752083333332642]],[[41.618749999999153,7.752083333332642],[41.622916666665702,7.747916666666022],[41.622916666665702,7.743749999999359],[41.631249999999028,7.735416666665962]],[[41.631249999999028,7.735416666665962],[41.635416666665861,7.731249999999299],[41.639583333332439,7.731249999999299]],[[41.639583333332439,7.731249999999299],[41.652083333332484,7.71874999999941],[41.652083333332484,7.714583333332676],[41.656249999999147,7.710416666665971]],[[41.656249999999147,7.710416666665971],[41.66041666666581,7.706249999999393],[41.664583333332388,7.706249999999393],[41.67291666666577,7.697916666666124],[41.67291666666577,7.681249999999231],[41.677083333332433,7.677083333332625],[41.69374999999917,7.677083333332625]],[[41.69374999999917,7.677083333332625],[41.697916666665805,7.677083333332625],[41.702083333332382,7.672916666666048]],[[41.702083333332382,7.672916666666048],[41.702083333332382,7.664583333332764],[41.69374999999917,7.656249999999325],[41.69374999999917,7.652083333332705],[41.689583333332337,7.647916666666056]],[[41.689583333332337,7.647916666666056],[41.697916666665805,7.639583333332602],[41.702083333332382,7.639583333332602],[41.70624999999896,7.643749999999436],[41.722916666665697,7.643749999999436]],[[41.722916666665697,7.643749999999436],[41.727083333332331,7.639583333332602],[41.727083333332331,7.631249999999376],[41.722916666665697,7.627083333332713],[41.722916666665697,7.62291666666615],[41.727083333332331,7.618749999999274]],[[41.727083333332331,7.618749999999274],[41.731249999999164,7.614583333332696],[41.739583333332405,7.614583333332696],[41.743749999999068,7.618749999999274],[41.747916666665645,7.618749999999274],[41.756249999999028,7.61041666666609],[41.756249999999028,7.606249999999427],[41.760416666665776,7.602083333332637]],[[41.760416666665776,7.602083333332637],[41.768749999999187,7.602083333332637],[41.772916666665765,7.597916666665988],[41.777083333332399,7.597916666665988],[41.781249999999062,7.593749999999368],[41.78541666666581,7.593749999999368]],[[41.78541666666581,7.593749999999368],[41.793749999999136,7.585416666666084]],[[41.793749999999136,7.585416666666084],[41.797916666665714,7.581249999999308],[41.806249999999096,7.581249999999308]],[[41.806249999999096,7.581249999999308],[41.810416666665844,7.577083333332645],[41.810416666665844,7.572916666666067],[41.814583333332422,7.568749999999461]],[[41.814583333332422,7.568749999999461],[41.818749999999,7.568749999999461],[41.822916666665833,7.564583333332799],[41.835416666665708,7.564583333332799]],[[41.835416666665708,7.564583333332799],[41.847916666665782,7.564583333332799]],[[41.847916666665782,7.564583333332799],[41.852083333332445,7.564583333332799],[41.860416666665657,7.556249999999359],[41.860416666665657,7.543749999999299],[41.856249999999022,7.539583333332679],[41.856249999999022,7.535416666666016],[41.860416666665657,7.531249999999453],[41.86458333333249,7.531249999999453]],[[41.86458333333249,7.531249999999453],[41.872916666665731,7.531249999999453],[41.881249999998971,7.522916666665999],[41.889583333332439,7.522916666665999],[41.893749999999102,7.527083333332577],[41.889583333332439,7.531249999999453],[41.889583333332439,7.535416666666016],[41.893749999999102,7.539583333332679],[41.902083333332428,7.539583333332679],[41.910416666665725,7.531249999999453],[41.910416666665725,7.527083333332577],[41.914583333332388,7.522916666665999],[41.922916666665799,7.522916666665999],[41.931249999999039,7.531249999999453],[41.931249999999039,7.535416666666016],[41.935416666665674,7.539583333332679],[41.939583333332507,7.539583333332679],[41.947916666665748,7.531249999999453]],[[41.947916666665748,7.531249999999453],[41.952083333332325,7.535416666666016],[41.952083333332325,7.543749999999299],[41.956249999999159,7.54791666666592]],[[41.956249999999159,7.54791666666592],[41.964583333332371,7.54791666666592]],[[41.964583333332371,7.54791666666592],[41.972916666665867,7.54791666666592],[41.985416666665685,7.535416666666016],[41.993749999999153,7.535416666666016],[41.997916666665816,7.539583333332679]],[[41.997916666665816,7.539583333332679],[42.002083333332394,7.543749999999299],[42.006249999999056,7.543749999999299],[42.010416666665861,7.54791666666592],[42.014583333332439,7.54791666666592],[42.018749999999102,7.543749999999299],[42.022916666665765,7.54791666666592],[42.022916666665765,7.552083333332739],[42.018749999999102,7.556249999999359],[42.018749999999102,7.564583333332799],[42.022916666665765,7.568749999999461],[42.027083333332342,7.564583333332799]],[[42.027083333332342,7.564583333332799],[42.035416666665753,7.556249999999359],[42.035416666665753,7.552083333332739],[42.039583333332388,7.54791666666592],[42.039583333332388,7.543749999999299],[42.043749999999051,7.539583333332679],[42.047916666665628,7.539583333332679]],[[42.047916666665628,7.539583333332679],[42.052083333332462,7.535416666666016],[42.052083333332462,7.518749999999393],[42.056249999999125,7.51458333333273],[42.068749999998914,7.51458333333273],[42.072916666665833,7.51041666666611],[42.072916666665833,7.506249999999291]],[[42.072916666665833,7.506249999999291],[42.085416666665822,7.493749999999231],[42.093749999999119,7.493749999999231]],[[42.093749999999119,7.493749999999231],[42.097916666665697,7.489583333332611]],[[42.097916666665697,7.489583333332611],[42.102083333332359,7.485416666665948]],[[42.102083333332359,7.485416666665948],[42.102083333332359,7.481249999999385],[42.097916666665697,7.477083333332764],[42.097916666665697,7.472916666665931],[42.102083333332359,7.468749999999325],[42.097916666665697,7.464583333332662],[42.097916666665697,7.456249999999422],[42.102083333332359,7.452083333332602],[42.114583333332433,7.452083333332602],[42.118749999998983,7.447916666665982],[42.135416666665719,7.447916666665982],[42.139583333332382,7.443749999999319]],[[42.139583333332382,7.443749999999319],[42.143749999999187,7.439583333332756],[42.143749999999187,7.435416666666136],[42.135416666665719,7.427083333332696]],[[42.135416666665719,7.427083333332696],[42.143749999999187,7.418749999999413],[42.160416666665668,7.418749999999413]],[[42.160416666665668,7.418749999999413],[42.168749999999051,7.418749999999413]],[[42.168749999999051,7.418749999999413],[42.172916666665714,7.414583333332637],[42.177083333332376,7.414583333332637],[42.181249999998954,7.410416666665974],[42.181249999998954,7.402083333332705],[42.177083333332376,7.397916666666127],[42.181249999998954,7.393749999999336],[42.181249999998954,7.385416666666067],[42.185416666665787,7.381249999999405]],[[42.185416666665787,7.381249999999405],[42.185416666665787,7.368749999999345],[42.18958333333245,7.364583333332725],[42.18958333333245,7.360416666665905],[42.181249999998954,7.352083333332708],[42.181249999998954,7.335416666665999],[42.177083333332376,7.331249999999379]],[[42.177083333332376,7.331249999999379],[42.172916666665714,7.327083333332716],[42.177083333332376,7.32291666666611],[42.181249999998954,7.32291666666611],[42.185416666665787,7.318749999999277]],[[42.185416666665787,7.318749999999277],[42.197916666665662,7.306249999999388]],[[42.197916666665662,7.306249999999388],[42.20208333333224,7.30208333333281],[42.206249999999159,7.30208333333281],[42.218749999999147,7.28958333333275],[42.218749999999147,7.285416666666087],[42.222916666665782,7.281249999999311],[42.222916666665782,7.268749999999464]],[[42.222916666665782,7.268749999999464],[42.222916666665782,7.260416666666011],[42.231249999999022,7.252083333332742],[42.231249999999022,7.239583333332682]],[[42.231249999999022,7.239583333332682],[42.235416666665685,7.235416666666019]],[[42.235416666665685,7.235416666666019],[42.231249999999022,7.231249999999413],[42.231249999999022,7.222916666665959]],[[42.231249999999022,7.222916666665959],[42.231249999999022,7.202083333332673],[42.222916666665782,7.193749999999405],[42.222916666665782,7.181249999999345],[42.227083333332445,7.177083333332767]],[[42.227083333332445,7.177083333332767],[42.227083333332445,7.160416666666045]],[[42.227083333332445,7.160416666666045],[42.227083333332445,7.143749999999322]],[[42.227083333332445,7.143749999999322],[42.227083333332445,7.135416666666096],[42.222916666665782,7.131249999999433],[42.222916666665782,7.11458333333281]],[[42.222916666665782,7.11458333333281],[42.222916666665782,7.110416666665976],[42.218749999999147,7.106249999999356],[42.218749999999147,7.102083333332708],[42.214583333332399,7.097916666666087]],[[42.214583333332399,7.097916666666087],[42.20208333333224,7.08541666666607],[42.193749999999113,7.08541666666607],[42.18958333333245,7.081249999999365]],[[42.18958333333245,7.081249999999365],[42.18958333333245,7.068749999999348],[42.177083333332376,7.056249999999459]],[[42.177083333332376,7.056249999999459],[42.172916666665714,7.052083333332668],[42.172916666665714,7.03958333333258]],[[42.172916666665714,7.03958333333258],[42.172916666665714,7.035416666666002],[42.177083333332376,7.031249999999382]],[[42.177083333332376,7.031249999999382],[42.181249999998954,7.027083333332719],[42.181249999998954,7.01874999999928],[42.185416666665787,7.014583333332659]],[[42.185416666665787,7.014583333332659],[42.185416666665787,7.00208333333277],[42.177083333332376,6.993749999999331]],[[42.177083333332376,6.993749999999331],[42.172916666665714,6.993749999999331],[42.164583333332502,6.98541666666609],[42.164583333332502,6.981249999999314],[42.160416666665668,6.977083333332651],[42.164583333332502,6.97291666666603],[42.164583333332502,6.968749999999424],[42.168749999999051,6.964583333332762],[42.168749999999051,6.952083333332702],[42.164583333332502,6.947916666666124]],[[42.164583333332502,6.947916666666124],[42.160416666665668,6.947916666666124]],[[42.160416666665668,6.947916666666124],[42.156249999999091,6.952083333332702],[42.143749999999187,6.952083333332702],[42.131249999999142,6.939583333332685],[42.127083333332479,6.939583333332685]],[[42.127083333332479,6.939583333332685],[42.122916666665645,6.935416666666022],[42.122916666665645,6.931249999999416]],[[42.122916666665645,6.931249999999416],[42.127083333332479,6.927083333332796],[42.135416666665719,6.927083333332796],[42.139583333332382,6.922916666666133],[42.139583333332382,6.918749999999356],[42.122916666665645,6.902083333332634]],[[42.122916666665645,6.902083333332634],[42.114583333332433,6.910416666666073],[42.110416666665856,6.910416666666073],[42.097916666665697,6.897916666666056],[42.093749999999119,6.897916666666056],[42.089583333332456,6.893749999999407]],[[42.089583333332456,6.893749999999407],[42.089583333332456,6.885416666665954],[42.093749999999119,6.881249999999348],[42.093749999999119,6.860416666666005]],[[42.093749999999119,6.860416666666005],[42.093749999999119,6.856249999999427],[42.085416666665822,6.847916666665988],[42.077083333332411,6.847916666665988]],[[42.077083333332411,6.847916666665988],[42.072916666665833,6.843749999999325],[42.072916666665833,6.822916666665996],[42.077083333332411,6.818749999999376],[42.077083333332411,6.814583333332813],[42.081249999999073,6.81041666666615]],[[42.081249999999073,6.81041666666615],[42.081249999999073,6.79374999999947],[42.077083333332411,6.789583333332651],[42.077083333332411,6.78541666666603],[42.068749999998914,6.777083333332747]],[[42.068749999998914,6.777083333332747],[42.064583333332365,6.772916666665971]],[[42.064583333332365,6.772916666665971],[42.064583333332365,6.760416666666082],[42.072916666665833,6.752083333332671],[42.064583333332365,6.743749999999402],[42.060416666665787,6.743749999999402],[42.056249999999125,6.739583333332739]],[[42.056249999999125,6.739583333332739],[42.052083333332462,6.735416666666133]],[[42.052083333332462,6.735416666666133],[42.052083333332462,6.714583333332662],[42.056249999999125,6.710416666666056]],[[42.056249999999125,6.710416666666056],[42.052083333332462,6.706249999999393]],[[42.052083333332462,6.706249999999393],[42.052083333332462,6.702083333332773],[42.035416666665753,6.685416666666065]],[[42.035416666665753,6.685416666666065],[42.035416666665753,6.664583333332764],[42.031249999999176,6.660416666665988],[42.027083333332342,6.660416666665988],[42.018749999999102,6.652083333332705]],[[42.018749999999102,6.652083333332705],[42.018749999999102,6.647916666666084],[42.022916666665765,6.643749999999436],[42.022916666665765,6.635416666665982]],[[42.022916666665765,6.635416666665982],[42.022916666665765,6.627083333332799],[42.035416666665753,6.614583333332696],[42.035416666665753,6.610416666666076]],[[42.035416666665753,6.610416666666076],[42.035416666665753,6.60624999999947],[42.047916666665628,6.593749999999368]],[[42.047916666665628,6.593749999999368],[42.056249999999125,6.585416666665914],[42.060416666665787,6.58958333333279],[42.068749999998914,6.581249999999351]],[[42.068749999998914,6.581249999999351],[42.068749999998914,6.568749999999447]],[[42.068749999998914,6.568749999999447],[42.072916666665833,6.564583333332628],[42.077083333332411,6.564583333332628],[42.081249999999073,6.568749999999447],[42.089583333332456,6.568749999999447]],[[42.089583333332456,6.568749999999447],[42.093749999999119,6.564583333332628]],[[42.093749999999119,6.564583333332628],[42.102083333332359,6.564583333332628],[42.106249999999193,6.560416666666008]],[[42.106249999999193,6.560416666666008],[42.106249999999193,6.556249999999388],[42.110416666665856,6.552083333332739],[42.110416666665856,6.547916666666119]],[[42.110416666665856,6.547916666666119],[42.110416666665856,6.539583333332722],[42.118749999998983,6.531249999999439],[42.122916666665645,6.531249999999439]],[[42.122916666665645,6.531249999999439],[42.122916666665645,6.522916666665999]],[[42.122916666665645,6.522916666665999],[42.122916666665645,6.502083333332671],[42.127083333332479,6.49791666666605]],[[42.127083333332479,6.49791666666605],[42.127083333332479,6.48958333333281]],[[42.127083333332479,6.48958333333281],[42.127083333332479,6.485416666666033],[42.131249999999142,6.48124999999937],[42.131249999999142,6.472916666665974]],[[42.131249999999142,6.472916666665974],[42.143749999999187,6.460416666666042],[42.147916666665765,6.460416666666042]],[[42.147916666665765,6.460416666666042],[42.152083333332428,6.456249999999422],[42.156249999999091,6.456249999999422],[42.160416666665668,6.452083333332673],[42.177083333332376,6.452083333332673],[42.181249999998954,6.447916666666025]],[[42.181249999998954,6.447916666666025],[42.185416666665787,6.443749999999405],[42.185416666665787,6.439583333332742]],[[42.185416666665787,6.439583333332742],[42.18958333333245,6.435416666666136],[42.206249999999159,6.435416666666136]],[[42.206249999999159,6.435416666666136],[42.210416666665736,6.435416666666136],[42.214583333332399,6.431249999999345]],[[42.214583333332399,6.431249999999345],[42.218749999999147,6.427083333332682],[42.218749999999147,6.414583333332793],[42.222916666665782,6.410416666666059]],[[42.222916666665782,6.410416666666059],[42.235416666665685,6.410416666666059],[42.239583333332519,6.406249999999353],[42.239583333332519,6.402083333332776],[42.243749999999096,6.397916666665957],[42.235416666665685,6.389583333332716]],[[42.235416666665685,6.389583333332716],[42.239583333332519,6.385416666666067]],[[42.239583333332519,6.385416666666067],[42.247916666665731,6.385416666666067],[42.252083333332308,6.381249999999447],[42.260416666665805,6.389583333332716]],[[42.260416666665805,6.389583333332716],[42.264583333332382,6.389583333332716],[42.268749999999045,6.385416666666067]],[[42.268749999999045,6.385416666666067],[42.268749999999045,6.377083333332614],[42.27291666666585,6.372916666666008],[42.27291666666585,6.36874999999943],[42.277083333332513,6.364583333332725],[42.277083333332513,6.360416666666147],[42.281249999999091,6.356249999999328],[42.285416666665753,6.356249999999328]],[[42.285416666665753,6.356249999999328],[42.289583333332416,6.352083333332708],[42.289583333332416,6.347916666666087],[42.293749999999164,6.343749999999439]],[[42.293749999999164,6.343749999999439],[42.302083333332376,6.343749999999439],[42.306249999999039,6.339583333332648],[42.306249999999039,6.335416666665985],[42.310416666665702,6.331249999999379],[42.318749999999113,6.339583333332648],[42.335416666665822,6.339583333332648],[42.339583333332484,6.335416666665985],[42.339583333332484,6.327083333332759]],[[42.339583333332484,6.327083333332759],[42.343749999999062,6.322916666666096],[42.352083333332445,6.322916666666096],[42.356249999999108,6.327083333332759],[42.364583333332348,6.327083333332759]],[[42.364583333332348,6.327083333332759],[42.368749999999011,6.327083333332759],[42.377083333332394,6.318749999999362]],[[42.377083333332394,6.318749999999362],[42.385416666665719,6.327083333332759]],[[42.385416666665719,6.327083333332759],[42.389583333332297,6.327083333332759],[42.397916666665708,6.318749999999362],[42.406249999999176,6.318749999999362]],[[42.406249999999176,6.318749999999362],[42.418749999999079,6.306249999999473],[42.422916666665742,6.310416666666079],[42.42708333333249,6.306249999999473],[42.431249999999125,6.306249999999473],[42.435416666665702,6.310416666666079],[42.439583333332365,6.310416666666079],[42.443749999999028,6.306249999999473],[42.447916666665776,6.310416666666079],[42.460416666665651,6.310416666666079],[42.464583333332484,6.306249999999473],[42.468749999999147,6.306249999999473],[42.47291666666581,6.310416666666079],[42.477083333332388,6.306249999999473]],[[42.477083333332388,6.306249999999473],[42.48541666666577,6.297916666666019],[42.489583333332433,6.30208333333281],[42.502083333332337,6.30208333333281],[42.506249999999142,6.306249999999473],[42.510416666665719,6.306249999999473]],[[42.510416666665719,6.306249999999473],[42.518749999999216,6.297916666666019]],[[42.518749999999216,6.297916666666019],[42.531249999999034,6.297916666666019]],[[42.531249999999034,6.297916666666019],[42.535416666665668,6.29374999999937],[42.543749999999079,6.29374999999937]],[[42.543749999999079,6.29374999999937],[42.560416666665787,6.277083333332733]],[[42.560416666665787,6.277083333332733],[42.572916666665691,6.277083333332733]],[[42.572916666665691,6.277083333332733],[42.577083333332354,6.277083333332733],[42.581249999999102,6.281249999999311],[42.585416666665736,6.277083333332733],[42.59791666666581,6.277083333332733]],[[42.59791666666581,6.277083333332733],[42.606249999999051,6.26874999999945]],[[42.606249999999051,6.26874999999945],[42.614583333332433,6.26874999999945]],[[42.614583333332433,6.26874999999945],[42.618749999999181,6.272916666666028],[42.635416666665833,6.272916666666028]],[[42.635416666665833,6.272916666666028],[42.652083333332541,6.272916666666028]],[[42.652083333332541,6.272916666666028],[42.656249999999119,6.26874999999945]],[[42.656249999999119,6.26874999999945],[42.660416666665782,6.26874999999945],[42.664583333332359,6.272916666666028],[42.672916666665827,6.272916666666028],[42.677083333332405,6.277083333332733],[42.681249999999068,6.277083333332733]],[[42.681249999999068,6.277083333332733],[42.693749999999113,6.264583333332588],[42.697916666665776,6.26874999999945],[42.702083333332439,6.26874999999945]],[[42.702083333332439,6.26874999999945],[42.706249999999017,6.264583333332588],[42.718749999999062,6.264583333332588],[42.722916666665725,6.260416666666011]],[[42.722916666665725,6.260416666666011],[42.727083333332473,6.25624999999939],[42.731249999999136,6.25624999999939],[42.735416666665799,6.252083333332742],[42.739583333332376,6.252083333332742],[42.756249999999085,6.235416666666062]],[[42.756249999999085,6.235416666666062],[42.756249999999085,6.231249999999399],[42.760416666665662,6.227083333332835],[42.764583333332325,6.227083333332835],[42.785416666665867,6.206249999999322],[42.785416666665867,6.202083333332673]],[[42.785416666665867,6.202083333332673],[42.797916666665657,6.18958333333277]],[[42.797916666665657,6.18958333333277],[42.797916666665657,6.185416666665994],[42.80208333333232,6.181249999999331],[42.80208333333232,6.168749999999484]],[[42.80208333333232,6.168749999999484],[42.806249999999153,6.164583333332693],[42.806249999999153,6.160416666666045],[42.810416666665731,6.156249999999424],[42.814583333332394,6.156249999999424],[42.827083333332439,6.143749999999365]],[[42.827083333332439,6.143749999999365],[42.839583333332513,6.143749999999365],[42.84374999999892,6.139583333332702],[42.847916666665725,6.139583333332702],[42.852083333332388,6.143749999999365]],[[42.852083333332388,6.143749999999365],[42.856249999999051,6.139583333332702],[42.864583333332462,6.139583333332702],[42.868749999999125,6.135416666666138],[42.872916666665702,6.139583333332702],[42.877083333332337,6.139583333332702],[42.88124999999917,6.135416666666138]],[[42.88124999999917,6.135416666666138],[42.889583333332411,6.127083333332685]],[[42.889583333332411,6.127083333332685],[42.893749999998988,6.127083333332685],[42.902083333332456,6.118749999999416],[42.910416666665697,6.118749999999416]],[[42.910416666665697,6.118749999999416],[42.918749999999193,6.118749999999416],[42.92708333333232,6.110416666666019]],[[42.92708333333232,6.110416666666019],[42.931249999998983,6.106249999999356]],[[42.931249999998983,6.106249999999356],[42.935416666665816,6.106249999999356],[42.952083333332354,6.089583333332719],[42.956249999999102,6.089583333332719]],[[42.956249999999102,6.089583333332719],[42.964583333332428,6.089583333332719],[42.968749999999005,6.08541666666607],[42.972916666665839,6.08541666666607],[42.981249999999051,6.077083333332617]],[[42.981249999999051,6.077083333332617],[42.989583333332291,6.077083333332617],[42.993749999999125,6.08124999999945],[43.00208333333245,6.08124999999945],[43.006249999999,6.077083333332617],[43.014583333332496,6.077083333332617],[43.039583333332359,6.052083333332668]],[[43.039583333332359,6.052083333332668],[43.043749999999022,6.056249999999288],[43.056249999999068,6.056249999999288],[43.068749999999142,6.043749999999442]],[[43.068749999999142,6.043749999999442],[43.072916666665805,6.039583333332821],[43.081249999999045,6.039583333332821],[43.085416666665679,6.043749999999442],[43.093749999999091,6.035416666665988],[43.097916666665753,6.035416666665988]],[[43.097916666665753,6.035416666665988],[43.102083333332331,6.031249999999382]],[[43.102083333332331,6.031249999999382],[43.118749999999039,6.031249999999382],[43.122916666665617,6.027083333332762],[43.122916666665617,6.022916666666099]],[[43.122916666665617,6.022916666666099],[43.12708333333245,6.018749999999322],[43.139583333332325,6.018749999999322],[43.143749999998988,6.014583333332659]],[[43.143749999998988,6.014583333332659],[43.152083333332399,6.006249999999476],[43.156249999999062,6.006249999999476],[43.168749999999108,5.993749999999373],[43.168749999999108,5.989583333332753],[43.177083333332348,5.989583333332753]],[[43.177083333332348,5.989583333332753],[43.185416666665731,5.98124999999947]],[[43.185416666665731,5.98124999999947],[43.193749999999056,5.98124999999947],[43.206249999999045,5.96874999999941],[43.214583333332342,5.96874999999941],[43.222916666665753,5.960416666665971]],[[43.222916666665753,5.960416666665971],[43.239583333332462,5.943749999999305]],[[43.239583333332462,5.943749999999305],[43.247916666665702,5.952083333332745],[43.252083333332365,5.952083333332745],[43.256249999999113,5.956249999999393],[43.310416666665674,5.956249999999393],[43.314583333332479,5.952083333332745],[43.322916666665719,5.952083333332745],[43.327083333332382,5.956249999999393]],[[43.327083333332382,5.956249999999393],[43.339583333332371,5.956249999999393],[43.343749999999005,5.952083333332745],[43.360416666665742,5.952083333332745],[43.364583333332405,5.956249999999393]],[[43.364583333332405,5.956249999999393],[43.385416666665691,5.956249999999393],[43.389583333332439,5.960416666665971],[43.393749999999073,5.956249999999393],[43.406249999998977,5.956249999999393],[43.41041666666581,5.960416666665971],[43.418749999999051,5.960416666665971],[43.4229166666656,5.956249999999393],[43.439583333332337,5.956249999999393]],[[43.439583333332337,5.956249999999393],[43.443749999999,5.956249999999393],[43.447916666665805,5.952083333332745],[43.460416666665708,5.952083333332745],[43.464583333332286,5.956249999999393],[43.481249999999164,5.956249999999393]],[[43.481249999999164,5.956249999999393],[43.50208333333245,5.935416666666065],[43.510416666665776,5.935416666666065]],[[43.510416666665776,5.935416666666065],[43.514583333332354,5.935416666666065],[43.518749999999017,5.939583333332685],[43.522916666665765,5.939583333332685],[43.527083333332399,5.943749999999305],[43.53541666666564,5.943749999999305],[43.543749999999136,5.935416666666065],[43.543749999999136,5.931249999999402],[43.560416666665844,5.914583333332779]],[[43.560416666665844,5.914583333332779],[43.564583333332422,5.910416666666073],[43.572916666665662,5.910416666666073],[43.58124999999913,5.902083333332676],[43.58124999999913,5.897916666666056]],[[43.58124999999913,5.897916666666056],[43.589583333332371,5.889583333332787],[43.593749999999034,5.889583333332787],[43.602083333332445,5.881249999999334],[43.602083333332445,5.877083333332727],[43.606249999998994,5.87291666666615],[43.610416666665657,5.87291666666615],[43.61458333333249,5.868749999999444],[43.622916666665731,5.868749999999444],[43.631249999998943,5.860416666666048],[43.639583333332439,5.860416666666048],[43.647916666665679,5.868749999999444],[43.647916666665679,5.87291666666615],[43.656249999999062,5.87291666666615]],[[43.656249999999062,5.87291666666615],[43.660416666665725,5.868749999999444],[43.664583333332388,5.868749999999444],[43.668749999999136,5.87291666666615],[43.672916666665799,5.87291666666615],[43.677083333332462,5.868749999999444],[43.681249999999039,5.868749999999444],[43.685416666665674,5.86458333333271],[43.697916666665748,5.86458333333271]],[[43.697916666665748,5.86458333333271],[43.702083333332325,5.86458333333271],[43.714583333332456,5.852083333332807],[43.714583333332456,5.843749999999368],[43.722916666665697,5.835416666666099]],[[43.722916666665697,5.835416666666099],[43.727083333332359,5.831249999999308],[43.722916666665697,5.827083333332645],[43.722916666665697,5.822916666666082],[43.718749999999034,5.818749999999376]],[[43.718749999999034,5.818749999999376],[43.722916666665697,5.814583333332799],[43.727083333332359,5.814583333332799],[43.731249999999108,5.810416666666022],[43.731249999999108,5.806249999999359]],[[43.731249999999108,5.806249999999359],[43.743749999998983,5.79374999999947],[43.747916666665816,5.79374999999947],[43.756249999999056,5.78541666666603],[43.764583333332268,5.78541666666603]],[[43.764583333332268,5.78541666666603],[43.768749999999102,5.781249999999453],[43.772916666665765,5.781249999999453],[43.781249999999005,5.772916666666013],[43.785416666665583,5.772916666666013],[43.789583333332388,5.768749999999393],[43.793749999999051,5.768749999999393],[43.797916666665714,5.76458333333273],[43.802083333332462,5.768749999999393],[43.810416666665787,5.76041666666611],[43.814583333332337,5.76041666666611],[43.818749999999,5.756249999999291],[43.822916666665833,5.76041666666611]],[[43.822916666665833,5.76041666666611],[43.827083333332411,5.756249999999291],[43.831249999999073,5.756249999999291],[43.839583333332286,5.74791666666605],[43.852083333332359,5.74791666666605],[43.856249999999193,5.752083333332671],[43.860416666665685,5.752083333332671],[43.864583333332405,5.756249999999291],[43.877083333332479,5.756249999999291]],[[43.877083333332479,5.756249999999291],[43.885416666665719,5.74791666666605],[43.885416666665719,5.739583333332781],[43.889583333332382,5.735416666665962],[43.889583333332382,5.731249999999385],[43.885416666665719,5.727083333332764],[43.885416666665719,5.718749999999496],[43.893749999999017,5.710416666666042]],[[43.893749999999017,5.710416666666042],[43.897916666665765,5.706249999999436],[43.897916666665765,5.702083333332773],[43.902083333332428,5.697916666665982]],[[43.902083333332428,5.697916666665982],[43.906249999999091,5.693749999999334],[43.910416666665668,5.693749999999334]],[[43.910416666665668,5.693749999999334],[43.922916666665799,5.681249999999473]],[[43.922916666665799,5.681249999999473],[43.931249999998954,5.681249999999473],[43.935416666665787,5.677083333332696],[43.93958333333245,5.681249999999473],[43.989583333332519,5.681249999999473],[43.993749999999153,5.677083333332696]],[[43.993749999999153,5.677083333332696],[43.997916666665731,5.672916666666033],[44.002083333332394,5.672916666666033],[44.006249999999056,5.668749999999413],[44.014583333332467,5.668749999999413],[44.018749999999045,5.672916666666033],[44.031249999999091,5.672916666666033],[44.060416666665702,5.643749999999265],[44.06458333333228,5.643749999999265],[44.068749999999113,5.639583333332688]],[[44.068749999999113,5.639583333332688],[44.072916666665748,5.635416666666067],[44.077083333332411,5.635416666666067],[44.093749999999062,5.618749999999345],[44.093749999999062,5.614583333332739]],[[44.093749999999062,5.614583333332739],[44.102083333332274,5.606249999999456],[44.106249999998937,5.606249999999456],[44.11041666666577,5.610416666666076],[44.114583333332348,5.610416666666076],[44.127083333332394,5.597916666666016]],[[44.127083333332394,5.597916666666016],[44.147916666665708,5.597916666666016]],[[44.147916666665708,5.597916666666016],[44.156249999999005,5.597916666666016],[44.160416666665668,5.593749999999439],[44.172916666665742,5.593749999999439],[44.177083333332462,5.597916666666016],[44.181249999999125,5.593749999999439],[44.193749999999028,5.593749999999439],[44.206249999999073,5.581249999999336],[44.210416666665651,5.581249999999336],[44.214583333332314,5.57708333333273],[44.218749999999147,5.57708333333273],[44.22291666666581,5.57291666666611]],[[44.22291666666581,5.57291666666611],[44.2354166666656,5.585416666665999],[44.252083333332337,5.585416666665999],[44.264583333332382,5.57291666666611],[44.264583333332382,5.568749999999447],[44.268749999999045,5.564583333332671],[44.268749999999045,5.55208333333281],[44.272916666665623,5.547916666666161],[44.272916666665623,5.539583333332708],[44.277083333332456,5.535416666666102],[44.277083333332456,5.531249999999481],[44.281249999999034,5.527083333332818],[44.281249999999034,5.518749999999379],[44.285416666665668,5.514583333332759],[44.285416666665668,5.510416666666025],[44.289583333332331,5.506249999999319]],[[44.289583333332331,5.506249999999319],[44.302083333332405,5.493749999999473]],[[44.302083333332405,5.493749999999473],[44.306249999999068,5.493749999999473],[44.310416666665787,5.489583333332682],[44.31458333333245,5.489583333332682],[44.318749999999113,5.485416666666033],[44.322916666665691,5.485416666666033],[44.327083333332354,5.481249999999413]],[[44.327083333332354,5.481249999999413],[44.331249999999102,5.481249999999413],[44.335416666665736,5.485416666666033],[44.34791666666564,5.485416666666033],[44.352083333332473,5.481249999999413],[44.356249999999136,5.481249999999413],[44.360416666665685,5.47708333333275],[44.364583333332263,5.47708333333275],[44.368749999999011,5.47291666666613],[44.372916666665759,5.47708333333275],[44.381249999999,5.47708333333275],[44.385416666665662,5.481249999999413],[44.393749999999045,5.481249999999413],[44.402083333332371,5.47291666666613]],[[44.402083333332371,5.47291666666613],[44.410416666665782,5.464583333332691],[44.422916666665657,5.464583333332691],[44.427083333332234,5.468749999999396],[44.431249999999068,5.464583333332691],[44.431249999999068,5.456249999999464],[44.447916666665776,5.439583333332784],[44.447916666665776,5.435416666665965],[44.452083333332439,5.431249999999345],[44.456249999999017,5.431249999999345],[44.464583333332399,5.422916666666062],[44.468749999999062,5.422916666666062],[44.477083333332303,5.414583333332622],[44.489583333332376,5.414583333332622],[44.493749999999011,5.410416666666045],[44.497916666665844,5.410416666666045],[44.502083333332507,5.406249999999439],[44.514583333332325,5.406249999999439],[44.51874999999913,5.402083333332776],[44.531249999999034,5.402083333332776],[44.535416666665697,5.397916666666156],[44.539583333332445,5.397916666666156],[44.543749999999079,5.393749999999336],[44.547916666665657,5.393749999999336]],[[44.547916666665657,5.393749999999336],[44.55208333333232,5.389583333332716],[44.556249999998983,5.389583333332716],[44.581249999999102,5.36458333333281]],[[44.581249999999102,5.36458333333281],[44.597916666665725,5.347916666666087],[44.597916666665725,5.339583333332818],[44.602083333332388,5.335416666666028]],[[44.602083333332388,5.335416666666028],[44.602083333332388,5.327083333332801],[44.610416666665628,5.318749999999348],[44.618749999999125,5.318749999999348],[44.63124999999917,5.306249999999459],[44.635416666665833,5.306249999999459],[44.635416666665833,5.302083333332639],[44.643749999998988,5.293749999999399]],[[44.643749999998988,5.293749999999399],[44.652083333332456,5.285416666666173]],[[44.652083333332456,5.285416666666173],[44.647916666665623,5.281249999999297]],[[44.647916666665623,5.281249999999297],[44.656249999999119,5.272916666666113],[44.664583333332359,5.272916666666113],[44.668749999999022,5.26874999999945]],[[44.668749999999022,5.26874999999945],[44.677083333332405,5.260416666666011]],[[44.677083333332405,5.260416666666011],[44.681249999999068,5.260416666666011],[44.685416666665645,5.25624999999939],[44.718749999999091,5.25624999999939]],[[44.718749999999091,5.25624999999939],[44.722916666665668,5.25208333333277],[44.722916666665668,5.247916666666121],[44.727083333332217,5.247916666666121],[44.760416666665662,5.214583333332762]],[[44.760416666665662,5.214583333332762],[44.760416666665662,5.206249999999493]],[[44.760416666665662,5.206249999999493],[44.760416666665662,5.197916666666053],[44.777083333332314,5.181249999999416]],[[44.777083333332314,5.181249999999416],[44.781249999998948,5.177083333332753],[44.781249999998948,5.172916666666133]],[[44.781249999998948,5.172916666666133],[44.785416666665782,5.168749999999356],[44.785416666665782,5.156249999999424],[44.789583333332359,5.152083333332804],[44.789583333332359,5.131249999999348]],[[44.789583333332359,5.131249999999348],[44.789583333332359,5.127083333332727],[44.793749999999022,5.122916666666065]],[[44.793749999999022,5.122916666666065],[44.797916666665685,5.118749999999459]],[[44.797916666665685,5.118749999999459],[44.806249999999068,5.118749999999459]],[[44.806249999999068,5.118749999999459],[44.810416666665731,5.114583333332625],[44.814583333332394,5.114583333332625],[44.822916666665805,5.106249999999442],[44.827083333332382,5.106249999999442],[44.839583333332428,5.093749999999339],[44.839583333332428,5.085416666666099],[44.856249999998965,5.06874999999939]],[[44.856249999998965,5.06874999999939],[44.860416666665714,5.06874999999939],[44.864583333332462,5.064583333332813],[44.868749999999039,5.064583333332813],[44.872916666665617,5.06874999999939],[44.87708333333228,5.06874999999939],[44.881249999999085,5.072916666665996],[44.897916666665822,5.072916666665996],[44.906249999999062,5.064583333332813],[44.906249999999062,5.056249999999373]],[[44.906249999999062,5.056249999999373],[44.910416666665611,5.05208333333271],[44.93541666666556,5.05208333333271],[44.939583333332394,5.04791666666609],[44.947916666665719,5.04791666666609]],[[44.947916666665719,5.04791666666609],[44.960416666665679,5.03541666666603],[44.964583333332342,5.03541666666603],[44.972916666665753,5.027083333332762]],[[44.972916666665753,5.027083333332762],[44.972916666665753,5.014583333332745]],[[44.972916666665753,5.014583333332745],[44.972916666665753,5.010416666666039],[44.997916666665787,4.985416666666133],[44.997916666665787,4.981249999999299],[45.006249999998943,4.972916666666116],[45.006249999998943,4.96874999999941],[45.010416666665606,4.964583333332833],[45.014583333332411,4.964583333332833],[45.022916666665651,4.956249999999393],[45.022916666665651,4.947916666666124],[45.018749999999073,4.943749999999334],[45.018749999999073,4.922916666666048],[45.014583333332411,4.918749999999342]]]}}
]
}
